video_irisdo_norm_mean,video_irisdo_norm_std,video_eso_norm_mean,video_eso_norm_std,video_enso_norm_mean,video_enso_norm_std,video_mnso_norm_mean,video_mnso_norm_std,video_mwo_norm_mean,video_mwo_norm_std
0.0632249783159229,0.0150816688179136,0.7230669203519606,0.010663927676371,0.5398584902306496,0.0130760650462286,0.138211126780186,0.0061354318337389,0.6420248216073696,0.0246287912295144
0.0636625747917722,0.0108497812612582,0.7335311246796987,0.0039881592287082,0.5566991537095124,0.0083593529831333,0.1335949359696487,0.003283818578258,0.6277721330960091,0.0111194790179092
0.0823753085978814,0.006136116603223,0.7417936845864361,0.0027750014636028,0.5745721227755115,0.00309620246524,0.1413850845122373,0.0046736665561332,0.6148246455877421,0.0113024219231555
0.0806004544774106,0.0106290974908877,0.7398547923516022,0.0026138324686805,0.5776416094730957,0.0060923187286636,0.1447610494594987,0.0029090130384925,0.6156271472670768,0.009340598474841
0.0875692907510841,0.0037566612640179,0.740239496679368,0.0020547202777232,0.5788822609558898,0.0049293847681898,0.1428843660638228,0.0032354415713073,0.6090709467010066,0.0134031905024123
0.0691427719380335,0.0189972805560217,0.7371533703039279,0.0111464037817209,0.5660358246364813,0.0158431528643462,0.1485238797101547,0.0029510553936983,0.6034256642419413,0.0172232315744903
0.0579583486728044,0.0205547115293027,0.7346485144522261,0.0070495799048867,0.565445940979396,0.0106748665672354,0.1460253850184983,0.005952592492063,0.6075125329813373,0.0134284382258948
0.0705436848268216,0.0197099624879283,0.738589065800652,0.0082653668646672,0.5718589533587739,0.0133219604526992,0.1443294820584029,0.0053915638180821,0.6333718579697026,0.0268101839572006
0.0722854833006273,0.010649839446921,0.7376676223446983,0.0042748127851394,0.570172932086144,0.0060403603186395,0.1392226326612955,0.0034307797740005,0.6240287513541548,0.0167629087625793
0.0790222153333447,0.0067657795674217,0.7417943000916455,0.0029911056140474,0.5708393573082154,0.0042503624812787,0.147063314043982,0.0027196339466381,0.6164280815919511,0.0106675704195799
0.0762156916295174,0.0062389671514978,0.7381250947169831,0.0047692986956093,0.5768398928924945,0.0058885975094771,0.1453643510991611,0.012224546362704,0.6208944312775141,0.041051023130437
0.0758506035666198,0.0079249022551721,0.7398131431236212,0.0026281549602132,0.5713382049325243,0.0037146774886379,0.1424942179317531,0.0038651027892304,0.6215192317297455,0.0144104395273957
0.0784032778313077,0.0069181267760955,0.7422558778373213,0.0035604261977923,0.5732172479853016,0.0053244315105177,0.1498351651279493,0.0037438387680455,0.6059231440250528,0.0201491243573115
0.0807819063230563,0.0101067423693028,0.7422495582846212,0.0027066034671942,0.5827789519922383,0.0063131249497398,0.1555169293598703,0.0024920489400007,0.5963770236365581,0.0099292404123315
0.0755030951557034,0.0074759720243014,0.7411552979038133,0.0037268279498182,0.57489674382138,0.0047659905252164,0.1545494451761491,0.003405427682851,0.5878282287409565,0.0090252607447959
0.0821548222771397,0.0054167450031423,0.7417389181078555,0.0044235985620059,0.5798909511463016,0.0083535469223986,0.1567998854547633,0.0017540857762821,0.5952233900116449,0.0117640192033167
0.0726485805889258,0.0030116392951978,0.7410021338614537,0.0040869070217903,0.5721197868196051,0.0017449118128893,0.1362698349247503,0.0041168063711458,0.6220900558432203,0.0124000895815182
0.0716014053392423,0.0017488819050267,0.7372653379132681,0.0016114529248398,0.566834612004115,0.0040123322873837,0.1517491888761343,0.0034185956885666,0.6084654476057894,0.0095347918625933
0.0763312607956529,0.0069437971009106,0.7390938942246305,0.0028347013763789,0.5712953854126045,0.0055160089290562,0.1479980690765706,0.0055903323907064,0.6044628101034648,0.0045671814509206
0.0760509378039644,0.0089028751879551,0.7449443628471464,0.0032806227452281,0.5788212880786591,0.005903863555465,0.1487485757756617,0.0045094987594264,0.6066955731053798,0.0140905122478544
0.0784495204584854,0.0061735143437875,0.7426525946095829,0.0021486280378545,0.5726575397151399,0.0045410264007195,0.1480940016302994,0.0023949617035674,0.60248889121184,0.0075244156295572
0.079953140161964,0.0029243344926224,0.7401934132023053,0.0028705722774374,0.5681811939940822,0.002743515444868,0.1480977480732411,0.0035040598656362,0.5998722512673168,0.0117859947690584
0.0736973880465756,0.0188022393634012,0.7385074210991703,0.0102482884485605,0.5691410209935168,0.0161649867233729,0.1492864022309099,0.0034145940076413,0.6049755979131236,0.011686379402327
0.0744636553708169,0.0059001700593924,0.7398972864538939,0.0027182241216086,0.5721439932365677,0.0052676120849182,0.1476574582798767,0.0025571282643032,0.6053300745722106,0.0089424882732727
0.0745823527500386,0.0079379722848362,0.7365800379517354,0.0036318778293168,0.5657519889809266,0.0047481638887756,0.1464242419328295,0.0019008140441842,0.5968765015997192,0.0133045886932918
0.0744545775551802,0.0019253038739855,0.7408848959408858,0.0051674153792829,0.5656149512018018,0.0044196050978144,0.1527177443169736,0.0011446415974912,0.584342375225758,0.0138204637853269
0.0857227831211699,0.0023655156947623,0.7406857429716557,0.0022533045228133,0.5744346473327936,0.0018110874405711,0.1514938477116531,0.0016662470900044,0.5849811573639955,0.0067220623092084
0.0753795149587669,0.0190827886010999,0.7341934468271571,0.0110792730794825,0.5673003957243455,0.0165237704571167,0.1540318902782724,0.0032927392204314,0.5732841326078068,0.0083537297433476
0.0704857590899683,0.0169193165408152,0.7341114921632291,0.0105651442137234,0.5615701221748528,0.0145405653579133,0.1551124513437889,0.002407465267087,0.5789156835457244,0.0178040767790101
0.0855895889299863,0.008514482031626,0.7415400863123012,0.002938408546733,0.569820736970214,0.004060169651086,0.1546927698675923,0.0037315489227741,0.593033222197683,0.0134272219106408
0.0900368836533385,0.0028622883223727,0.7335821017380977,0.0028252776485584,0.5688048934377552,0.0019203770274078,0.1535151162550801,0.0017732763617028,0.5778834035960594,0.0098367024790772
0.0872706967385458,0.0063964517969117,0.7352305499657698,0.0029519095875257,0.5658178077001407,0.005055659966005,0.1523669147503244,0.0013871016860073,0.5897694037635592,0.0088660403697408
0.065080684353917,0.0229692618912338,0.7262317617297602,0.0111582282397445,0.5542376115257667,0.0215851096470938,0.1505623475828542,0.0061223889111277,0.571708267777505,0.0175419075772634
0.0800623718422468,0.0041939618664718,0.735539098784275,0.0027720407385028,0.564496258275317,0.0064494918764912,0.1495197115769217,0.0018097456405153,0.5751931349673819,0.0093553771819867
0.087673788374263,0.0063197077042012,0.7359202432602383,0.00210609448196,0.567687820554897,0.0046543933043177,0.1510619067160527,0.0045254852350787,0.5819990671266135,0.026691676232152
0.0788559944105598,0.0055142937766504,0.732201811804461,0.0038452389875346,0.5622763049383667,0.0039285815697468,0.1484445820342888,0.0018196612534885,0.5959486311952618,0.0098143240668443
0.0801348428324089,0.0063252336392559,0.7347789880620936,0.0022561029327116,0.5622096859425108,0.0063391899555793,0.1506757319844028,0.0026355951667192,0.5834072064179027,0.0104443956979234
0.0750567057761194,0.0106920053331192,0.7323397621290907,0.0056767866240606,0.5595227930067289,0.0065195761572581,0.154745521184571,0.0028905823142846,0.5696357569060786,0.0084734001182887
0.0526682448055568,0.0171936374604534,0.7255881964108057,0.0078527215721613,0.5508625605784657,0.0131530117980468,0.1543380908614354,0.0038356616626505,0.5615792383055024,0.0169408202128848
0.0695920495934876,0.0103241345368409,0.7324264866719997,0.007699589818763,0.5590740300192498,0.0074137101419923,0.1519077000803835,0.0019355838697019,0.569702043119161,0.0097344440478081
0.0790725115922742,0.0064985877491439,0.7350541833900869,0.0030411472521156,0.566485667967584,0.0056835767744147,0.1539363697637425,0.0013114004905883,0.5853034334518845,0.0198341640874367
0.0722794942285951,0.0186931198683523,0.7327815474032506,0.010691822757005,0.5624788076721311,0.0163251156061336,0.1514995890771714,0.0027114933438237,0.5728113947812044,0.014160117950999
0.0691691935976452,0.0200520147762583,0.7310468985928513,0.0126780171493919,0.5609115957133896,0.0155259334051084,0.1548299186228284,0.0020267913529274,0.5695763657578172,0.0133896386233183
0.0454547775671642,0.0280990114836653,0.7187625219974045,0.019389271961215,0.5311867285711643,0.030580351387278,0.1504806566521492,0.006416976329363,0.5606158446312233,0.0123715447290778
0.0705916041372778,0.005427671424459,0.7325744105268096,0.0048116390035417,0.5647728399046894,0.0076829268650948,0.1550723821641625,0.0023509030318154,0.5578184154402316,0.0140079327389885
0.0552667036099826,0.0243521699544139,0.7243071097389627,0.0162755808054042,0.5449070464457271,0.0218806300253084,0.1502558377972154,0.0029030440475443,0.563090394298096,0.0218669045473025
0.0570945345780566,0.022515604110226,0.7265378053580694,0.0161146570405838,0.5509963568488041,0.0249350904163685,0.1509014969755959,0.0030725765849552,0.5767232656881368,0.0241981849157377
0.0756799114110311,0.0190198702733827,0.7362011368182025,0.0104132789699273,0.5625227334382584,0.0127977043802581,0.1545269925075915,0.0027076417347261,0.5801834601303628,0.0109006073009636
0.0733301058107088,0.0185393370433728,0.7339766280389645,0.0096825809583589,0.5632349064612102,0.0149191186986066,0.1557280542907059,0.0028684117397277,0.5706569293035392,0.0129870934803566
0.0714033577998782,0.0089839174065635,0.7369020194985993,0.0052405172509244,0.5625287827948047,0.0061408547000038,0.1552679360557328,0.0019003072543705,0.5765439546247159,0.0105181667684673
0.0874022960230612,0.0077924608053512,0.7374586611846945,0.0024415425826107,0.5684131205187797,0.0029681263807957,0.1549070792278465,0.0018683083735711,0.5653565742160394,0.0112433840182292
0.0698089521744403,0.0194787014879831,0.7344023508451101,0.0140532184740544,0.5617723203421541,0.0157654298101086,0.1562856763674091,0.0037223405783716,0.5661166204332745,0.0147088264265212
0.0871289776925595,0.0062800341203068,0.7393653996761795,0.0052757106510876,0.575343492526785,0.0071942557813631,0.1585624397656068,0.0015888865638499,0.5731796951481366,0.0063216003070008
0.066881030440795,0.0180299884101103,0.7327539340146665,0.0100415229387867,0.558622449830709,0.0174014740001558,0.1566374551815186,0.0040813854092914,0.5568046558285095,0.0155957852144484
0.0750875347730877,0.0034108971371114,0.7413050803973937,0.0020855893708144,0.5620202338390151,0.0019487136647416,0.1520986723025611,0.000975380865181,0.5803660914976182,0.0044749968663524
0.0798770939644494,0.0034567599829589,0.7344534735188823,0.0040792203689894,0.5647291847042926,0.0032232481732232,0.1558470195956644,0.0018904561416334,0.5632736618926579,0.0060136370315057
0.0819515148268541,0.0027671810555517,0.7391739313669682,0.0030416435996436,0.5617265565822087,0.0034835878634005,0.1554093583310679,0.0011965930455042,0.5699413004440858,0.0088219719918359
0.0811292954063268,0.0072662697470741,0.7371856254002916,0.0024232360405825,0.5663080976478457,0.0034028358186541,0.1524045595269014,0.0019899078055201,0.5844613210592587,0.0061092884864127
0.0688466089179334,0.0173489779545377,0.7330435716465242,0.0075165529361042,0.5579172085026828,0.0080160415510634,0.1535756966207527,0.0035995401401045,0.5749864688352108,0.0156647643750782
0.0807733513574811,0.0177125261711105,0.7340682606015821,0.007048419860829,0.5616902913291784,0.0086598835559259,0.1548799828151692,0.0021170736152896,0.5779128088036111,0.0123379806313012
0.0748850613029874,0.0033271266598532,0.7376376076941047,0.0025061090941621,0.5596794287704315,0.0040182370039264,0.1546536881588957,0.0025036682726354,0.5743522893676687,0.0072771647568859
0.0584572676251725,0.022515598963391,0.7237889258658551,0.0148516299008975,0.545201882161774,0.0182609484477696,0.1532273773534488,0.0033258792920683,0.5643690290160727,0.0122739951780346
0.0721402865788294,0.0054405733090024,0.7343091987554581,0.002888054291897,0.5588947078040857,0.0035556529434188,0.1574399796119567,0.0032795079212178,0.5742629242304907,0.0093343674791515
0.0621012125170565,0.026234204379224,0.727395941742654,0.0174820020456478,0.5540348248953981,0.0215784023354136,0.1556016423179049,0.0043025945855892,0.5619249219046244,0.0220077719085819
0.0760799921778938,0.0037243957378439,0.7367728805528457,0.0039510344806113,0.5620003467742664,0.0031460434873875,0.1558655569130883,0.0016565615531452,0.5779484292680893,0.0071522340747405
0.0608465017929036,0.0180794745429665,0.7303030699448191,0.0118684532677975,0.5544042967105597,0.0137994081799549,0.1553460400774128,0.0038614875696072,0.5690305066303419,0.0116365417645774
0.0739786270682453,0.0202162842666905,0.7353742852948383,0.0115531223955014,0.5609610163970032,0.0159790893578056,0.154512944814829,0.0036445577998468,0.5742717592831904,0.015580911064269
0.0858931575991574,0.0033406636865653,0.7370211038008475,0.0029402977442802,0.5617034693503279,0.0020633398847286,0.156708687442355,0.0030259429838522,0.5737095529972205,0.0053792743521454
0.0763237127809784,0.0211925869464918,0.734614701004663,0.0108915341458457,0.5593620925367769,0.0154094877338802,0.1561983799225467,0.0034059911725316,0.587919321704381,0.0081202107181301
0.0945911132361091,0.0075815131188338,0.7381874497518979,0.0015078436372778,0.570054720875818,0.0033235818700548,0.1530364641806782,0.0035024757568167,0.585149811063795,0.0134330786101999
0.0873120398780447,0.003814655553469,0.7382372280968148,0.0038306362037951,0.563732721775539,0.0031530577791401,0.1529936274937504,0.0023796466094944,0.5847235896811112,0.013086548088505
0.0814266581771759,0.0084568469715135,0.7405423616151057,0.003225203680463,0.570192125292385,0.0044537907953202,0.151003733560056,0.0014690809800507,0.5826589111827182,0.0107013200427197
0.0762853017949703,0.0058779224282303,0.7404818615917531,0.0026688691683023,0.5628626320441129,0.0086872938572446,0.1527830330279375,0.0029746346185673,0.5879016911240758,0.0101725181305146
0.0676270837632404,0.0164683131096385,0.7331803422410336,0.0130675883169338,0.5581529403103801,0.0151817427789999,0.154333690193987,0.0022727980826901,0.5667980256395702,0.0149970195599011
0.0754771286511758,0.0038654305778229,0.7376365717787067,0.0022402539246705,0.560752856349739,0.0031566200810049,0.1609728083335754,0.0021920596127434,0.5733214821558776,0.0076535101535768
0.0639819709969858,0.0176167617040512,0.7284646404971559,0.0122392704219852,0.5522600168852692,0.0158501115904483,0.1587523323343198,0.0036614352279547,0.5638634987195121,0.0169215061346572
0.0804076031332065,0.0027671516240323,0.738117372976303,0.0016484721479062,0.564370999571887,0.0021794875866836,0.1590373561780154,0.0017175217423503,0.5714359976737291,0.0165472186882594
0.0809219248598841,0.0058236601172177,0.7367010408070725,0.0027465455211689,0.5641325592611789,0.0096863483762667,0.1602369743077532,0.0017534748315465,0.5827033646099866,0.0037454095327807
0.0853210482170636,0.0086252119553604,0.7395916858806262,0.0039078509877556,0.5690520165448281,0.0077333495587448,0.1573761160033799,0.003653956795645,0.5859045658682605,0.0111126332062665
0.0892978944903237,0.0064604944987876,0.742234783027465,0.0028280021464877,0.5716426558743888,0.0035337558371341,0.1616757633428393,0.0022830086405599,0.5799854272897683,0.0091411315369307
0.0702709403317595,0.0087532183746556,0.7355235216983924,0.0034315053225589,0.5659886789797717,0.0025133806021406,0.161735799316531,0.0015647927617604,0.5695030798337614,0.0155147568662218
0.0829372330738287,0.006559377450216,0.7413391455353068,0.0024049586412595,0.5640587938380296,0.0040347896595043,0.1605330011203963,0.0037615099013877,0.5906187863895934,0.0110162278574822
0.0686198466907877,0.0166980932136929,0.7322681961301735,0.0085562735817111,0.5573027798096891,0.010672405634682,0.1538523711772948,0.0012300153526565,0.5887656723266539,0.0099783294891373
0.0880403238573245,0.0045878074392159,0.7411230575525902,0.0018978207662835,0.5706756649541818,0.0029189427819095,0.1557884719166078,0.001552626078169,0.599841622575184,0.0079520742678437
0.0859175009740322,0.0049011632998413,0.7399006576173107,0.0025529836893137,0.5652939124339917,0.0042201928054465,0.1546579225404341,0.0019380286128685,0.5840228559787566,0.0079020605745971
0.0912027093721785,0.0020793837354739,0.741359814483059,0.0018845449291661,0.5694424257948228,0.0022665167779228,0.1583328110308098,0.0014932455500984,0.5975170527148899,0.0106999403689849
0.0864953032649561,0.0056822018110932,0.7353791001712371,0.004570435849737,0.5673753758301017,0.0037968547011384,0.1512434448275358,0.001691342814199,0.5747875740715199,0.0134048143705912
0.078710798825618,0.0102855443826103,0.7365763605189978,0.0048938050555049,0.5659977505703462,0.002919270171823,0.1527683605523452,0.002680524256172,0.5696041094182321,0.0097025783008921
0.0960257901622066,0.0037034115298274,0.7397004902709028,0.0025097001884669,0.5701004310478266,0.0043978432038425,0.1488534163856598,0.0019960697593084,0.5852051686109658,0.0091341194614063
0.0899519650876858,0.0017753892334713,0.7400871557254051,0.0026996580759464,0.5679379505659757,0.0022367181674635,0.1522573557349915,0.0025102594143393,0.5920503004496404,0.0143364942177398
0.0798065335202755,0.0037942821434266,0.7402922175905893,0.0040124390421271,0.5625022597497281,0.0036762022714436,0.1507587873544615,0.0024829253727146,0.5927033158193897,0.0101005437995908
0.090332441388818,0.0104673832551831,0.7398427461745463,0.002644683209573,0.5667533244310351,0.0038691736560041,0.150145696477303,0.0031852073785985,0.584653786835697,0.0066055398476022
0.0897874586243968,0.0060714489824929,0.7405667474671708,0.0025292062634924,0.5647664703321512,0.0027258133538025,0.1514609526922076,0.0024010959576898,0.5836842855639073,0.0097740326090405
0.0948624168505037,0.011425004898303,0.7373857459070269,0.0036446331920437,0.565927033023013,0.0025882390056897,0.1516863194305282,0.0060209246114581,0.5801469392144795,0.0109281525899894
0.0745932546557074,0.0290489120936422,0.729832376891135,0.0127429713153096,0.5562451337412102,0.0212548638713775,0.1412551273192659,0.0035906318440809,0.5914622370459975,0.01674330805571
0.0745660987866305,0.0192901262426989,0.7368408578742607,0.0088300563265188,0.5597091364722784,0.0136294121721836,0.1484283142758891,0.0035065609453958,0.5728791299129281,0.0086484562261691
0.0649110105827548,0.0189233113075579,0.7321577803492594,0.0148201989354448,0.5528240110648108,0.0162763626994954,0.1520559277430362,0.0029019247319693,0.5676420470557417,0.0081612768280032
0.0876722957231787,0.0038770878711013,0.7431313628146926,0.0025697704195418,0.5680084945170986,0.0038104780311881,0.1518378938163688,0.0032059635860298,0.5796877502617537,0.0109990587309183
0.0965246590747805,0.0098495420353923,0.7389659007351664,0.0048155541797413,0.5698245578111867,0.0040724690095056,0.1434298712258813,0.0036243637403945,0.5768347695233351,0.0081951824927014
0.0860377893594425,0.0147506446263878,0.7413912790924098,0.0052036466851607,0.566558922086773,0.0084069458602557,0.1434240849498717,0.0048455213550557,0.5917151554663408,0.008377724548528
0.0890563765297229,0.0044270437635921,0.740797354840147,0.002018612219659,0.5783228792497693,0.0051288212748939,0.1421798349713109,0.0024822134376268,0.5715859302365099,0.0071137467296396
0.0625691861047827,0.0182589490781611,0.7340344455877741,0.0111009825957422,0.5608513860620153,0.0149725926391487,0.1435618435657653,0.0042869167235447,0.5646946319858704,0.010031361529085
0.0882226744690297,0.0062668831637754,0.739702500026884,0.0024572303769381,0.5754929114227431,0.0050672843673854,0.1447121769500373,0.0022277165091055,0.570592452223878,0.0086434979263363
0.0790880884962335,0.0059119889204578,0.7386436791892171,0.003184162634389,0.57320035055727,0.0061372708105485,0.1432172555065404,0.002053757322292,0.5698671557791241,0.0126822987065796
0.0702393626776362,0.0190271114260903,0.7365709335560044,0.0145401214421576,0.5649066797496214,0.0136269463762965,0.146709220743011,0.0021700593716915,0.5542939789690418,0.0122477391552973
0.0867288997639687,0.0017451824758797,0.7422110085582659,0.0017304584439607,0.5803536699103429,0.0046145209177039,0.1454634998560492,0.002341516478341,0.5749217665924653,0.0122475285327955
0.0794689551319762,0.0093985923868167,0.7389768709573583,0.0034604420609959,0.5740628575207167,0.0072940651788473,0.1454434549153496,0.0016135959492933,0.5665839839755248,0.0109540893682131
0.0831872465323119,0.0035343372116282,0.7403163430417539,0.0033531045315869,0.5725156489684348,0.0030999370180541,0.1452190133825072,0.0025872283381797,0.5669875932976449,0.0084162604078093
0.0715133971377286,0.0146146733913758,0.7359803721530896,0.0078674113113341,0.5669102257174725,0.0108860664680193,0.1419192197471533,0.0019510777902409,0.568325705982182,0.0056080464274089
0.0802451789625411,0.0153779601380149,0.7379774618015814,0.0084015538063362,0.5700083635663388,0.0110041448335006,0.1445385914559159,0.0028788598193498,0.5687333621210364,0.0089020660177016
0.0657724056521009,0.0186418241645402,0.7333710659349367,0.0131260271427994,0.5642963099823878,0.0129474719899929,0.1468706807841998,0.0033881008481676,0.5747605908017291,0.0189604108741201
0.0838689351806347,0.0093107038031534,0.7402981623967039,0.0041337484961914,0.5742006271789813,0.006221672938145,0.1462811430260356,0.0016497166456465,0.5838559099551488,0.0100219496800541
0.0824348375851944,0.0053068121587117,0.7398663186447018,0.0030021980171611,0.5673447596221425,0.0041619633708751,0.1483582591918417,0.0052772996823211,0.5798393367430594,0.0077127608980324
0.0500835760979958,0.024050226819054,0.7242749760631282,0.0182534755341102,0.5449885993535243,0.0244209451870985,0.1468878788794884,0.0051199009641825,0.5672386121986676,0.0171273042407891
0.0699027273534186,0.0185462277529952,0.7364681461355074,0.0117460874949726,0.5662455949384142,0.01803643987941,0.1486395893664697,0.0033280074199522,0.5796614596543157,0.0141331582589097
0.0737924224218375,0.0122153515208015,0.7382761857282854,0.0068123225994744,0.5638939574116687,0.0089019780614656,0.1521393495984621,0.0016979074928525,0.5811794910744806,0.0106746934928928
0.0535921053524193,0.0251230089105036,0.7261768817023356,0.0189705449277535,0.5494961121773685,0.0237934218392103,0.1496044264000468,0.0041623470830841,0.5639383408177588,0.0145226938884968
0.0912956415943018,0.0047067449291822,0.7398488125087613,0.0016507941545316,0.5717704677634299,0.0070973263432492,0.1503130014736365,0.0021103638668057,0.5760028528591913,0.0087755427813574
