participant,representation,target,task,task_label,feature,known_problem_feature,image_low_median,image_low_iqr,image_high_median,image_high_iqr,image_min,image_max,robot_median,robot_iqr,robot_z_median_abs,robot_z_p95_abs,robot_pct_outside_image_min_max
P19,A_existing_robot_features,valence,pick_place,Pick and Place,eeg_se__PO8,False,4.18020063539655,0.31679861128026765,4.357554311039212,0.32759882218933534,3.555258305383176,4.76267914443993,3.236022881369477,0.6754566142270244,4.121593731890076,8.450399230329923,76.19047619047619
P19,A_existing_robot_features,valence,shape_sorter_observation,Shape Sorter Observation,eeg_se__PO8,False,4.18020063539655,0.31679861128026765,4.357554311039212,0.32759882218933534,3.555258305383176,4.76267914443993,3.2854239266005,0.9122998041899764,3.925288932988959,7.133930809506183,61.016949152542374
P19,A_existing_robot_features,valence,stack,Stack,eeg_se__PO8,False,4.18020063539655,0.31679861128026765,4.357554311039212,0.32759882218933534,3.555258305383176,4.76267914443993,3.4960104953118005,0.671411542890826,3.088481658389267,6.440248612002496,54.41176470588235
P19,A_existing_robot_features,valence,sisyphus,Sisyphus,eeg_se__PO8,False,4.18020063539655,0.31679861128026765,4.357554311039212,0.32759882218933534,3.555258305383176,4.76267914443993,3.815567781598426,0.6082491476956307,1.8186577401194237,5.990361782854164,25.274725274725274
P19,A_existing_robot_features,valence,shape_sorter_interaction,Shape Sorter Interaction,eeg_se__PO8,False,4.18020063539655,0.31679861128026765,4.357554311039212,0.32759882218933534,3.555258305383176,4.76267914443993,4.553880816561412,0.24842677367787847,1.1712743198611706,2.2850293877963552,12.987012987012985
P19,C0_reproducible_harmonized_no_ICA,valence,pick_place,Pick and Place,eeg_se__PO8,False,4.18020063539655,0.31679861128026765,4.357554311039212,0.32759882218933534,3.555258305383176,4.76267914443993,4.47308695613806,0.33429298957592746,0.9295918918189199,4.895148030446473,11.904761904761903
P19,C0_reproducible_harmonized_no_ICA,valence,shape_sorter_observation,Shape Sorter Observation,eeg_se__PO8,False,4.18020063539655,0.31679861128026765,4.357554311039212,0.32759882218933534,3.555258305383176,4.76267914443993,4.280176815373957,0.4081330537041765,0.8817253734662607,2.6755392543457908,6.779661016949152
P19,C0_reproducible_harmonized_no_ICA,valence,stack,Stack,eeg_se__PO8,False,4.18020063539655,0.31679861128026765,4.357554311039212,0.32759882218933534,3.555258305383176,4.76267914443993,4.198197124508265,0.4172320056535668,0.6995843190756739,3.19194064905371,10.294117647058822
P19,C0_reproducible_harmonized_no_ICA,valence,sisyphus,Sisyphus,eeg_se__PO8,False,4.18020063539655,0.31679861128026765,4.357554311039212,0.32759882218933534,3.555258305383176,4.76267914443993,4.147483685601509,0.5876878952732696,1.2476828977675631,6.422273409521068,14.285714285714285
P19,C0_reproducible_harmonized_no_ICA,valence,shape_sorter_interaction,Shape Sorter Interaction,eeg_se__PO8,False,4.18020063539655,0.31679861128026765,4.357554311039212,0.32759882218933534,3.555258305383176,4.76267914443993,3.9971711920742257,0.49444053638472596,1.1909825518058568,3.6659294403287146,12.987012987012985
P19,A_existing_robot_features,valence,pick_place,Pick and Place,eeg_hc__PO8,False,1.974150724765359,0.2665160164732536,1.8726584094868293,0.163247229991615,1.4893668759545322,2.628936830864649,2.7344465683815518,0.6406854509754276,4.344504911051747,12.066792278430981,59.523809523809526
P19,A_existing_robot_features,valence,shape_sorter_observation,Shape Sorter Observation,eeg_hc__PO8,False,1.974150724765359,0.2665160164732536,1.8726584094868293,0.163247229991615,1.4893668759545322,2.628936830864649,2.879312960581303,0.8830831414496165,5.110689670932941,10.868151702684337,55.932203389830505
P19,A_existing_robot_features,valence,stack,Stack,eeg_hc__PO8,False,1.974150724765359,0.2665160164732536,1.8726584094868293,0.163247229991615,1.4893668759545322,2.628936830864649,2.6071011946188514,0.5931673265445352,3.670987174213107,9.494107984920104,47.05882352941176
P19,A_existing_robot_features,valence,sisyphus,Sisyphus,eeg_hc__PO8,False,1.974150724765359,0.2665160164732536,1.8726584094868293,0.163247229991615,1.4893668759545322,2.628936830864649,2.362130463825049,0.5339980801881339,2.375359957291969,7.440077725634165,26.373626373626376
P19,A_existing_robot_features,valence,shape_sorter_interaction,Shape Sorter Interaction,eeg_hc__PO8,False,1.974150724765359,0.2665160164732536,1.8726584094868293,0.163247229991615,1.4893668759545322,2.628936830864649,1.776242201984768,0.14190376405054872,0.8599614243293604,1.8330001891339578,1.2987012987012987
P19,C0_reproducible_harmonized_no_ICA,valence,pick_place,Pick and Place,eeg_hc__PO8,False,1.974150724765359,0.2665160164732536,1.8726584094868293,0.163247229991615,1.4893668759545322,2.628936830864649,1.8532994959960478,0.21815080887704474,0.6793305153045481,2.451967610240474,7.142857142857142
P19,C0_reproducible_harmonized_no_ICA,valence,shape_sorter_observation,Shape Sorter Observation,eeg_hc__PO8,False,1.974150724765359,0.2665160164732536,1.8726584094868293,0.163247229991615,1.4893668759545322,2.628936830864649,1.9777261893404856,0.2735426728084249,0.6075683791346279,3.906936963040056,5.084745762711865
P19,C0_reproducible_harmonized_no_ICA,valence,stack,Stack,eeg_hc__PO8,False,1.974150724765359,0.2665160164732536,1.8726584094868293,0.163247229991615,1.4893668759545322,2.628936830864649,2.050330402475315,0.2708605466342471,0.9143115450170358,3.8519714265817795,5.88235294117647
P19,C0_reproducible_harmonized_no_ICA,valence,sisyphus,Sisyphus,eeg_hc__PO8,False,1.974150724765359,0.2665160164732536,1.8726584094868293,0.163247229991615,1.4893668759545322,2.628936830864649,2.1802402233659275,0.4356667580678897,1.4133595368028342,7.57712945982729,14.285714285714285
P19,C0_reproducible_harmonized_no_ICA,valence,shape_sorter_interaction,Shape Sorter Interaction,eeg_hc__PO8,False,1.974150724765359,0.2665160164732536,1.8726584094868293,0.163247229991615,1.4893668759545322,2.628936830864649,2.243697897084454,0.4132816907364436,1.748981220772208,4.707956482680527,11.688311688311687
P19,A_existing_robot_features,valence,pick_place,Pick and Place,eeg_mf_hz__Fz,False,9.0,5.0,11.0,3.0,4.0,21.0,3.0,1.0,1.9991539434875751,2.260196895847215,100.0
P19,A_existing_robot_features,valence,shape_sorter_observation,Shape Sorter Observation,eeg_mf_hz__Fz,False,9.0,5.0,11.0,3.0,4.0,21.0,2.0,1.0,2.260196895847215,2.260196895847215,94.91525423728814
P19,A_existing_robot_features,valence,stack,Stack,eeg_mf_hz__Fz,False,9.0,5.0,11.0,3.0,4.0,21.0,2.0,1.0,2.260196895847215,2.260196895847215,98.52941176470588
P19,A_existing_robot_features,valence,sisyphus,Sisyphus,eeg_mf_hz__Fz,False,9.0,5.0,11.0,3.0,4.0,21.0,2.0,1.0,2.260196895847215,2.260196895847215,98.9010989010989
P19,A_existing_robot_features,valence,shape_sorter_interaction,Shape Sorter Interaction,eeg_mf_hz__Fz,False,9.0,5.0,11.0,3.0,4.0,21.0,6.0,5.0,1.2160250864086557,2.260196895847215,24.675324675324674
P19,C0_reproducible_harmonized_no_ICA,valence,pick_place,Pick and Place,eeg_mf_hz__Fz,False,9.0,5.0,11.0,3.0,4.0,21.0,10.0,5.0,0.6112755801088233,2.260196895847215,9.523809523809524
P19,C0_reproducible_harmonized_no_ICA,valence,shape_sorter_observation,Shape Sorter Observation,eeg_mf_hz__Fz,False,9.0,5.0,11.0,3.0,4.0,21.0,9.0,6.0,0.9549821340490158,2.278034830925123,10.16949152542373
P19,C0_reproducible_harmonized_no_ICA,valence,stack,Stack,eeg_mf_hz__Fz,False,9.0,5.0,11.0,3.0,4.0,21.0,10.0,7.5,1.0441718094385595,2.699619198985942,8.823529411764707
P19,C0_reproducible_harmonized_no_ICA,valence,sisyphus,Sisyphus,eeg_mf_hz__Fz,False,9.0,5.0,11.0,3.0,4.0,21.0,10.0,6.0,0.693939181689376,1.957822142697299,4.395604395604396
P19,C0_reproducible_harmonized_no_ICA,valence,shape_sorter_interaction,Shape Sorter Interaction,eeg_mf_hz__Fz,False,9.0,5.0,11.0,3.0,4.0,21.0,8.0,6.0,0.9549821340490158,2.051362533959504,9.090909090909092
P19,A_existing_robot_features,valence,pick_place,Pick and Place,eeg_mf_hz__PO8,False,6.0,2.0,7.0,2.0,3.0,12.0,3.0,0.0,2.1890818184619762,2.7861041325879694,19.047619047619047
P19,A_existing_robot_features,valence,shape_sorter_observation,Shape Sorter Observation,eeg_mf_hz__PO8,False,6.0,2.0,7.0,2.0,3.0,12.0,3.0,1.0,2.1890818184619762,2.7861041325879694,30.508474576271187
P19,A_existing_robot_features,valence,stack,Stack,eeg_mf_hz__PO8,False,6.0,2.0,7.0,2.0,3.0,12.0,3.0,1.0,2.1890818184619762,2.7861041325879694,14.705882352941178
P19,A_existing_robot_features,valence,sisyphus,Sisyphus,eeg_mf_hz__PO8,False,6.0,2.0,7.0,2.0,3.0,12.0,4.0,1.0,1.5920595043359826,2.7861041325879694,13.186813186813188
P19,A_existing_robot_features,valence,shape_sorter_interaction,Shape Sorter Interaction,eeg_mf_hz__PO8,False,6.0,2.0,7.0,2.0,3.0,12.0,8.0,3.0,1.3930520662939845,3.184119008671965,5.194805194805195
P19,C0_reproducible_harmonized_no_ICA,valence,pick_place,Pick and Place,eeg_mf_hz__PO8,False,6.0,2.0,7.0,2.0,3.0,12.0,7.5,3.75,0.9950371902099893,3.1642182648677633,11.904761904761903
P19,C0_reproducible_harmonized_no_ICA,valence,shape_sorter_observation,Shape Sorter Observation,eeg_mf_hz__PO8,False,6.0,2.0,7.0,2.0,3.0,12.0,6.0,3.5,0.7960297521679911,2.248784049874572,3.389830508474576
P19,C0_reproducible_harmonized_no_ICA,valence,stack,Stack,eeg_mf_hz__PO8,False,6.0,2.0,7.0,2.0,3.0,12.0,5.0,3.0,0.9950371902099893,2.4477914879165725,4.411764705882353
P19,C0_reproducible_harmonized_no_ICA,valence,sisyphus,Sisyphus,eeg_mf_hz__PO8,False,6.0,2.0,7.0,2.0,3.0,12.0,5.0,2.0,1.5920595043359826,2.7861041325879694,7.6923076923076925
P19,C0_reproducible_harmonized_no_ICA,valence,shape_sorter_interaction,Shape Sorter Interaction,eeg_mf_hz__PO8,False,6.0,2.0,7.0,2.0,3.0,12.0,4.0,2.0,1.5920595043359826,2.1890818184619762,2.5974025974025974
P19,A_existing_robot_features,valence,pick_place,Pick and Place,eeg_bp_delta__Fz,True,14.749028388355123,7.872361344786395,11.5987649228913,7.647725680869842,2.196954279885814,43.87831178778889,190.42488980026818,176.21017756246715,22.36321809253795,149.71561740508088,100.0
P19,A_existing_robot_features,valence,shape_sorter_observation,Shape Sorter Observation,eeg_bp_delta__Fz,True,14.749028388355123,7.872361344786395,11.5987649228913,7.647725680869842,2.196954279885814,43.87831178778889,198.68498648830084,244.10159734754754,23.41054750274648,102.46934885477354,96.61016949152543
P19,A_existing_robot_features,valence,stack,Stack,eeg_bp_delta__Fz,True,14.749028388355123,7.872361344786395,11.5987649228913,7.647725680869842,2.196954279885814,43.87831178778889,274.0690541572934,241.8518316535128,32.968783212659204,127.84128994712744,100.0
P19,A_existing_robot_features,valence,sisyphus,Sisyphus,eeg_bp_delta__Fz,True,14.749028388355123,7.872361344786395,11.5987649228913,7.647725680869842,2.196954279885814,43.87831178778889,278.03478633618647,310.8097211037149,33.471613639569654,104.1031102860436,100.0
P19,A_existing_robot_features,valence,shape_sorter_interaction,Shape Sorter Interaction,eeg_bp_delta__Fz,True,14.749028388355123,7.872361344786395,11.5987649228913,7.647725680869842,2.196954279885814,43.87831178778889,21.68080058140533,22.62243922814357,1.091188285117187,9.89221267854911,23.376623376623375
P19,C0_reproducible_harmonized_no_ICA,valence,pick_place,Pick and Place,eeg_bp_delta__Fz,True,14.749028388355123,7.872361344786395,11.5987649228913,7.647725680869842,2.196954279885814,43.87831178778889,12.618629155509922,15.962102460426479,0.9140662420281305,11.569001604855265,11.904761904761903
P19,C0_reproducible_harmonized_no_ICA,valence,shape_sorter_observation,Shape Sorter Observation,eeg_bp_delta__Fz,True,14.749028388355123,7.872361344786395,11.5987649228913,7.647725680869842,2.196954279885814,43.87831178778889,11.02203146720743,12.042063972550137,0.8537999453186038,4.6095714943827675,8.47457627118644
P19,C0_reproducible_harmonized_no_ICA,valence,stack,Stack,eeg_bp_delta__Fz,True,14.749028388355123,7.872361344786395,11.5987649228913,7.647725680869842,2.196954279885814,43.87831178778889,11.536576876383911,14.092115364109848,0.9471434618714902,4.815573665886507,7.352941176470589
P19,C0_reproducible_harmonized_no_ICA,valence,sisyphus,Sisyphus,eeg_bp_delta__Fz,True,14.749028388355123,7.872361344786395,11.5987649228913,7.647725680869842,2.196954279885814,43.87831178778889,9.309929319098242,12.436412580485868,0.8906596764296932,4.463598651671653,8.791208791208792
P19,C0_reproducible_harmonized_no_ICA,valence,shape_sorter_interaction,Shape Sorter Interaction,eeg_bp_delta__Fz,True,14.749028388355123,7.872361344786395,11.5987649228913,7.647725680869842,2.196954279885814,43.87831178778889,13.81663932773689,17.756079609992014,0.9647980117913303,5.475219040358225,10.38961038961039
P19,A_existing_robot_features,arousal,pick_place,Pick and Place,eeg_se__Fz,True,4.758784220132117,0.2007166186126339,4.60150591240336,0.30880784922941995,3.75619972640026,5.026992101131952,2.586764059608379,0.5293349884062488,8.622034064700875,12.135642288450128,100.0
P19,A_existing_robot_features,arousal,shape_sorter_observation,Shape Sorter Observation,eeg_se__Fz,True,4.758784220132117,0.2007166186126339,4.60150591240336,0.30880784922941995,3.75619972640026,5.026992101131952,2.443925395291472,0.7128565154471622,9.222115852753317,11.384077325667935,94.91525423728814
P19,A_existing_robot_features,arousal,stack,Stack,eeg_se__Fz,True,4.758784220132117,0.2007166186126339,4.60150591240336,0.30880784922941995,3.75619972640026,5.026992101131952,2.271936285621119,0.590143393370774,9.944662041140752,11.497916913609115,100.0
P19,A_existing_robot_features,arousal,sisyphus,Sisyphus,eeg_se__Fz,True,4.758784220132117,0.2007166186126339,4.60150591240336,0.30880784922941995,3.75619972640026,5.026992101131952,2.380377374465513,0.6551791788812613,9.489088455352219,11.559848978318735,98.9010989010989
P19,A_existing_robot_features,arousal,shape_sorter_interaction,Shape Sorter Interaction,eeg_se__Fz,True,4.758784220132117,0.2007166186126339,4.60150591240336,0.30880784922941995,3.75619972640026,5.026992101131952,4.379200895020827,0.7181455546289133,1.204597134899002,6.679907838884144,18.181818181818183
P19,C0_reproducible_harmonized_no_ICA,arousal,pick_place,Pick and Place,eeg_se__Fz,True,4.758784220132117,0.2007166186126339,4.60150591240336,0.30880784922941995,3.75619972640026,5.026992101131952,4.661782221504637,0.3169708596105423,0.6657219220449282,10.979760356406743,7.142857142857142
P19,C0_reproducible_harmonized_no_ICA,arousal,shape_sorter_observation,Shape Sorter Observation,eeg_se__Fz,True,4.758784220132117,0.2007166186126339,4.60150591240336,0.30880784922941995,3.75619972640026,5.026992101131952,4.5701583045989445,0.4534080551361175,1.0437336890850641,4.3265938642636685,6.779661016949152
P19,C0_reproducible_harmonized_no_ICA,arousal,stack,Stack,eeg_se__Fz,True,4.758784220132117,0.2007166186126339,4.60150591240336,0.30880784922941995,3.75619972640026,5.026992101131952,4.700123222363401,0.38422459644072404,0.9215546434692579,3.4231236116952117,16.176470588235293
P19,C0_reproducible_harmonized_no_ICA,arousal,sisyphus,Sisyphus,eeg_se__Fz,True,4.758784220132117,0.2007166186126339,4.60150591240336,0.30880784922941995,3.75619972640026,5.026992101131952,4.724593773422341,0.3853979352718717,0.9534782326636928,2.0417203444968335,14.285714285714285
P19,C0_reproducible_harmonized_no_ICA,arousal,shape_sorter_interaction,Shape Sorter Interaction,eeg_se__Fz,True,4.758784220132117,0.2007166186126339,4.60150591240336,0.30880784922941995,3.75619972640026,5.026992101131952,4.608862953976179,0.46933489545088847,0.9390617664642891,3.6483979587861843,6.493506493506493
P19,A_existing_robot_features,arousal,pick_place,Pick and Place,eeg_hm__Fz,False,0.4083912274822276,0.059956910774641714,0.3751826368635525,0.07789981334094753,0.258900907159693,0.5276483384419882,0.18069376981584157,0.06385047275198735,4.212931593693381,5.764988887038512,90.47619047619048
P19,A_existing_robot_features,arousal,shape_sorter_observation,Shape Sorter Observation,eeg_hm__Fz,False,0.4083912274822276,0.059956910774641714,0.3751826368635525,0.07789981334094753,0.258900907159693,0.5276483384419882,0.1559153401220758,0.07671726720893515,4.697359544979036,5.723068989777897,91.52542372881356
P19,A_existing_robot_features,arousal,stack,Stack,eeg_hm__Fz,False,0.4083912274822276,0.059956910774641714,0.3751826368635525,0.07789981334094753,0.258900907159693,0.5276483384419882,0.14724628931578698,0.06141102347127994,4.866842864688289,5.963701404931868,91.17647058823529
P19,A_existing_robot_features,arousal,sisyphus,Sisyphus,eeg_hm__Fz,False,0.4083912274822276,0.059956910774641714,0.3751826368635525,0.07789981334094753,0.258900907159693,0.5276483384419882,0.1495856307562597,0.06366728383773529,4.821107828393759,5.692955416247191,95.6043956043956
P19,A_existing_robot_features,arousal,shape_sorter_interaction,Shape Sorter Interaction,eeg_hm__Fz,False,0.4083912274822276,0.059956910774641714,0.3751826368635525,0.07789981334094753,0.258900907159693,0.5276483384419882,0.3366986930510392,0.09744930007165192,1.1629745832086942,3.4004285516098682,11.688311688311687
P19,C0_reproducible_harmonized_no_ICA,arousal,pick_place,Pick and Place,eeg_hm__Fz,False,0.4083912274822276,0.059956910774641714,0.3751826368635525,0.07789981334094753,0.258900907159693,0.5276483384419882,0.38544090255541263,0.04910425794148937,0.4774938193160928,2.531829869654168,4.761904761904762
P19,C0_reproducible_harmonized_no_ICA,arousal,shape_sorter_observation,Shape Sorter Observation,eeg_hm__Fz,False,0.4083912274822276,0.059956910774641714,0.3751826368635525,0.07789981334094753,0.258900907159693,0.5276483384419882,0.3863333384709906,0.07664729359184996,0.6953337217494721,2.5313197747344622,3.389830508474576
P19,C0_reproducible_harmonized_no_ICA,arousal,stack,Stack,eeg_hm__Fz,False,0.4083912274822276,0.059956910774641714,0.3751826368635525,0.07789981334094753,0.258900907159693,0.5276483384419882,0.4149943613818501,0.09217465669229413,0.8556108360009391,2.5907072710064822,5.88235294117647
P19,C0_reproducible_harmonized_no_ICA,arousal,sisyphus,Sisyphus,eeg_hm__Fz,False,0.4083912274822276,0.059956910774641714,0.3751826368635525,0.07789981334094753,0.258900907159693,0.5276483384419882,0.400999636556001,0.06009390277766302,0.6048968000949657,1.866896378416942,3.296703296703297
P19,C0_reproducible_harmonized_no_ICA,arousal,shape_sorter_interaction,Shape Sorter Interaction,eeg_hm__Fz,False,0.4083912274822276,0.059956910774641714,0.3751826368635525,0.07789981334094753,0.258900907159693,0.5276483384419882,0.36237524520311415,0.06437394289288206,0.8108996613668749,2.791328875890563,6.493506493506493
P19,A_existing_robot_features,arousal,pick_place,Pick and Place,eeg_hm__PO8,False,0.3019270008556102,0.03693745449883218,0.2859077992777361,0.03550777673597272,0.2084983592864777,0.3999655654544514,0.22331134996857477,0.06029773855633408,2.21858387186751,4.572984274962204,35.714285714285715
P19,A_existing_robot_features,arousal,shape_sorter_observation,Shape Sorter Observation,eeg_hm__PO8,False,0.3019270008556102,0.03693745449883218,0.2859077992777361,0.03550777673597272,0.2084983592864777,0.3999655654544514,0.2070087912029121,0.06908315900658774,2.7126249188893174,4.690191626666205,50.847457627118644
P19,A_existing_robot_features,arousal,stack,Stack,eeg_hm__PO8,False,0.3019270008556102,0.03693745449883218,0.2859077992777361,0.03550777673597272,0.2084983592864777,0.3999655654544514,0.22960524106131897,0.057033248522647434,2.0278505894425543,4.023547554644578,30.88235294117647
P19,A_existing_robot_features,arousal,sisyphus,Sisyphus,eeg_hm__PO8,False,0.3019270008556102,0.03693745449883218,0.2859077992777361,0.03550777673597272,0.2084983592864777,0.3999655654544514,0.2639161804901402,0.07109425207883086,1.3058238105920965,3.2952663898349925,9.89010989010989
P19,A_existing_robot_features,arousal,shape_sorter_interaction,Shape Sorter Interaction,eeg_hm__PO8,False,0.3019270008556102,0.03693745449883218,0.2859077992777361,0.03550777673597272,0.2084983592864777,0.3999655654544514,0.34721704910801,0.03599289600215322,1.5433965075314988,3.1280704783855593,5.194805194805195
P19,C0_reproducible_harmonized_no_ICA,arousal,pick_place,Pick and Place,eeg_hm__PO8,False,0.3019270008556102,0.03693745449883218,0.2859077992777361,0.03550777673597272,0.2084983592864777,0.3999655654544514,0.32862591351733433,0.042137777590670666,1.1124792512919284,3.731425013784983,9.523809523809524
P19,C0_reproducible_harmonized_no_ICA,arousal,shape_sorter_observation,Shape Sorter Observation,eeg_hm__PO8,False,0.3019270008556102,0.03693745449883218,0.2859077992777361,0.03550777673597272,0.2084983592864777,0.3999655654544514,0.30747546047975877,0.04915870785960308,0.8578737530475181,2.2372093599026064,3.389830508474576
P19,C0_reproducible_harmonized_no_ICA,arousal,stack,Stack,eeg_hm__PO8,False,0.3019270008556102,0.03693745449883218,0.2859077992777361,0.03550777673597272,0.2084983592864777,0.3999655654544514,0.2967386599412866,0.04598258978826497,0.7121394783024222,1.9372516218076878,2.941176470588235
P19,C0_reproducible_harmonized_no_ICA,arousal,sisyphus,Sisyphus,eeg_hm__PO8,False,0.3019270008556102,0.03693745449883218,0.2859077992777361,0.03550777673597272,0.2084983592864777,0.3999655654544514,0.28400355865337373,0.06752496166773192,1.018098561238557,3.0948983764762206,6.593406593406594
P19,C0_reproducible_harmonized_no_ICA,arousal,shape_sorter_interaction,Shape Sorter Interaction,eeg_hm__PO8,False,0.3019270008556102,0.03693745449883218,0.2859077992777361,0.03550777673597272,0.2084983592864777,0.3999655654544514,0.26531248786253914,0.05145418422724568,0.9467052266151785,2.7664220336418484,6.493506493506493
P19,A_existing_robot_features,arousal,pick_place,Pick and Place,eeg_hc__Fz,True,1.5305865522858275,0.17245297084519784,1.6445812620634732,0.29253709960528096,1.2608469179136874,2.234299786474834,3.416253682063373,0.9727525646754702,9.700709195802878,22.80561274356423,97.61904761904762
P19,A_existing_robot_features,arousal,shape_sorter_observation,Shape Sorter Observation,eeg_hc__Fz,True,1.5305865522858275,0.17245297084519784,1.6445812620634732,0.29253709960528096,1.2608469179136874,2.234299786474834,4.041483694678242,1.6007408506426435,13.042768948750268,20.919422134019428,94.91525423728814
P19,A_existing_robot_features,arousal,stack,Stack,eeg_hc__Fz,True,1.5305865522858275,0.17245297084519784,1.6445812620634732,0.29253709960528096,1.2608469179136874,2.234299786474834,4.325651448474785,1.3823213552823868,14.561738918021224,24.941661279000268,98.52941176470588
P19,A_existing_robot_features,arousal,sisyphus,Sisyphus,eeg_hc__Fz,True,1.5305865522858275,0.17245297084519784,1.6445812620634732,0.29253709960528096,1.2608469179136874,2.234299786474834,4.235564410039422,1.535278869495769,14.080194111562122,21.816395323564834,97.8021978021978
P19,A_existing_robot_features,arousal,shape_sorter_interaction,Shape Sorter Interaction,eeg_hc__Fz,True,1.5305865522858275,0.17245297084519784,1.6445812620634732,0.29253709960528096,1.2608469179136874,2.234299786474834,1.9113228895177876,0.4915046882464611,1.6563598663410695,6.636671809209071,20.77922077922078
P19,C0_reproducible_harmonized_no_ICA,arousal,pick_place,Pick and Place,eeg_hc__Fz,True,1.5305865522858275,0.17245297084519784,1.6445812620634732,0.29253709960528096,1.2608469179136874,2.234299786474834,1.6450293399586566,0.23016105299362355,0.5722554020447808,2.4545683211270855,4.761904761904762
P19,C0_reproducible_harmonized_no_ICA,arousal,shape_sorter_observation,Shape Sorter Observation,eeg_hc__Fz,True,1.5305865522858275,0.17245297084519784,1.6445812620634732,0.29253709960528096,1.2608469179136874,2.234299786474834,1.6666106953100799,0.2756979977569556,0.8120119520309409,3.705473404682506,6.779661016949152
P19,C0_reproducible_harmonized_no_ICA,arousal,stack,Stack,eeg_hc__Fz,True,1.5305865522858275,0.17245297084519784,1.6445812620634732,0.29253709960528096,1.2608469179136874,2.234299786474834,1.5939380188284455,0.32120238319200745,0.8601033844218495,2.253677950314031,2.941176470588235
P19,C0_reproducible_harmonized_no_ICA,arousal,sisyphus,Sisyphus,eeg_hc__Fz,True,1.5305865522858275,0.17245297084519784,1.6445812620634732,0.29253709960528096,1.2608469179136874,2.234299786474834,1.6575679060201944,0.22693237526183285,0.6689087113808674,2.1203544381945543,2.197802197802198
P19,C0_reproducible_harmonized_no_ICA,arousal,shape_sorter_interaction,Shape Sorter Interaction,eeg_hc__Fz,True,1.5305865522858275,0.17245297084519784,1.6445812620634732,0.29253709960528096,1.2608469179136874,2.234299786474834,1.7641779368671417,0.31421063552434125,0.9759437924407754,3.3534513045974763,5.194805194805195
P19,A_existing_robot_features,arousal,pick_place,Pick and Place,eeg_hc__PO8,False,1.8567290496995528,0.2336211335190288,1.953646706011208,0.21888729043600996,1.4893668759545322,2.628936830864649,2.7344465683815518,0.6406854509754276,4.344504911051747,12.066792278430981,59.523809523809526
P19,A_existing_robot_features,arousal,shape_sorter_observation,Shape Sorter Observation,eeg_hc__PO8,False,1.8567290496995528,0.2336211335190288,1.953646706011208,0.21888729043600996,1.4893668759545322,2.628936830864649,2.879312960581303,0.8830831414496165,5.110689670932941,10.868151702684337,55.932203389830505
P19,A_existing_robot_features,arousal,stack,Stack,eeg_hc__PO8,False,1.8567290496995528,0.2336211335190288,1.953646706011208,0.21888729043600996,1.4893668759545322,2.628936830864649,2.6071011946188514,0.5931673265445352,3.670987174213107,9.494107984920104,47.05882352941176
P19,A_existing_robot_features,arousal,sisyphus,Sisyphus,eeg_hc__PO8,False,1.8567290496995528,0.2336211335190288,1.953646706011208,0.21888729043600996,1.4893668759545322,2.628936830864649,2.362130463825049,0.5339980801881339,2.375359957291969,7.440077725634165,26.373626373626376
P19,A_existing_robot_features,arousal,shape_sorter_interaction,Shape Sorter Interaction,eeg_hc__PO8,False,1.8567290496995528,0.2336211335190288,1.953646706011208,0.21888729043600996,1.4893668759545322,2.628936830864649,1.776242201984768,0.14190376405054872,0.8599614243293604,1.8330001891339578,1.2987012987012987
P19,C0_reproducible_harmonized_no_ICA,arousal,pick_place,Pick and Place,eeg_hc__PO8,False,1.8567290496995528,0.2336211335190288,1.953646706011208,0.21888729043600996,1.4893668759545322,2.628936830864649,1.8532994959960478,0.21815080887704474,0.6793305153045481,2.451967610240474,7.142857142857142
P19,C0_reproducible_harmonized_no_ICA,arousal,shape_sorter_observation,Shape Sorter Observation,eeg_hc__PO8,False,1.8567290496995528,0.2336211335190288,1.953646706011208,0.21888729043600996,1.4893668759545322,2.628936830864649,1.9777261893404856,0.2735426728084249,0.6075683791346279,3.906936963040056,5.084745762711865
P19,C0_reproducible_harmonized_no_ICA,arousal,stack,Stack,eeg_hc__PO8,False,1.8567290496995528,0.2336211335190288,1.953646706011208,0.21888729043600996,1.4893668759545322,2.628936830864649,2.050330402475315,0.2708605466342471,0.9143115450170358,3.8519714265817795,5.88235294117647
P19,C0_reproducible_harmonized_no_ICA,arousal,sisyphus,Sisyphus,eeg_hc__PO8,False,1.8567290496995528,0.2336211335190288,1.953646706011208,0.21888729043600996,1.4893668759545322,2.628936830864649,2.1802402233659275,0.4356667580678897,1.4133595368028342,7.57712945982729,14.285714285714285
P19,C0_reproducible_harmonized_no_ICA,arousal,shape_sorter_interaction,Shape Sorter Interaction,eeg_hc__PO8,False,1.8567290496995528,0.2336211335190288,1.953646706011208,0.21888729043600996,1.4893668759545322,2.628936830864649,2.243697897084454,0.4132816907364436,1.748981220772208,4.707956482680527,11.688311688311687
P19,A_existing_robot_features,arousal,pick_place,Pick and Place,eeg_mf_hz__Fz,False,11.0,2.0,9.0,4.5,4.0,21.0,3.0,1.0,1.9991539434875751,2.260196895847215,100.0
P19,A_existing_robot_features,arousal,shape_sorter_observation,Shape Sorter Observation,eeg_mf_hz__Fz,False,11.0,2.0,9.0,4.5,4.0,21.0,2.0,1.0,2.260196895847215,2.260196895847215,94.91525423728814
P19,A_existing_robot_features,arousal,stack,Stack,eeg_mf_hz__Fz,False,11.0,2.0,9.0,4.5,4.0,21.0,2.0,1.0,2.260196895847215,2.260196895847215,98.52941176470588
P19,A_existing_robot_features,arousal,sisyphus,Sisyphus,eeg_mf_hz__Fz,False,11.0,2.0,9.0,4.5,4.0,21.0,2.0,1.0,2.260196895847215,2.260196895847215,98.9010989010989
P19,A_existing_robot_features,arousal,shape_sorter_interaction,Shape Sorter Interaction,eeg_mf_hz__Fz,False,11.0,2.0,9.0,4.5,4.0,21.0,6.0,5.0,1.2160250864086557,2.260196895847215,24.675324675324674
P19,C0_reproducible_harmonized_no_ICA,arousal,pick_place,Pick and Place,eeg_mf_hz__Fz,False,11.0,2.0,9.0,4.5,4.0,21.0,10.0,5.0,0.6112755801088233,2.260196895847215,9.523809523809524
P19,C0_reproducible_harmonized_no_ICA,arousal,shape_sorter_observation,Shape Sorter Observation,eeg_mf_hz__Fz,False,11.0,2.0,9.0,4.5,4.0,21.0,9.0,6.0,0.9549821340490158,2.278034830925123,10.16949152542373
P19,C0_reproducible_harmonized_no_ICA,arousal,stack,Stack,eeg_mf_hz__Fz,False,11.0,2.0,9.0,4.5,4.0,21.0,10.0,7.5,1.0441718094385595,2.699619198985942,8.823529411764707
P19,C0_reproducible_harmonized_no_ICA,arousal,sisyphus,Sisyphus,eeg_mf_hz__Fz,False,11.0,2.0,9.0,4.5,4.0,21.0,10.0,6.0,0.693939181689376,1.957822142697299,4.395604395604396
P19,C0_reproducible_harmonized_no_ICA,arousal,shape_sorter_interaction,Shape Sorter Interaction,eeg_mf_hz__Fz,False,11.0,2.0,9.0,4.5,4.0,21.0,8.0,6.0,0.9549821340490158,2.051362533959504,9.090909090909092
P19,A_existing_robot_features,arousal,pick_place,Pick and Place,eeg_mf_hz__PO8,False,7.0,2.0,6.0,2.0,3.0,12.0,3.0,0.0,2.1890818184619762,2.7861041325879694,19.047619047619047
P19,A_existing_robot_features,arousal,shape_sorter_observation,Shape Sorter Observation,eeg_mf_hz__PO8,False,7.0,2.0,6.0,2.0,3.0,12.0,3.0,1.0,2.1890818184619762,2.7861041325879694,30.508474576271187
P19,A_existing_robot_features,arousal,stack,Stack,eeg_mf_hz__PO8,False,7.0,2.0,6.0,2.0,3.0,12.0,3.0,1.0,2.1890818184619762,2.7861041325879694,14.705882352941178
P19,A_existing_robot_features,arousal,sisyphus,Sisyphus,eeg_mf_hz__PO8,False,7.0,2.0,6.0,2.0,3.0,12.0,4.0,1.0,1.5920595043359826,2.7861041325879694,13.186813186813188
P19,A_existing_robot_features,arousal,shape_sorter_interaction,Shape Sorter Interaction,eeg_mf_hz__PO8,False,7.0,2.0,6.0,2.0,3.0,12.0,8.0,3.0,1.3930520662939845,3.184119008671965,5.194805194805195
P19,C0_reproducible_harmonized_no_ICA,arousal,pick_place,Pick and Place,eeg_mf_hz__PO8,False,7.0,2.0,6.0,2.0,3.0,12.0,7.5,3.75,0.9950371902099893,3.1642182648677633,11.904761904761903
P19,C0_reproducible_harmonized_no_ICA,arousal,shape_sorter_observation,Shape Sorter Observation,eeg_mf_hz__PO8,False,7.0,2.0,6.0,2.0,3.0,12.0,6.0,3.5,0.7960297521679911,2.248784049874572,3.389830508474576
P19,C0_reproducible_harmonized_no_ICA,arousal,stack,Stack,eeg_mf_hz__PO8,False,7.0,2.0,6.0,2.0,3.0,12.0,5.0,3.0,0.9950371902099893,2.4477914879165725,4.411764705882353
P19,C0_reproducible_harmonized_no_ICA,arousal,sisyphus,Sisyphus,eeg_mf_hz__PO8,False,7.0,2.0,6.0,2.0,3.0,12.0,5.0,2.0,1.5920595043359826,2.7861041325879694,7.6923076923076925
P19,C0_reproducible_harmonized_no_ICA,arousal,shape_sorter_interaction,Shape Sorter Interaction,eeg_mf_hz__PO8,False,7.0,2.0,6.0,2.0,3.0,12.0,4.0,2.0,1.5920595043359826,2.1890818184619762,2.5974025974025974
P19,A_existing_robot_features,arousal,pick_place,Pick and Place,eeg_bp_beta__Fz,False,22.843571396111297,9.577560887568374,17.287916202356534,9.301610695265321,8.193728041267866,56.908947088305695,17.973552689847402,6.570823785938771,0.5731784384034362,1.420901478457703,0.0
P19,A_existing_robot_features,arousal,shape_sorter_observation,Shape Sorter Observation,eeg_bp_beta__Fz,False,22.843571396111297,9.577560887568374,17.287916202356534,9.301610695265321,8.193728041267866,56.908947088305695,14.987232038267765,7.589490651352072,0.8425309868761629,1.6610836647477911,8.47457627118644
P19,A_existing_robot_features,arousal,stack,Stack,eeg_bp_beta__Fz,False,22.843571396111297,9.577560887568374,17.287916202356534,9.301610695265321,8.193728041267866,56.908947088305695,17.407885375888874,12.288336593430973,0.8139813347641751,1.6021116860966926,1.4705882352941175
P19,A_existing_robot_features,arousal,sisyphus,Sisyphus,eeg_bp_beta__Fz,False,22.843571396111297,9.577560887568374,17.287916202356534,9.301610695265321,8.193728041267866,56.908947088305695,16.96514591565088,9.532871966248317,0.7610381140061453,1.5408769035893966,0.0
P19,A_existing_robot_features,arousal,shape_sorter_interaction,Shape Sorter Interaction,eeg_bp_beta__Fz,False,22.843571396111297,9.577560887568374,17.287916202356534,9.301610695265321,8.193728041267866,56.908947088305695,15.22998083019894,9.42887047954326,0.9128310955264665,1.6971763852891089,12.987012987012985
P19,C0_reproducible_harmonized_no_ICA,arousal,pick_place,Pick and Place,eeg_bp_beta__Fz,False,22.843571396111297,9.577560887568374,17.287916202356534,9.301610695265321,8.193728041267866,56.908947088305695,17.973557598520358,6.570379980244928,0.5732099227119284,1.4206845404868236,0.0
P19,C0_reproducible_harmonized_no_ICA,arousal,shape_sorter_observation,Shape Sorter Observation,eeg_bp_beta__Fz,False,22.843571396111297,9.577560887568374,17.287916202356534,9.301610695265321,8.193728041267866,56.908947088305695,14.988610577897624,7.589235296913666,0.8425873315658857,1.6610176381257624,8.47457627118644
P19,C0_reproducible_harmonized_no_ICA,arousal,stack,Stack,eeg_bp_beta__Fz,False,22.843571396111297,9.577560887568374,17.287916202356534,9.301610695265321,8.193728041267866,56.908947088305695,17.40708710612914,12.289351334850846,0.8140541911901683,1.5978596680906696,1.4705882352941175
P19,C0_reproducible_harmonized_no_ICA,arousal,sisyphus,Sisyphus,eeg_bp_beta__Fz,False,22.843571396111297,9.577560887568374,17.287916202356534,9.301610695265321,8.193728041267866,56.908947088305695,16.964834637942968,9.532872991139348,0.7605534140269578,1.5093900098518733,0.0
P19,C0_reproducible_harmonized_no_ICA,arousal,shape_sorter_interaction,Shape Sorter Interaction,eeg_bp_beta__Fz,False,22.843571396111297,9.577560887568374,17.287916202356534,9.301610695265321,8.193728041267866,56.908947088305695,15.229904185323115,9.42890913048067,0.912834657198466,1.6972005448051395,12.987012987012985
P19,A_existing_robot_features,arousal,pick_place,Pick and Place,eeg_bp_beta__PO8,False,8.066249401244097,2.3438049967323087,6.4574868107520125,1.7000797962133332,3.6317451569747554,17.95899808473612,12.485317937997454,4.066752447029829,2.2106824201750426,7.826237489695548,11.904761904761903
P19,A_existing_robot_features,arousal,shape_sorter_observation,Shape Sorter Observation,eeg_bp_beta__PO8,False,8.066249401244097,2.3438049967323087,6.4574868107520125,1.7000797962133332,3.6317451569747554,17.95899808473612,11.086461630960114,4.187366794398287,1.5598474341791322,4.255141245674515,5.084745762711865
P19,A_existing_robot_features,arousal,stack,Stack,eeg_bp_beta__PO8,False,8.066249401244097,2.3438049967323087,6.4574868107520125,1.7000797962133332,3.6317451569747554,17.95899808473612,14.47087823410422,3.9468098501740556,3.134488604562634,5.293771006552413,16.176470588235293
P19,A_existing_robot_features,arousal,sisyphus,Sisyphus,eeg_bp_beta__PO8,False,8.066249401244097,2.3438049967323087,6.4574868107520125,1.7000797962133332,3.6317451569747554,17.95899808473612,19.176244896793328,7.536177961718861,5.323717927553521,11.277366962028228,59.34065934065934
P19,A_existing_robot_features,arousal,shape_sorter_interaction,Shape Sorter Interaction,eeg_bp_beta__PO8,False,8.066249401244097,2.3438049967323087,6.4574868107520125,1.7000797962133332,3.6317451569747554,17.95899808473612,19.95598894289382,7.61616693274004,5.686503370755346,9.913076424078364,66.23376623376623
P19,C0_reproducible_harmonized_no_ICA,arousal,pick_place,Pick and Place,eeg_bp_beta__PO8,False,8.066249401244097,2.3438049967323087,6.4574868107520125,1.7000797962133332,3.6317451569747554,17.95899808473612,12.485365614498184,4.066573038802709,2.2107046022494474,7.722203108441765,11.904761904761903
P19,C0_reproducible_harmonized_no_ICA,arousal,shape_sorter_observation,Shape Sorter Observation,eeg_bp_beta__PO8,False,8.066249401244097,2.3438049967323087,6.4574868107520125,1.7000797962133332,3.6317451569747554,17.95899808473612,11.086845287769464,4.186497202979668,1.5600259351966306,4.255282193371556,5.084745762711865
P19,C0_reproducible_harmonized_no_ICA,arousal,stack,Stack,eeg_bp_beta__PO8,False,8.066249401244097,2.3438049967323087,6.4574868107520125,1.7000797962133332,3.6317451569747554,17.95899808473612,14.470937493181367,3.9459979199767883,3.134516175572216,5.293950994531023,16.176470588235293
P19,C0_reproducible_harmonized_no_ICA,arousal,sisyphus,Sisyphus,eeg_bp_beta__PO8,False,8.066249401244097,2.3438049967323087,6.4574868107520125,1.7000797962133332,3.6317451569747554,17.95899808473612,19.17610380519534,7.535714695371189,5.323652282963909,11.276993710066312,59.34065934065934
P19,C0_reproducible_harmonized_no_ICA,arousal,shape_sorter_interaction,Shape Sorter Interaction,eeg_bp_beta__PO8,False,8.066249401244097,2.3438049967323087,6.4574868107520125,1.7000797962133332,3.6317451569747554,17.95899808473612,19.956143456324742,7.615865077039707,5.686575260016697,9.912879682381387,66.23376623376623
P19,A_existing_robot_features,arousal,pick_place,Pick and Place,eeg_bp_beta__Pz,False,2.6696069615351288,1.2640259918285426,2.35089987224879,0.8162776922547219,1.1610735531347969,5.468825619608707,2.2952929396179513,1.0120815361121338,0.7687768240754317,2.6361555055266996,4.761904761904762
P19,A_existing_robot_features,arousal,shape_sorter_observation,Shape Sorter Observation,eeg_bp_beta__Pz,False,2.6696069615351288,1.2640259918285426,2.35089987224879,0.8162776922547219,1.1610735531347969,5.468825619608707,2.120517873931559,0.8697314694015235,0.6979481377776053,1.4078475172998575,3.389830508474576
P19,A_existing_robot_features,arousal,stack,Stack,eeg_bp_beta__Pz,False,2.6696069615351288,1.2640259918285426,2.35089987224879,0.8162776922547219,1.1610735531347969,5.468825619608707,2.4300398131092367,1.0375878269592345,0.6394502013356429,1.612508392922243,1.4705882352941175
P19,A_existing_robot_features,arousal,sisyphus,Sisyphus,eeg_bp_beta__Pz,False,2.6696069615351288,1.2640259918285426,2.35089987224879,0.8162776922547219,1.1610735531347969,5.468825619608707,1.961141619089754,0.6556228922359497,0.8451337790561355,1.6678033976070443,4.395604395604396
P19,A_existing_robot_features,arousal,shape_sorter_interaction,Shape Sorter Interaction,eeg_bp_beta__Pz,False,2.6696069615351288,1.2640259918285426,2.35089987224879,0.8162776922547219,1.1610735531347969,5.468825619608707,1.957160181386144,1.024858950143174,0.9557918890822761,2.0734397461468945,6.493506493506493
P19,C0_reproducible_harmonized_no_ICA,arousal,pick_place,Pick and Place,eeg_bp_beta__Pz,False,2.6696069615351288,1.2640259918285426,2.35089987224879,0.8162776922547219,1.1610735531347969,5.468825619608707,2.2953947213795267,1.0127327407224294,0.7688098488367685,2.636368379162592,4.761904761904762
P19,C0_reproducible_harmonized_no_ICA,arousal,shape_sorter_observation,Shape Sorter Observation,eeg_bp_beta__Pz,False,2.6696069615351288,1.2640259918285426,2.35089987224879,0.8162776922547219,1.1610735531347969,5.468825619608707,2.1204612564635297,0.8699380691658498,0.6978437489568261,1.40781137193505,3.389830508474576
P19,C0_reproducible_harmonized_no_ICA,arousal,stack,Stack,eeg_bp_beta__Pz,False,2.6696069615351288,1.2640259918285426,2.35089987224879,0.8162776922547219,1.1610735531347969,5.468825619608707,2.4297373493078123,1.0376279923948761,0.639399687885514,1.6127682414726456,0.0
P19,C0_reproducible_harmonized_no_ICA,arousal,sisyphus,Sisyphus,eeg_bp_beta__Pz,False,2.6696069615351288,1.2640259918285426,2.35089987224879,0.8162776922547219,1.1610735531347969,5.468825619608707,1.9614122250899537,0.6556849153192845,0.843380700772897,1.6678719470344987,4.395604395604396
P19,C0_reproducible_harmonized_no_ICA,arousal,shape_sorter_interaction,Shape Sorter Interaction,eeg_bp_beta__Pz,False,2.6696069615351288,1.2640259918285426,2.35089987224879,0.8162776922547219,1.1610735531347969,5.468825619608707,1.957142519230182,1.0247894772404997,0.9557790771152579,2.073380638323771,6.493506493506493
