trials.thisRepN,trials.thisTrialN,trials.thisN,trials.thisIndex,thisRow.t,notes,stim_id,category,trigger_sent,image_path,valence_rating,valence_rt,arousal_rating,arousal_rt,participant,session,
0,-1,-1,0,,,Dancing 5.jpg,HAHV,115,/home/sysgen/Projects/Yolanda/Thesis_EEG_Robots/eeg_emotion_experiment/stimuli/HAHV/Dancing 5.jpg,7,3.0298449993133545,6,2.8972880840301514,P01,001,
0,-1,-1,0,,,Sad pose 4.jpg,LALV,414,/home/sysgen/Projects/Yolanda/Thesis_EEG_Robots/eeg_emotion_experiment/stimuli/LALV/Sad pose 4.jpg,3,2.1468489170074463,2,3.6169240474700928,P01,001,
0,-1,-1,0,,,Cemetery 4.jpg,HALV,223,/home/sysgen/Projects/Yolanda/Thesis_EEG_Robots/eeg_emotion_experiment/stimuli/HALV/Cemetery 4.jpg,3,2.7108945846557617,3,1.5169031620025635,P01,001,
0,-1,-1,0,,,Bored pose 2.jpg,LALV,423,/home/sysgen/Projects/Yolanda/Thesis_EEG_Robots/eeg_emotion_experiment/stimuli/LALV/Bored pose 2.jpg,3,2.147569417953491,3,1.9810717105865479,P01,001,
0,-1,-1,0,,,Cheerleader 1.jpg,HAHV,121,/home/sysgen/Projects/Yolanda/Thesis_EEG_Robots/eeg_emotion_experiment/stimuli/HAHV/Cheerleader 1.jpg,5,1.812821626663208,5,2.9147303104400635,P01,001,
0,-1,-1,0,,,Collaboration 1.jpg,LAHV,320,/home/sysgen/Projects/Yolanda/Thesis_EEG_Robots/eeg_emotion_experiment/stimuli/LAHV/Collaboration 1.jpg,3,3.3293943405151367,3,2.3302721977233887,P01,001,
0,-1,-1,0,,,Cardboard 3.jpg,LAHV,302,/home/sysgen/Projects/Yolanda/Thesis_EEG_Robots/eeg_emotion_experiment/stimuli/LAHV/Cardboard 3.jpg,3,1.9634621143341064,2,1.9975042343139648,P01,001,
0,-1,-1,0,,,Lamb 1.jpg,HAHV,103,/home/sysgen/Projects/Yolanda/Thesis_EEG_Robots/eeg_emotion_experiment/stimuli/HAHV/Lamb 1.jpg,6,1.4482614994049072,5,1.6797077655792236,P01,001,
0,-1,-1,0,,,Frustrated pose 2.jpg,LALV,409,/home/sysgen/Projects/Yolanda/Thesis_EEG_Robots/eeg_emotion_experiment/stimuli/LALV/Frustrated pose 2.jpg,3,1.748457908630371,2,2.0630993843078613,P01,001,
0,-1,-1,0,,,Injury 3.jpg,HALV,203,/home/sysgen/Projects/Yolanda/Thesis_EEG_Robots/eeg_emotion_experiment/stimuli/HALV/Injury 3.jpg,2,1.745290994644165,6,2.3148670196533203,P01,001,
0,-1,-1,0,,,Rooster 1.jpg,LAHV,330,/home/sysgen/Projects/Yolanda/Thesis_EEG_Robots/eeg_emotion_experiment/stimuli/LAHV/Rooster 1.jpg,7,1.2140271663665771,6,1.580456018447876,P01,001,
0,-1,-1,0,,,Biking 1.jpg,HAHV,117,/home/sysgen/Projects/Yolanda/Thesis_EEG_Robots/eeg_emotion_experiment/stimuli/HAHV/Biking 1.jpg,4,2.0150880813598633,1,1.44627046585083,P01,001,
0,-1,-1,0,,,Flood 1.jpg,HALV,228,/home/sysgen/Projects/Yolanda/Thesis_EEG_Robots/eeg_emotion_experiment/stimuli/HALV/Flood 1.jpg,2,2.2979536056518555,2,1.598217248916626,P01,001,
0,-1,-1,0,,,Hangover 1.jpg,LALV,413,/home/sysgen/Projects/Yolanda/Thesis_EEG_Robots/eeg_emotion_experiment/stimuli/LALV/Hangover 1.jpg,3,1.3310976028442383,2,1.3473262786865234,P01,001,
0,-1,-1,0,,,Destruction 2.jpg,LALV,422,/home/sysgen/Projects/Yolanda/Thesis_EEG_Robots/eeg_emotion_experiment/stimuli/LALV/Destruction 2.jpg,6,1.4305100440979004,6,3.145491600036621,P01,001,
0,-1,-1,0,,,Toilet 2.jpg,LAHV,318,/home/sysgen/Projects/Yolanda/Thesis_EEG_Robots/eeg_emotion_experiment/stimuli/LAHV/Toilet 2.jpg,3,1.8146998882293701,4,1.097506046295166,P01,001,
0,-1,-1,0,,,Picnic 1.jpg,HAHV,105,/home/sysgen/Projects/Yolanda/Thesis_EEG_Robots/eeg_emotion_experiment/stimuli/HAHV/Picnic 1.jpg,5,2.195338487625122,5,1.227308750152588,P01,001,
0,-1,-1,0,,,Present 1.jpg,LAHV,326,/home/sysgen/Projects/Yolanda/Thesis_EEG_Robots/eeg_emotion_experiment/stimuli/LAHV/Present 1.jpg,4,2.730861186981201,4,1.7982141971588135,P01,001,
0,-1,-1,0,,,War 3.jpg,HALV,224,/home/sysgen/Projects/Yolanda/Thesis_EEG_Robots/eeg_emotion_experiment/stimuli/HALV/War 3.jpg,3,1.595944881439209,5,1.7314789295196533,P01,001,
0,-1,-1,0,,,Meerkat 1.jpg,LAHV,323,/home/sysgen/Projects/Yolanda/Thesis_EEG_Robots/eeg_emotion_experiment/stimuli/LAHV/Meerkat 1.jpg,6,1.3639066219329834,5,2.664222240447998,P01,001,
0,-1,-1,0,,,Windmill 1.jpg,LALV,424,/home/sysgen/Projects/Yolanda/Thesis_EEG_Robots/eeg_emotion_experiment/stimuli/LALV/Windmill 1.jpg,4,2.949819803237915,2,1.6460072994232178,P01,001,
0,-1,-1,0,,,Depressed pose 2.jpg,LALV,417,/home/sysgen/Projects/Yolanda/Thesis_EEG_Robots/eeg_emotion_experiment/stimuli/LALV/Depressed pose 2.jpg,3,1.6467816829681396,2,1.1269097328186035,P01,001,
0,-1,-1,0,,,Bubble 2.jpg,LAHV,316,/home/sysgen/Projects/Yolanda/Thesis_EEG_Robots/eeg_emotion_experiment/stimuli/LAHV/Bubble 2.jpg,5,2.0303378105163574,5,1.2314891815185547,P01,001,
0,-1,-1,0,,,Dog 28.jpg,HAHV,101,/home/sysgen/Projects/Yolanda/Thesis_EEG_Robots/eeg_emotion_experiment/stimuli/HAHV/Dog 28.jpg,6,1.5811948776245117,6,0.9474070072174072,P01,001,
0,-1,-1,0,,,Wedding 6.jpg,HAHV,109,/home/sysgen/Projects/Yolanda/Thesis_EEG_Robots/eeg_emotion_experiment/stimuli/HAHV/Wedding 6.jpg,5,1.0303523540496826,5,0.8488917350769043,P01,001,
0,-1,-1,0,,,Ambulance 2.jpg,LALV,421,/home/sysgen/Projects/Yolanda/Thesis_EEG_Robots/eeg_emotion_experiment/stimuli/LALV/Ambulance 2.jpg,3,3.1801319122314453,3,0.5974230766296387,P01,001,
0,-1,-1,0,,,Spider 1.jpg,HALV,206,/home/sysgen/Projects/Yolanda/Thesis_EEG_Robots/eeg_emotion_experiment/stimuli/HALV/Spider 1.jpg,2,0.9825284481048584,6,1.0790479183197021,P01,001,
0,-1,-1,0,,,Galaxy 8.jpg,HAHV,125,/home/sysgen/Projects/Yolanda/Thesis_EEG_Robots/eeg_emotion_experiment/stimuli/HAHV/Galaxy 8.jpg,5,1.6792211532592773,5,0.8333249092102051,P01,001,
0,-1,-1,0,,,Hang gliding 1.jpg,HAHV,116,/home/sysgen/Projects/Yolanda/Thesis_EEG_Robots/eeg_emotion_experiment/stimuli/HAHV/Hang gliding 1.jpg,4,0.7133126258850098,2,1.5314548015594482,P01,001,
0,-1,-1,0,,,Paper 3.jpg,LAHV,315,/home/sysgen/Projects/Yolanda/Thesis_EEG_Robots/eeg_emotion_experiment/stimuli/LAHV/Paper 3.jpg,4,0.49722886085510254,1,1.030656099319458,P01,001,
0,-1,-1,0,,,Dirt 3.jpg,LAHV,303,/home/sysgen/Projects/Yolanda/Thesis_EEG_Robots/eeg_emotion_experiment/stimuli/LAHV/Dirt 3.jpg,4,0.5972409248352051,5,0.8472285270690918,P01,001,
0,-1,-1,0,,,Car race 2.jpg,HAHV,126,/home/sysgen/Projects/Yolanda/Thesis_EEG_Robots/eeg_emotion_experiment/stimuli/HAHV/Car race 2.jpg,5,1.0816702842712402,5,1.1473333835601807,P01,001,
0,-1,-1,0,,,Yoga 5.jpg,LALV,410,/home/sysgen/Projects/Yolanda/Thesis_EEG_Robots/eeg_emotion_experiment/stimuli/LALV/Yoga 5.jpg,4,1.5814242362976074,2,1.0638563632965088,P01,001,
0,-1,-1,0,,,Sad face 1.jpg,HALV,227,/home/sysgen/Projects/Yolanda/Thesis_EEG_Robots/eeg_emotion_experiment/stimuli/HALV/Sad face 1.jpg,5,1.3303279876708984,5,2.5803327560424805,P01,001,
0,-1,-1,0,,,Skinhead 1.jpg,LALV,405,/home/sysgen/Projects/Yolanda/Thesis_EEG_Robots/eeg_emotion_experiment/stimuli/LALV/Skinhead 1.jpg,2,2.9969608783721924,6,1.1974561214447021,P01,001,
0,-1,-1,0,,,Sunset 5.jpg,HAHV,128,/home/sysgen/Projects/Yolanda/Thesis_EEG_Robots/eeg_emotion_experiment/stimuli/HAHV/Sunset 5.jpg,6,2.130671739578247,5,1.2963676452636719,P01,001,
0,-1,-1,0,,,Volcano 2.jpg,HALV,209,/home/sysgen/Projects/Yolanda/Thesis_EEG_Robots/eeg_emotion_experiment/stimuli/HALV/Volcano 2.jpg,3,1.5640373229980469,5,1.5964245796203613,P01,001,
0,-1,-1,0,,,Garbage dump 6.jpg,LALV,415,/home/sysgen/Projects/Yolanda/Thesis_EEG_Robots/eeg_emotion_experiment/stimuli/LALV/Garbage dump 6.jpg,2,2.262734889984131,6,1.2791948318481445,P01,001,
0,-1,-1,0,,,Garbage dump 2.jpg,HALV,212,/home/sysgen/Projects/Yolanda/Thesis_EEG_Robots/eeg_emotion_experiment/stimuli/HALV/Garbage dump 2.jpg,3,2.5810389518737793,5,1.6806581020355225,P01,001,
0,-1,-1,0,,,Garbage dump 8.jpg,LALV,416,/home/sysgen/Projects/Yolanda/Thesis_EEG_Robots/eeg_emotion_experiment/stimuli/LALV/Garbage dump 8.jpg,2,1.4806084632873535,6,1.198068618774414,P01,001,
0,-1,-1,0,,,Stingray 3.jpg,HAHV,123,/home/sysgen/Projects/Yolanda/Thesis_EEG_Robots/eeg_emotion_experiment/stimuli/HAHV/Stingray 3.jpg,6,1.780236005783081,6,1.4818437099456787,P01,001,
0,-1,-1,0,,,Explosion 2.jpg,HALV,226,/home/sysgen/Projects/Yolanda/Thesis_EEG_Robots/eeg_emotion_experiment/stimuli/HALV/Explosion 2.jpg,2,1.7997708320617676,6,2.197779893875122,P01,001,
0,-1,-1,0,,,Miserable pose 5.jpg,LALV,403,/home/sysgen/Projects/Yolanda/Thesis_EEG_Robots/eeg_emotion_experiment/stimuli/LALV/Miserable pose 5.jpg,3,1.6620917320251465,3,0.9309217929840088,P01,001,
0,-1,-1,0,,,Frustrated pose 7.jpg,LALV,408,/home/sysgen/Projects/Yolanda/Thesis_EEG_Robots/eeg_emotion_experiment/stimuli/LALV/Frustrated pose 7.jpg,3,2.2482595443725586,3,1.2803738117218018,P01,001,
0,-1,-1,0,,,Yoga 2.jpg,LALV,406,/home/sysgen/Projects/Yolanda/Thesis_EEG_Robots/eeg_emotion_experiment/stimuli/LALV/Yoga 2.jpg,5,1.6470210552215576,3,1.1311419010162354,P01,001,
0,-1,-1,0,,,Galaxy 1.jpg,HAHV,122,/home/sysgen/Projects/Yolanda/Thesis_EEG_Robots/eeg_emotion_experiment/stimuli/HAHV/Galaxy 1.jpg,5,2.3988876342773438,3,1.880281686782837,P01,001,
0,-1,-1,0,,,Mother 1.jpg,HAHV,129,/home/sysgen/Projects/Yolanda/Thesis_EEG_Robots/eeg_emotion_experiment/stimuli/HAHV/Mother 1.jpg,5,1.047865629196167,3,3.6306560039520264,P01,001,
0,-1,-1,0,,,Knife 1.jpg,HALV,204,/home/sysgen/Projects/Yolanda/Thesis_EEG_Robots/eeg_emotion_experiment/stimuli/HALV/Knife 1.jpg,3,1.4804003238677979,5,1.7497687339782715,P01,001,
0,-1,-1,0,,,Injury 1.jpg,HALV,218,/home/sysgen/Projects/Yolanda/Thesis_EEG_Robots/eeg_emotion_experiment/stimuli/HALV/Injury 1.jpg,2,1.6605405807495117,6,2.196826696395874,P01,001,
0,-1,-1,0,,,Pollution 1.jpg,HALV,207,/home/sysgen/Projects/Yolanda/Thesis_EEG_Robots/eeg_emotion_experiment/stimuli/HALV/Pollution 1.jpg,3,2.196178674697876,5,1.614414930343628,P01,001,
0,-1,-1,0,,,Memorial 2.jpg,HALV,202,/home/sysgen/Projects/Yolanda/Thesis_EEG_Robots/eeg_emotion_experiment/stimuli/HALV/Memorial 2.jpg,5,0.8303916454315186,3,1.3150620460510254,P01,001,
0,-1,-1,0,,,Dirt 1.jpg,HALV,219,/home/sysgen/Projects/Yolanda/Thesis_EEG_Robots/eeg_emotion_experiment/stimuli/HALV/Dirt 1.jpg,3,3.2275025844573975,3,2.1976635456085205,P01,001,
0,-1,-1,0,,,Dog attack 3.jpg,HALV,221,/home/sysgen/Projects/Yolanda/Thesis_EEG_Robots/eeg_emotion_experiment/stimuli/HALV/Dog attack 3.jpg,2,2.196000099182129,6,1.398285150527954,P01,001,
0,-1,-1,0,,,Fence 4.jpg,LALV,412,/home/sysgen/Projects/Yolanda/Thesis_EEG_Robots/eeg_emotion_experiment/stimuli/LALV/Fence 4.jpg,4,1.946988821029663,2,1.6674354076385498,P01,001,
0,-1,-1,0,,,Food 5.jpg,LAHV,313,/home/sysgen/Projects/Yolanda/Thesis_EEG_Robots/eeg_emotion_experiment/stimuli/LAHV/Food 5.jpg,5,0.7623686790466309,5,1.46285080909729,P01,001,
0,-1,-1,0,,,Acorns 1.jpg,LAHV,309,/home/sysgen/Projects/Yolanda/Thesis_EEG_Robots/eeg_emotion_experiment/stimuli/LAHV/Acorns 1.jpg,5,1.214071273803711,3,0.914954662322998,P01,001,
0,-1,-1,0,,,Wolf 2.jpg,HALV,215,/home/sysgen/Projects/Yolanda/Thesis_EEG_Robots/eeg_emotion_experiment/stimuli/HALV/Wolf 2.jpg,3,1.563535213470459,5,2.2484147548675537,P01,001,
0,-1,-1,0,,,Dock 1.jpg,HAHV,124,/home/sysgen/Projects/Yolanda/Thesis_EEG_Robots/eeg_emotion_experiment/stimuli/HAHV/Dock 1.jpg,5,2.3978819847106934,None,5.0,P01,001,
0,-1,-1,0,,,Beach 1.jpg,HAHV,106,/home/sysgen/Projects/Yolanda/Thesis_EEG_Robots/eeg_emotion_experiment/stimuli/HAHV/Beach 1.jpg,5,1.4484117031097412,5,0.7308111190795898,P01,001,
0,-1,-1,0,,,Depressed pose 4.jpg,LALV,418,/home/sysgen/Projects/Yolanda/Thesis_EEG_Robots/eeg_emotion_experiment/stimuli/LALV/Depressed pose 4.jpg,4,1.3133742809295654,4,1.0978081226348877,P01,001,
0,-1,-1,0,,,Snow 2.jpg,LAHV,317,/home/sysgen/Projects/Yolanda/Thesis_EEG_Robots/eeg_emotion_experiment/stimuli/LAHV/Snow 2.jpg,3,1.2650156021118164,3,0.8645470142364502,P01,001,
0,-1,-1,0,,,Tornado 3.jpg,HALV,210,/home/sysgen/Projects/Yolanda/Thesis_EEG_Robots/eeg_emotion_experiment/stimuli/HALV/Tornado 3.jpg,3,1.3808503150939941,3,0.7481274604797363,P01,001,
0,-1,-1,0,,,Miserable face 1.jpg,LAHV,319,/home/sysgen/Projects/Yolanda/Thesis_EEG_Robots/eeg_emotion_experiment/stimuli/LAHV/Miserable face 1.jpg,1,2.630420446395874,7,1.3138353824615479,P01,001,
0,-1,-1,0,,,Frustrated pose 4.jpg,LALV,402,/home/sysgen/Projects/Yolanda/Thesis_EEG_Robots/eeg_emotion_experiment/stimuli/LALV/Frustrated pose 4.jpg,3,1.364349603652954,5,1.2975916862487793,P01,001,
0,-1,-1,0,,,Yarn 1.jpg,LALV,430,/home/sysgen/Projects/Yolanda/Thesis_EEG_Robots/eeg_emotion_experiment/stimuli/LALV/Yarn 1.jpg,4,2.1634321212768555,2,2.431410074234009,P01,001,
0,-1,-1,0,,,Shot 3.jpg,HALV,201,/home/sysgen/Projects/Yolanda/Thesis_EEG_Robots/eeg_emotion_experiment/stimuli/HALV/Shot 3.jpg,3,1.5480451583862305,5,0.8645093441009521,P01,001,
0,-1,-1,0,,,Grass 7.jpg,LAHV,304,/home/sysgen/Projects/Yolanda/Thesis_EEG_Robots/eeg_emotion_experiment/stimuli/LAHV/Grass 7.jpg,5,2.566155195236206,3,1.8300516605377197,P01,001,
0,-1,-1,0,,,Office supplies 2.jpg,LAHV,324,/home/sysgen/Projects/Yolanda/Thesis_EEG_Robots/eeg_emotion_experiment/stimuli/LAHV/Office supplies 2.jpg,4,2.262625217437744,4,1.2326149940490723,P01,001,
0,-1,-1,0,,,Cockroach 1.jpg,HALV,213,/home/sysgen/Projects/Yolanda/Thesis_EEG_Robots/eeg_emotion_experiment/stimuli/HALV/Cockroach 1.jpg,1,2.080519199371338,7,1.8315906524658203,P01,001,
0,-1,-1,0,,,Alcohol 1.jpg,LAHV,329,/home/sysgen/Projects/Yolanda/Thesis_EEG_Robots/eeg_emotion_experiment/stimuli/LAHV/Alcohol 1.jpg,5,1.94752836227417,2,2.0137479305267334,P01,001,
0,-1,-1,0,,,Scary face 1.jpg,HALV,220,/home/sysgen/Projects/Yolanda/Thesis_EEG_Robots/eeg_emotion_experiment/stimuli/HALV/Scary face 1.jpg,2,1.6978704929351807,6,1.064220666885376,P01,001,
0,-1,-1,0,,,Lake 12.jpg,HAHV,114,/home/sysgen/Projects/Yolanda/Thesis_EEG_Robots/eeg_emotion_experiment/stimuli/HAHV/Lake 12.jpg,7,3.097416400909424,6,2.880591630935669,P01,001,
0,-1,-1,0,,,Bird 2.jpg,HAHV,112,/home/sysgen/Projects/Yolanda/Thesis_EEG_Robots/eeg_emotion_experiment/stimuli/HAHV/Bird 2.jpg,7,2.0657200813293457,5,1.480403184890747,P01,001,
0,-1,-1,0,,,Bloody knife 1.jpg,HALV,211,/home/sysgen/Projects/Yolanda/Thesis_EEG_Robots/eeg_emotion_experiment/stimuli/HALV/Bloody knife 1.jpg,3,1.280785322189331,5,1.3978173732757568,P01,001,
0,-1,-1,0,,,Birthday 1.jpg,LAHV,322,/home/sysgen/Projects/Yolanda/Thesis_EEG_Robots/eeg_emotion_experiment/stimuli/LAHV/Birthday 1.jpg,5,1.8808488845825195,3,1.4141411781311035,P01,001,
0,-1,-1,0,,,Cat 10.jpg,LAHV,321,/home/sysgen/Projects/Yolanda/Thesis_EEG_Robots/eeg_emotion_experiment/stimuli/LAHV/Cat 10.jpg,6,1.1795687675476074,3,0.9151413440704346,P01,001,
0,-1,-1,0,,,Fireworks 1.jpg,HAHV,110,/home/sysgen/Projects/Yolanda/Thesis_EEG_Robots/eeg_emotion_experiment/stimuli/HAHV/Fireworks 1.jpg,5,1.3634014129638672,3,3.2638494968414307,P01,001,
0,-1,-1,0,,,Miserable pose 2.jpg,LALV,419,/home/sysgen/Projects/Yolanda/Thesis_EEG_Robots/eeg_emotion_experiment/stimuli/LALV/Miserable pose 2.jpg,3,1.4470765590667725,5,1.46439790725708,P01,001,
0,-1,-1,0,,,Woods 1.jpg,LAHV,310,/home/sysgen/Projects/Yolanda/Thesis_EEG_Robots/eeg_emotion_experiment/stimuli/LAHV/Woods 1.jpg,2,1.7497708797454834,5,1.5804157257080078,P01,001,
0,-1,-1,0,,,Destruction 10.jpg,HALV,216,/home/sysgen/Projects/Yolanda/Thesis_EEG_Robots/eeg_emotion_experiment/stimuli/HALV/Destruction 10.jpg,2,1.463317632675171,6,1.2817192077636719,P01,001,
0,-1,-1,0,,,Neutral pose 1.jpg,LAHV,314,/home/sysgen/Projects/Yolanda/Thesis_EEG_Robots/eeg_emotion_experiment/stimuli/LAHV/Neutral pose 1.jpg,5,0.9439423084259033,3,1.1838881969451904,P01,001,
0,-1,-1,0,,,Bee 1.jpg,HAHV,127,/home/sysgen/Projects/Yolanda/Thesis_EEG_Robots/eeg_emotion_experiment/stimuli/HAHV/Bee 1.jpg,7,1.6946909427642822,2,2.063941478729248,P01,001,
0,-1,-1,0,,,Jail 5.jpg,LALV,428,/home/sysgen/Projects/Yolanda/Thesis_EEG_Robots/eeg_emotion_experiment/stimuli/LALV/Jail 5.jpg,3,3.4636476039886475,5,1.6982529163360596,P01,001,
0,-1,-1,0,,,Father 1.jpg,HAHV,111,/home/sysgen/Projects/Yolanda/Thesis_EEG_Robots/eeg_emotion_experiment/stimuli/HAHV/Father 1.jpg,5,1.8645203113555908,5,0.7143869400024414,P01,001,
0,-1,-1,0,,,Statue 2.jpg,LAHV,325,/home/sysgen/Projects/Yolanda/Thesis_EEG_Robots/eeg_emotion_experiment/stimuli/LAHV/Statue 2.jpg,5,2.110844135284424,3,1.3839006423950195,P01,001,
0,-1,-1,0,,,Keyboard 3.jpg,LAHV,306,/home/sysgen/Projects/Yolanda/Thesis_EEG_Robots/eeg_emotion_experiment/stimuli/LAHV/Keyboard 3.jpg,4,0.5294971466064453,4,0.5975322723388672,P01,001,
0,-1,-1,0,,,Cold 1.jpg,LAHV,312,/home/sysgen/Projects/Yolanda/Thesis_EEG_Robots/eeg_emotion_experiment/stimuli/LAHV/Cold 1.jpg,2,1.1122558116912842,6,1.9161834716796875,P01,001,
0,-1,-1,0,,,Plane crash 1.jpg,HALV,225,/home/sysgen/Projects/Yolanda/Thesis_EEG_Robots/eeg_emotion_experiment/stimuli/HALV/Plane crash 1.jpg,3,1.7780208587646484,5,1.3501384258270264,P01,001,
0,-1,-1,0,,,Cat 4.jpg,HAHV,113,/home/sysgen/Projects/Yolanda/Thesis_EEG_Robots/eeg_emotion_experiment/stimuli/HAHV/Cat 4.jpg,6,2.346611738204956,None,5.0,P01,001,
0,-1,-1,0,,,Sad face 3.jpg,LALV,426,/home/sysgen/Projects/Yolanda/Thesis_EEG_Robots/eeg_emotion_experiment/stimuli/LALV/Sad face 3.jpg,2,2.0473060607910156,5,2.730832815170288,P01,001,
0,-1,-1,0,,,Exercise 2.jpg,HAHV,130,/home/sysgen/Projects/Yolanda/Thesis_EEG_Robots/eeg_emotion_experiment/stimuli/HAHV/Exercise 2.jpg,2,1.4968130588531494,5,1.0988900661468506,P01,001,
0,-1,-1,0,,,Police 3.jpg,LAHV,328,/home/sysgen/Projects/Yolanda/Thesis_EEG_Robots/eeg_emotion_experiment/stimuli/LAHV/Police 3.jpg,5,1.2283754348754883,5,1.765291690826416,P01,001,
0,-1,-1,0,,,Couple 7.jpg,HAHV,118,/home/sysgen/Projects/Yolanda/Thesis_EEG_Robots/eeg_emotion_experiment/stimuli/HAHV/Couple 7.jpg,5,1.2963066101074219,3,0.5815927982330322,P01,001,
0,-1,-1,0,,,Snake 1.jpg,HALV,205,/home/sysgen/Projects/Yolanda/Thesis_EEG_Robots/eeg_emotion_experiment/stimuli/HALV/Snake 1.jpg,2,1.4837720394134521,5,0.8457245826721191,P01,001,
0,-1,-1,0,,,Cat 7.jpg,HALV,214,/home/sysgen/Projects/Yolanda/Thesis_EEG_Robots/eeg_emotion_experiment/stimuli/HALV/Cat 7.jpg,5,0.7959384918212891,3,2.498370409011841,P01,001,
0,-1,-1,0,,,Hallway 1.jpg,LALV,425,/home/sysgen/Projects/Yolanda/Thesis_EEG_Robots/eeg_emotion_experiment/stimuli/LALV/Hallway 1.jpg,1,1.5312035083770752,7,1.4802820682525635,P01,001,
0,-1,-1,0,,,Fence 5.jpg,LAHV,307,/home/sysgen/Projects/Yolanda/Thesis_EEG_Robots/eeg_emotion_experiment/stimuli/LAHV/Fence 5.jpg,4,1.5309960842132568,4,0.5812609195709229,P01,001,
0,-1,-1,0,,,Sidewalk 6.jpg,LALV,429,/home/sysgen/Projects/Yolanda/Thesis_EEG_Robots/eeg_emotion_experiment/stimuli/LALV/Sidewalk 6.jpg,4,0.7307085990905762,4,0.5323870182037354,P01,001,
0,-1,-1,0,,,Street 2.jpg,LAHV,327,/home/sysgen/Projects/Yolanda/Thesis_EEG_Robots/eeg_emotion_experiment/stimuli/LAHV/Street 2.jpg,5,1.4127907752990723,3,0.7147552967071533,P01,001,
0,-1,-1,0,,,Sad pose 6.jpg,LALV,420,/home/sysgen/Projects/Yolanda/Thesis_EEG_Robots/eeg_emotion_experiment/stimuli/LALV/Sad pose 6.jpg,1,1.4967474937438965,7,1.2648522853851318,P01,001,
0,-1,-1,0,,,Tumor 1.jpg,HALV,208,/home/sysgen/Projects/Yolanda/Thesis_EEG_Robots/eeg_emotion_experiment/stimuli/HALV/Tumor 1.jpg,1,1.8637008666992188,7,1.497878074645996,P01,001,
0,-1,-1,0,,,Garbage dump 5.jpg,LALV,404,/home/sysgen/Projects/Yolanda/Thesis_EEG_Robots/eeg_emotion_experiment/stimuli/LALV/Garbage dump 5.jpg,3,2.078444719314575,5,1.048980951309204,P01,001,
0,-1,-1,0,,,Tornado 2.jpg,HAHV,120,/home/sysgen/Projects/Yolanda/Thesis_EEG_Robots/eeg_emotion_experiment/stimuli/HAHV/Tornado 2.jpg,3,1.3653647899627686,5,1.046471118927002,P01,001,
0,-1,-1,0,,,Garbage dump 1.jpg,LALV,427,/home/sysgen/Projects/Yolanda/Thesis_EEG_Robots/eeg_emotion_experiment/stimuli/LALV/Garbage dump 1.jpg,3,1.9808175563812256,5,2.315537452697754,P01,001,
0,-1,-1,0,,,Snow 4.jpg,LALV,401,/home/sysgen/Projects/Yolanda/Thesis_EEG_Robots/eeg_emotion_experiment/stimuli/LALV/Snow 4.jpg,5,1.8315317630767822,3,1.2321720123291016,P01,001,
0,-1,-1,0,,,Dessert 2.jpg,LAHV,311,/home/sysgen/Projects/Yolanda/Thesis_EEG_Robots/eeg_emotion_experiment/stimuli/LAHV/Dessert 2.jpg,5,1.1136155128479004,3,0.6823959350585938,P01,001,
0,-1,-1,0,,,Cups 1.jpg,LAHV,305,/home/sysgen/Projects/Yolanda/Thesis_EEG_Robots/eeg_emotion_experiment/stimuli/LAHV/Cups 1.jpg,4,0.6967287063598633,3,1.2639479637145996,P01,001,
0,-1,-1,0,,,Angry face 1.jpg,LALV,407,/home/sysgen/Projects/Yolanda/Thesis_EEG_Robots/eeg_emotion_experiment/stimuli/LALV/Angry face 1.jpg,5,0.9974451065063477,5,0.7304787635803223,P01,001,
0,-1,-1,0,,,Jail 2.jpg,HALV,222,/home/sysgen/Projects/Yolanda/Thesis_EEG_Robots/eeg_emotion_experiment/stimuli/HALV/Jail 2.jpg,4,0.5285916328430176,5,3.000337600708008,P01,001,
0,-1,-1,0,,,Fire 2.jpg,HALV,229,/home/sysgen/Projects/Yolanda/Thesis_EEG_Robots/eeg_emotion_experiment/stimuli/HALV/Fire 2.jpg,3,1.5438833236694336,5,1.26499605178833,P01,001,
0,-1,-1,0,,,Doctor 2.jpg,HAHV,108,/home/sysgen/Projects/Yolanda/Thesis_EEG_Robots/eeg_emotion_experiment/stimuli/HAHV/Doctor 2.jpg,5,1.08168625831604,3,0.8980996608734131,P01,001,
0,-1,-1,0,,,Soccer 2.jpg,LAHV,308,/home/sysgen/Projects/Yolanda/Thesis_EEG_Robots/eeg_emotion_experiment/stimuli/LAHV/Soccer 2.jpg,6,0.9471151828765869,5,2.4135775566101074,P01,001,
0,-1,-1,0,,,Dog 19.jpg,HAHV,119,/home/sysgen/Projects/Yolanda/Thesis_EEG_Robots/eeg_emotion_experiment/stimuli/HAHV/Dog 19.jpg,6,2.38016414642334,6,2.7147586345672607,P01,001,
0,-1,-1,0,,,Angry face 4.jpg,HALV,230,/home/sysgen/Projects/Yolanda/Thesis_EEG_Robots/eeg_emotion_experiment/stimuli/HALV/Angry face 4.jpg,2,2.080998659133911,6,1.0475726127624512,P01,001,
0,-1,-1,0,,,Swimming 1.jpg,HAHV,104,/home/sysgen/Projects/Yolanda/Thesis_EEG_Robots/eeg_emotion_experiment/stimuli/HAHV/Swimming 1.jpg,5,1.5503463745117188,3,0.7117769718170166,P01,001,
0,-1,-1,0,,,Flowers 8.jpg,HAHV,102,/home/sysgen/Projects/Yolanda/Thesis_EEG_Robots/eeg_emotion_experiment/stimuli/HAHV/Flowers 8.jpg,5,2.2513465881347656,3,0.9119038581848145,P01,001,
0,-1,-1,0,,,Ornament 1.jpg,LAHV,301,/home/sysgen/Projects/Yolanda/Thesis_EEG_Robots/eeg_emotion_experiment/stimuli/LAHV/Ornament 1.jpg,5,0.6642460823059082,3,1.7480781078338623,P01,001,
0,-1,-1,0,,,Massage 1.jpg,HAHV,107,/home/sysgen/Projects/Yolanda/Thesis_EEG_Robots/eeg_emotion_experiment/stimuli/HAHV/Massage 1.jpg,5,1.1141788959503174,3,0.8813302516937256,P01,001,
0,-1,-1,0,,,Sleepy pose 1.jpg,LALV,411,/home/sysgen/Projects/Yolanda/Thesis_EEG_Robots/eeg_emotion_experiment/stimuli/LALV/Sleepy pose 1.jpg,5,0.8794281482696533,3,1.164574384689331,P01,001,
0,-1,-1,0,,,Car accident 1.jpg,HALV,217,/home/sysgen/Projects/Yolanda/Thesis_EEG_Robots/eeg_emotion_experiment/stimuli/HALV/Car accident 1.jpg,3,2.013554573059082,5,1.2972195148468018,P01,001,
