participant,measure,valid_ratings,missing_ratings,mean,sd,median,min,q1,q3,max,discrete_value_counts,low_count,high_count,low_percent,high_percent,class_imbalance_ratio_major_to_minor
P01,valence,120,0,3.908333333333333,1.4894352510085085,4.0,1.0,3.0,5.0,7.0,1:5; 2:17; 3:32; 4:16; 5:35; 6:10; 7:5,54,66,45.0,55.0,1.2222222222222223
P01,arousal,118,2,4.245762711864407,1.4788332238277773,5.0,1.0,3.0,5.0,7.0,1:2; 2:13; 3:32; 4:7; 5:40; 6:19; 7:5,47,71,39.83050847457627,60.16949152542373,1.5106382978723405
P02,valence,93,27,4.440860215053763,1.6316327218290982,5.0,1.0,3.0,6.0,7.0,1:3; 2:10; 3:16; 4:17; 5:16; 6:23; 7:8,29,64,31.182795698924732,68.81720430107526,2.206896551724138
P02,arousal,110,10,3.809090909090909,1.3846832814130652,4.0,1.0,3.0,5.0,7.0,1:8; 2:10; 3:26; 4:29; 5:26; 6:10; 7:1,44,66,40.0,60.0,1.5
P03,valence,54,0,4.2592592592592595,2.190762641270009,5.0,1.0,2.0,6.0,7.0,1:8; 2:8; 3:6; 4:4; 5:8; 6:8; 7:12,22,32,40.74074074074074,59.25925925925926,1.4545454545454546
P03,arousal,54,0,3.259259259259259,2.4739029219768267,1.5,1.0,1.0,5.75,7.0,1:27; 2:1; 3:2; 4:1; 5:9; 6:6; 7:8,30,24,55.55555555555556,44.44444444444444,1.25
P08,valence,120,0,3.841666666666667,1.4201185495154518,3.5,1.0,3.0,5.0,6.0,1:1; 2:22; 3:37; 4:17; 5:21; 6:22,60,60,50.0,50.0,1.0
P08,arousal,120,0,3.525,0.8595728859256132,3.5,2.0,3.0,4.0,5.0,2:13; 3:47; 4:44; 5:16,60,60,50.0,50.0,1.0
P10,valence,120,0,4.591666666666667,1.8986763781106875,4.0,1.0,3.0,7.0,7.0,1:1; 2:12; 3:37; 4:17; 5:10; 6:4; 7:39,50,70,41.666666666666664,58.333333333333336,1.4
P10,arousal,120,0,3.058333333333333,1.5300674634070979,4.0,1.0,1.0,4.0,6.0,1:36; 2:6; 3:14; 4:44; 5:19; 6:1,56,64,46.666666666666664,53.333333333333336,1.1428571428571428
P11,valence,120,0,3.9833333333333334,2.157587095073831,4.0,1.0,2.0,6.0,7.0,1:18; 2:20; 3:20; 4:13; 5:13; 6:9; 7:27,58,62,48.333333333333336,51.666666666666664,1.0689655172413792
P11,arousal,120,0,4.0,1.8920443791764265,4.0,1.0,2.0,6.0,7.0,1:13; 2:19; 3:20; 4:16; 5:20; 6:19; 7:13,52,68,43.333333333333336,56.666666666666664,1.3076923076923077
P14,valence,120,0,3.9,2.474746400724559,3.0,1.0,1.0,7.0,7.0,1:34; 2:14; 3:15; 4:1; 5:12; 6:11; 7:33,63,57,52.5,47.5,1.105263157894737
P14,arousal,120,0,4.308333333333334,2.4963699135140285,5.5,1.0,2.0,7.0,7.0,1:28; 2:18; 3:6; 5:8; 6:25; 7:35,52,68,43.333333333333336,56.666666666666664,1.3076923076923077
P15,valence,120,0,3.925,1.7352620706341484,4.0,1.0,3.0,5.0,7.0,1:16; 2:11; 3:13; 4:39; 5:17; 6:15; 7:9,40,80,33.333333333333336,66.66666666666667,2.0
P15,arousal,120,0,4.083333333333333,1.3257839496812793,4.0,1.0,4.0,5.0,7.0,1:3; 2:14; 3:9; 4:62; 5:15; 6:10; 7:7,26,94,21.666666666666668,78.33333333333333,3.6153846153846154
P16,valence,120,0,3.966666666666667,1.7097512391338945,4.0,1.0,2.0,6.0,7.0,1:5; 2:26; 3:24; 4:16; 5:17; 6:26; 7:6,55,65,45.833333333333336,54.166666666666664,1.1818181818181819
P16,arousal,120,0,4.108333333333333,1.6743032331470338,4.0,1.0,3.0,5.0,7.0,1:6; 2:23; 3:15; 4:19; 5:28; 6:23; 7:6,44,76,36.666666666666664,63.333333333333336,1.7272727272727273
P17,valence,120,0,4.283333333333333,1.7972122826187,4.5,1.0,3.0,6.0,7.0,1:7; 2:12; 3:33; 4:8; 5:25; 6:18; 7:17,52,68,43.333333333333336,56.666666666666664,1.3076923076923077
P17,arousal,120,0,4.541666666666667,1.269525375040274,5.0,1.0,3.0,5.0,7.0,1:2; 2:1; 3:29; 4:18; 5:43; 6:22; 7:5,32,88,26.666666666666668,73.33333333333333,2.75
P18,valence,120,0,3.941666666666667,1.83475244286815,4.0,1.0,2.0,6.0,7.0,1:11; 2:22; 3:25; 4:6; 5:25; 6:23; 7:8,58,62,48.333333333333336,51.666666666666664,1.0689655172413792
P18,arousal,120,0,3.7583333333333333,1.4260236384320375,3.0,1.0,3.0,5.0,7.0,1:4; 2:16; 3:42; 4:20; 5:25; 6:7; 7:6,62,58,51.666666666666664,48.333333333333336,1.0689655172413792
P19,valence,120,0,4.016666666666667,1.6191258837567202,4.0,1.0,3.0,5.0,7.0,1:7; 2:15; 3:21; 4:38; 5:16; 6:11; 7:12,43,77,35.833333333333336,64.16666666666667,1.7906976744186047
P19,arousal,120,0,3.6166666666666667,1.6611392938286063,3.0,1.0,2.0,5.0,7.0,1:13; 2:18; 3:34; 4:15; 5:24; 6:9; 7:7,65,55,54.166666666666664,45.833333333333336,1.1818181818181819
P20,valence,120,0,3.8333333333333335,1.631276931048284,4.0,1.0,3.0,5.0,7.0,1:10; 2:17; 3:26; 4:26; 5:16; 6:21; 7:4,53,67,44.166666666666664,55.833333333333336,1.2641509433962264
P20,arousal,120,0,4.241666666666666,1.396248474993462,4.0,1.0,3.0,5.0,7.0,1:4; 2:7; 3:26; 4:31; 5:28; 6:19; 7:5,37,83,30.833333333333332,69.16666666666667,2.2432432432432434
P21,valence,120,0,4.791666666666667,2.003760470317988,5.0,1.0,3.0,6.0,7.0,1:14; 2:10; 3:7; 4:7; 5:26; 6:30; 7:26,31,89,25.833333333333332,74.16666666666667,2.870967741935484
P21,arousal,120,0,3.3916666666666666,2.201206061060459,2.0,1.0,1.0,6.0,7.0,1:34; 2:27; 3:8; 4:4; 5:13; 6:24; 7:10,69,51,57.5,42.5,1.3529411764705883
P22,valence,120,0,3.3666666666666667,2.2112521010372688,3.0,1.0,1.0,5.0,7.0,1:38; 2:17; 3:13; 4:12; 5:11; 6:13; 7:16,68,52,56.666666666666664,43.333333333333336,1.3076923076923077
P22,arousal,120,0,3.066666666666667,2.187563524487796,2.0,1.0,1.0,5.0,7.0,1:49; 2:12; 3:12; 4:14; 5:8; 6:12; 7:13,73,47,60.833333333333336,39.166666666666664,1.553191489361702
P23,valence,120,0,3.325,1.9964779913006554,3.0,1.0,2.0,5.0,7.0,1:29; 2:25; 3:15; 4:11; 5:19; 6:11; 7:10,69,51,57.5,42.5,1.3529411764705883
P23,arousal,120,0,4.55,1.5975296054646795,5.0,1.0,3.0,6.0,7.0,1:2; 2:16; 3:19; 4:6; 5:43; 6:22; 7:12,37,83,30.833333333333332,69.16666666666667,2.2432432432432434
P24,valence,120,0,3.966666666666667,2.4595324189544554,3.0,1.0,1.0,6.0,7.0,1:32; 2:16; 3:14; 5:6; 6:24; 7:28,62,58,51.666666666666664,48.333333333333336,1.0689655172413792
P24,arousal,120,0,3.9583333333333335,2.155297687849477,5.0,1.0,2.0,6.0,7.0,1:21; 2:25; 3:10; 4:1; 5:21; 6:29; 7:13,56,64,46.666666666666664,53.333333333333336,1.1428571428571428
P25,valence,120,0,4.225,1.7985171296226838,5.0,1.0,3.0,6.0,7.0,1:5; 2:21; 3:28; 4:1; 5:32; 6:19; 7:14,54,66,45.0,55.0,1.2222222222222223
P25,arousal,120,0,3.9833333333333334,1.598230814586766,5.0,1.0,2.0,5.0,7.0,1:4; 2:29; 3:19; 4:1; 5:50; 6:14; 7:3,52,68,43.333333333333336,56.666666666666664,1.3076923076923077
P26,valence,120,0,3.3916666666666666,2.1626929732069096,3.0,1.0,1.0,5.0,7.0,1:34; 2:20; 3:14; 4:12; 5:13; 6:11; 7:16,68,52,56.666666666666664,43.333333333333336,1.3076923076923077
P26,arousal,120,0,4.4,2.0799159646889747,5.0,1.0,2.75,6.0,7.0,1:13; 2:17; 3:15; 4:14; 5:10; 6:27; 7:24,45,75,37.5,62.5,1.6666666666666667
P27,valence,120,0,4.25,1.625686668105863,4.0,1.0,3.0,6.0,7.0,1:6; 2:14; 3:19; 4:26; 5:24; 6:22; 7:9,39,81,32.5,67.5,2.076923076923077
P27,arousal,120,0,4.283333333333333,1.2514417455786866,4.0,1.0,4.0,5.0,6.0,1:1; 2:12; 3:16; 4:37; 5:31; 6:23,29,91,24.166666666666668,75.83333333333333,3.1379310344827585
P29,valence,120,0,4.133333333333334,1.970084387278169,4.0,1.0,2.0,6.0,7.0,1:9; 2:25; 3:17; 4:18; 5:11; 6:21; 7:19,51,69,42.5,57.5,1.3529411764705883
P29,arousal,120,0,4.166666666666667,1.5357549991346102,4.0,1.0,3.0,5.0,7.0,1:3; 2:20; 3:17; 4:25; 5:30; 6:19; 7:6,40,80,33.333333333333336,66.66666666666667,2.0
P30,valence,120,0,3.808333333333333,1.8799956791177475,4.0,1.0,2.0,5.0,7.0,1:14; 2:21; 3:24; 4:16; 5:18; 6:14; 7:13,59,61,49.166666666666664,50.833333333333336,1.0338983050847457
P30,arousal,120,0,4.2,1.4118347321568376,5.0,1.0,3.0,5.0,7.0,1:5; 2:7; 3:32; 4:12; 5:48; 6:11; 7:5,44,76,36.666666666666664,63.333333333333336,1.7272727272727273
P32,valence,120,0,3.725,1.5004901160071977,4.0,1.0,3.0,5.0,7.0,1:7; 2:16; 3:35; 4:30; 5:16; 6:9; 7:7,58,62,48.333333333333336,51.666666666666664,1.0689655172413792
P32,arousal,120,0,4.316666666666666,0.9699981229587082,4.0,1.0,4.0,5.0,7.0,1:2; 2:2; 3:12; 4:56; 5:37; 6:10; 7:1,16,104,13.333333333333334,86.66666666666667,6.5
P33,valence,120,0,3.8,1.6733200530681511,3.5,1.0,2.0,5.0,7.0,1:5; 2:29; 3:26; 4:15; 5:23; 6:14; 7:8,60,60,50.0,50.0,1.0
P33,arousal,120,0,4.491666666666666,1.5502552423799798,5.0,1.0,3.0,6.0,7.0,1:6; 2:13; 3:13; 4:10; 5:42; 6:34; 7:2,32,88,26.666666666666668,73.33333333333333,2.75
P34,valence,120,0,3.3333333333333335,1.6517540121115526,3.0,1.0,2.0,5.0,7.0,1:12; 2:37; 3:22; 4:17; 5:16; 6:12; 7:4,71,49,59.166666666666664,40.833333333333336,1.4489795918367347
P34,arousal,120,0,4.4,1.6773328167514225,5.0,1.0,3.0,6.0,7.0,1:9; 2:14; 3:10; 4:15; 5:37; 6:29; 7:6,33,87,27.5,72.5,2.6363636363636362
P35,valence,120,0,3.6333333333333333,2.073981812896171,3.0,1.0,2.0,5.0,7.0,1:25; 2:21; 3:20; 4:1; 5:26; 6:14; 7:13,66,54,55.0,45.0,1.2222222222222223
P35,arousal,120,0,4.55,1.6080156360291666,5.0,1.0,3.0,6.0,7.0,1:1; 2:14; 3:23; 4:12; 5:38; 6:14; 7:18,38,82,31.666666666666668,68.33333333333333,2.1578947368421053
P36,valence,120,0,4.15,2.0318886358684694,4.0,1.0,2.0,6.0,7.0,1:15; 2:17; 3:19; 4:10; 5:23; 6:15; 7:21,51,69,42.5,57.5,1.3529411764705883
P36,arousal,120,0,4.625,1.5986470119784302,5.0,1.0,3.0,6.0,7.0,1:7; 2:10; 3:14; 4:6; 5:41; 6:37; 7:5,31,89,25.833333333333332,74.16666666666667,2.870967741935484
P37,valence,120,0,3.7,1.7179233115019077,4.0,1.0,3.0,5.0,7.0,1:18; 2:10; 3:25; 4:31; 5:18; 6:9; 7:9,53,67,44.166666666666664,55.833333333333336,1.2641509433962264
P37,arousal,120,0,4.258333333333334,1.1846059752198663,4.0,1.0,4.0,5.0,7.0,1:3; 2:5; 3:11; 4:63; 5:20; 6:13; 7:5,19,101,15.833333333333334,84.16666666666667,5.315789473684211
P38,valence,120,0,3.933333333333333,1.6333361916170042,4.0,1.0,3.0,5.0,7.0,1:8; 2:21; 3:20; 4:22; 5:23; 6:23; 7:3,49,71,40.833333333333336,59.166666666666664,1.4489795918367347
P38,arousal,120,0,4.133333333333334,1.5607223781751496,4.5,1.0,3.0,5.25,7.0,1:1; 2:25; 3:23; 4:11; 5:30; 6:28; 7:2,49,71,40.833333333333336,59.166666666666664,1.4489795918367347
P39,valence,120,0,4.291666666666667,1.3245949647829298,4.0,1.0,3.0,5.0,7.0,1:2; 2:6; 3:25; 4:38; 5:28; 6:13; 7:8,33,87,27.5,72.5,2.6363636363636362
P39,arousal,120,0,2.075,1.2377975832674974,2.0,1.0,1.0,3.0,6.0,1:53; 2:28; 3:25; 4:7; 5:5; 6:2,106,14,88.33333333333333,11.666666666666666,7.571428571428571
P40,valence,120,0,4.283333333333333,2.095145783553435,4.0,1.0,3.0,7.0,7.0,1:11; 2:16; 3:27; 4:16; 5:6; 6:12; 7:32,54,66,45.0,55.0,1.2222222222222223
P40,arousal,120,0,3.908333333333333,2.0083683470337177,5.0,1.0,2.0,5.0,7.0,1:26; 2:13; 3:7; 4:10; 5:36; 6:20; 7:8,46,74,38.333333333333336,61.666666666666664,1.608695652173913
P41,valence,120,0,3.725,1.9007406782752927,4.0,1.0,2.0,5.0,7.0,1:18; 2:20; 3:16; 4:27; 5:15; 6:10; 7:14,54,66,45.0,55.0,1.2222222222222223
P41,arousal,120,0,4.216666666666667,2.1111283109034464,5.0,1.0,2.75,6.0,7.0,1:20; 2:10; 3:21; 4:3; 5:28; 6:15; 7:23,51,69,42.5,57.5,1.3529411764705883
P42,valence,120,0,3.825,1.394240855456908,4.0,1.0,3.0,5.0,7.0,1:3; 2:23; 3:26; 4:22; 5:33; 6:12; 7:1,52,68,43.333333333333336,56.666666666666664,1.3076923076923077
P42,arousal,120,0,3.925,1.6457865734590713,4.0,1.0,2.0,5.0,7.0,1:5; 2:30; 3:15; 4:17; 5:28; 6:22; 7:3,50,70,41.666666666666664,58.333333333333336,1.4
P43,valence,120,0,3.975,1.3122723892277135,4.0,1.0,3.0,5.0,7.0,1:3; 2:11; 3:29; 4:39; 5:24; 6:9; 7:5,43,77,35.833333333333336,64.16666666666667,1.7906976744186047
P43,arousal,120,0,3.941666666666667,1.2318997649209635,4.0,1.0,3.0,5.0,7.0,1:2; 2:12; 3:34; 4:25; 5:39; 6:6; 7:2,48,72,40.0,60.0,1.5
P44,valence,120,0,5.158333333333333,2.1103818338380944,6.5,1.0,3.0,7.0,7.0,1:10; 2:4; 3:22; 4:7; 5:15; 6:2; 7:60,36,84,30.0,70.0,2.3333333333333335
P44,arousal,120,0,2.941666666666667,2.185882254947187,1.5,1.0,1.0,5.0,7.0,1:60; 2:6; 3:2; 4:9; 5:30; 6:2; 7:11,68,52,56.666666666666664,43.333333333333336,1.3076923076923077
P45,valence,120,0,4.025,1.4636348215167274,4.0,1.0,3.0,5.0,7.0,1:3; 2:21; 3:18; 4:31; 5:24; 6:21; 7:2,42,78,35.0,65.0,1.8571428571428572
P45,arousal,120,0,3.125,1.6117348031330254,3.0,1.0,2.0,4.25,6.0,1:22; 2:32; 3:15; 4:21; 5:20; 6:10,69,51,57.5,42.5,1.3529411764705883
P46,valence,120,0,4.008333333333334,1.5583649766855723,4.0,1.0,3.0,5.0,7.0,1:3; 2:19; 3:29; 4:26; 5:15; 6:22; 7:6,51,69,42.5,57.5,1.3529411764705883
P46,arousal,120,0,4.058333333333334,1.1688954301436225,4.0,1.0,3.0,5.0,6.0,1:4; 2:9; 3:20; 4:37; 5:43; 6:7,33,87,27.5,72.5,2.6363636363636362
COHORT,valence,4347,27,3.9855072463768115,1.8647360244777846,4.0,1.0,2.0,5.5,7.0,1:450; 2:646; 3:815; 4:653; 5:696; 6:563; 7:524,1911,2436,43.96135265700483,56.03864734299517,1.2747252747252746
COHORT,arousal,4362,12,3.9433745988078863,1.741030904226452,4.0,1.0,3.0,5.0,7.0,1:499; 2:547; 3:695; 4:722; 5:1029; 6:600; 7:270,1741,2621,39.91288399816598,60.08711600183402,1.5054566341183229
