eeg_sd__Fz,eeg_hm__Oz,eeg_hm__Pz,eeg_hc__Pz,eeg_mf_hz__C4,eeg_mf_hz__Oz,eeg_bp_delta__C4,eeg_se_delta__Oz,eeg_bp_theta__C4,eeg_bp_theta__Oz,eeg_se_theta__Cz,eeg_se_theta__Fz,eeg_se_alpha__C4,eeg_se_alpha__Fz,eeg_se_alpha__PO7,eeg_bp_gamma__PO7,video_irisdo_norm_std,video_eso_norm_std,video_enso_norm_std,video_mwo_norm_std
11.834901914319804,0.2025702012198431,0.2523927728999384,2.178210388184366,8.0,4.0,5.352463050468493,1.988457670393081,2.97718081863362,13.079126601953996,2.2833904342935485,2.2741064637602357,2.26898414318037,1.918422930119347,2.2722268121469518,0.2419061050661915,0.0299376533788967,0.0175511674644163,0.0330780084622225,0.018038371099715
9.114787819363976,0.2282863072802845,0.2262954251273041,2.2784519346972685,7.0,6.0,3.019674839225977,1.8767236267901923,4.241115794427052,10.829264007521637,2.019519068199148,2.143858863534718,2.269213502497861,2.1267297421942173,2.131545041493812,0.2748918939928387,0.0301647724783106,0.0139440635548948,0.0296665113019908,0.017768985782219
9.00872847584421,0.2417371267351362,0.277518158069069,1.998390747713976,8.0,3.0,3.143818706832849,1.591838163273945,1.1353342829339628,6.958404630907548,2.1792233399034173,2.019689884393892,1.8654524038997728,2.164304038236639,2.2235891407424293,0.4290224577832311,0.0113925176808699,0.004057663039827,0.0073872722198098,0.0112813055182443
11.071420057271853,0.2039180518498692,0.2009357384843739,2.7427306713778004,6.0,4.0,5.551785011360263,1.827261287515321,2.8382013828728634,9.177742507448857,2.2491934043551853,2.147641235700881,2.1983516025216345,2.1708329011990437,2.231324879170682,0.284197547222165,0.0301660034668417,0.0129265821786056,0.0325739738300672,0.0211600530328355
7.711921563302777,0.2831287027308399,0.2264315219594357,2.379114471415174,8.0,5.0,4.619695574837643,1.958776523352824,1.8302832668139168,5.6499549422011,2.148348568680065,1.9614735194893207,2.2689454492020147,2.2808680092890468,2.3004792345249374,0.330329289517596,0.0223097343375723,0.0095174326564049,0.0198497785406973,0.0098912529453833
7.408839407668509,0.2522466602322114,0.2461572047111378,2.1462424602628984,7.0,5.0,3.393846946261601,1.539824574514871,3.8848528850589057,9.37674016897918,2.208885920388638,1.9904362309188937,2.103726274152682,2.253828690337752,2.2690670626692864,0.3957547712668097,0.0175649127306964,0.0090215621028509,0.0192090602644211,0.0128406462328227
7.525663841338827,0.3288579069599674,0.2063024368424597,2.612880438621246,5.0,6.0,6.74703743097956,1.945062381954727,4.042111417820608,5.9836752452864825,1.947359269137168,1.8900065357206743,2.10301524493373,2.2492760509675462,2.249472089909213,0.3461768291749511,0.0281725175897466,0.0140385731435921,0.0341740565969518,0.0141120557729987
8.643471104000222,0.2168648509246103,0.2374804413003859,2.171528713099196,4.0,4.0,6.606921905821029,1.9180064134585448,2.3514523917335683,5.637246305395155,2.0637301245874884,2.1912297774258027,2.236487674076575,2.222220629511982,2.2702499623009738,0.6478200526392015,0.0241638715974025,0.0107352123516131,0.0229527233225158,0.0167795285606334
10.584549798485584,0.2432477341507709,0.2070308776271378,2.6425143512456257,7.0,6.0,3.286709270118064,1.6563409509822826,3.435824909258933,5.822597452797431,2.1575678186596656,2.092739376283473,2.164908147568968,2.1261290919672984,2.194546628014644,0.3039909471972202,0.0221100543907978,0.0136553384921884,0.0225604817437964,0.0122074027558799
8.565213813051653,0.2524659181823399,0.2387918323114537,2.0795219672840983,7.0,5.0,4.379957746253252,1.98796398181323,2.7963352949944715,7.207871529858359,2.158931697706648,2.1424869129789137,2.224735624664294,2.190303449130554,2.1495304738206844,0.2973527851279005,0.0182725392074359,0.0133861092799561,0.0236557097670323,0.010807962728869
8.644257835548867,0.275787843803172,0.237449388219364,2.2402802119213217,8.0,6.0,1.955596725880766,1.9275165426736152,3.404250882411852,5.911696092508798,1.92856321997205,2.1029183058189083,2.0742000049127944,2.3067313286860265,2.2302585607388044,0.3475069627920231,0.0218474443408888,0.0110883035137449,0.027456854060102,0.015771182672747
9.471022995683972,0.2442860386430568,0.2626268852037247,1.9909616165675093,3.0,6.0,8.235959408134805,1.7156887757064834,1.8404736710135343,10.26158324452973,2.2628274250627785,2.148824395954988,2.149341592710336,1.997392323472531,1.9428400285160623,0.5534667684144174,0.0183031246765711,0.014106277080366,0.0238088167263051,0.0123218891794952
7.593807973520538,0.2082876607190233,0.1878891717082553,2.712358268818894,5.0,4.0,8.004662808777805,1.8662773189531296,4.441046038542915,11.371041663493816,2.087799625195064,2.217991755415774,2.241361751549204,2.2412635213290497,2.2704422773487707,0.3273747051105079,0.0077301626805735,0.0033368156673698,0.0080763302896034,0.0104576328266081
8.265097806396524,0.2465338493058633,0.2068151929066504,2.5627851763569605,7.0,5.0,1.9364676159207657,1.788847187637396,1.6327830643258898,5.881291731359335,2.113920059259164,2.1976130271924297,2.073262815265551,2.205414050507275,2.2043786188075423,0.1964305275108715,0.0137434762730671,0.0092754460635275,0.0189506815804433,0.0070049165163785
5.619826445326906,0.2692700532783859,0.2310531256179392,2.296270249769148,6.0,7.0,3.79825743114446,1.8994459345048715,3.291081855158085,6.048234449679375,2.173479008899078,2.2648346306794043,2.2572352709499355,2.241616327198922,1.9543369085500548,0.2846852824330725,0.0134484296715541,0.0113015792002516,0.0143004385974413,0.009016170228353
9.271833022698251,0.2882653464606747,0.2749922858489497,1.9756538818716791,6.0,6.0,5.091784035440048,1.927744351749804,2.930897575687874,6.132588908353794,2.276515814993489,2.146786986586797,2.000762045014775,2.190515003052937,2.308622433252685,0.5176282002025818,0.0179482701191246,0.0137759583638741,0.0202811684998115,0.0108688126830718
6.618691887359713,0.3232367374430522,0.2403163021435866,2.0458879931858247,10.0,9.0,2.831979410114353,1.9913541403075,2.4186717625951126,8.231327156728451,1.9102210172108864,2.1308064093656074,2.1402362966017883,2.210145224250588,2.284984470754812,0.4048184861785852,0.0142974279301906,0.0077487602714718,0.011895977276448,0.0138126016819932
9.228658609583244,0.2081335680180587,0.215952729327557,2.3313898622427307,10.0,5.0,1.92787370061431,1.9441456329329017,1.2355212173325083,30.781399090814585,1.846910591252356,2.1944369913439026,2.09026541109096,2.2035017280870868,2.1292494270575397,0.3494848140801812,0.0267693489977031,0.0110398689812173,0.0247238882688049,0.0125029085994171
10.48624279851018,0.1999831895394576,0.2514752265253288,2.1396478497389,8.0,5.0,4.183230948230024,1.954156185801624,2.356915915255362,5.205287948614416,2.2629800410924,2.29431472352074,2.157740730414199,2.055913923597605,2.021256140930772,0.3201750928679983,0.0152345646260801,0.0115848670934904,0.0182237222400537,0.0073846974193131
6.641361302746125,0.3262981197169272,0.2212591989722356,2.438886807928943,13.0,8.0,1.5258130077259793,1.7701517811543543,1.5427030865946705,4.6185153883425,1.904969023216079,2.076273201140813,2.145595962069908,2.10179683564781,2.2089324472560063,0.472663439470019,0.0119168097678058,0.0066351308288901,0.012913960908215,0.009445179055817
9.04831553346078,0.2303663694008347,0.26768582924368,1.9913933395928156,9.0,6.0,3.013095556016605,1.9192071426316115,3.622510778177317,15.274053898368308,2.1959345813227134,2.0247710580954204,2.1747662123937617,2.1523790613796514,2.2957801726610283,0.3916225913633598,0.0193065461602156,0.0167700119103566,0.0244221264773309,0.0105389334165267
8.234064258442556,0.2468434622219727,0.2160977108003265,2.5296531133687887,5.0,4.0,6.398973785577715,1.87108972317026,2.9983029212189862,5.245067450000234,2.0611379312839957,2.198284959150315,1.8834518113724423,2.082993624356825,1.827626228938072,0.3164259008976962,0.0205774117769724,0.0112010119670347,0.0197992152513788,0.0117624175869385
10.74516389423828,0.2017395142911594,0.2193975670898141,2.2629990914554408,4.0,3.0,10.46858892296321,1.6854482970204747,3.9830232777802985,7.748776799519796,1.993766003444258,2.29965815693471,1.95118652195229,1.8188533564591105,2.2548930855544373,0.8418687584855955,0.0158687876124132,0.0101593651851735,0.0227787251735002,0.0131294837375579
10.240072442769453,0.2496684855968577,0.2569770256116955,2.0503766111573456,5.0,5.0,4.838834087799105,1.9297250881001529,2.095824229860144,9.108843927919146,2.198756756969956,2.120599239582778,2.2953035470193552,2.2909211422881106,2.2333376014480493,0.4379291866468437,0.021507260367824,0.0236240697811372,0.0323231759307392,0.0097208011538861
7.260512555695497,0.2752169536894661,0.2565990155002506,2.051648817638822,12.0,6.0,1.331784869356217,1.9738399152075636,2.3417734904525918,5.67253475766662,2.122300339094127,1.9007110032142875,2.28092952436179,2.2303001545152243,2.0580537444648024,0.2526130584064875,0.0148330573340201,0.012443582027658,0.0160993176371019,0.0095543342919923
7.231043546379033,0.2342928129046336,0.2599563635069987,2.0829994705090105,8.0,5.0,2.609068425086197,1.632189428103584,5.419449095154161,14.06262290855637,2.218647710258012,2.278060524567275,1.6768501916538654,1.8791810554642217,1.9683875775061903,0.3982644352869095,0.0056702968063944,0.0061934376260314,0.0098935789687001,0.0070717028341833
6.3634497607632365,0.2603621434192722,0.2463503370350206,2.0001824858521067,5.0,5.0,5.656920789614455,1.9109838322228736,3.745976739429211,8.556940401968749,2.186674687937209,2.2705496197400548,2.301033511075531,2.116620444639032,2.3070260517239505,0.3326155989176197,0.0117390793707078,0.0084821957950906,0.0149119176619424,0.0091874740956068
8.405227103145583,0.2597400916622824,0.2107228118431415,2.4979323066194388,10.0,6.0,1.19442813373976,1.689675674314143,3.082038725669781,14.020484681369462,2.2402097157318424,2.1414021188692134,2.2044425428313947,2.123991622924972,2.0742117847614856,0.7770617264545857,0.0218437806416251,0.0094545329292167,0.0265019604432661,0.021062779599417
9.568037542321466,0.2337937403884223,0.2084122236066085,2.6825668310937565,5.0,6.0,8.766796438180215,1.840411906837847,3.899738662937768,15.104700357979558,2.1153456482700275,1.8227044898441669,1.6567630976680894,2.1726649937655367,2.234062650602088,0.4516073242877452,0.0198817655909964,0.0158082888209406,0.0244389274705389,0.0147421437173119
7.306602303355611,0.244534943267379,0.25477065930939,2.1164346108439496,5.0,5.0,6.686093331181469,1.8460196627250456,1.8950858294171813,6.082550709674736,2.2576344888440287,2.175801010276884,2.252808337571783,2.124652483776906,1.9086084044656688,0.3712424801360212,0.0242347424084661,0.0140832373249464,0.0236682887205781,0.0151219653346828
7.424148804927246,0.2486304098772511,0.2516824925441826,2.0333186925844218,6.0,7.0,5.880116275570696,1.758235708318455,2.955812685853744,20.231348024746627,2.2092684574467705,2.261351221676305,2.095728935712001,2.252985988305713,2.0675961279080317,0.3887973956231486,0.0110790730329572,0.0050333620120143,0.0113293360790797,0.0073769251546149
9.482520147934803,0.2640340037569499,0.2478068254451336,2.1331962543160694,11.0,5.0,3.38071846846442,1.9331684020008817,2.927109695662605,8.30591027503868,2.19775561090315,2.1507424305833145,2.202893189719574,2.147611963232332,2.0970065262701967,0.5548242128361378,0.0271713847655728,0.0177170127327164,0.0281179621828827,0.0139978040038675
7.171745295733972,0.2387304339292202,0.2091516831441242,2.5752133563541757,7.0,5.0,3.9684358439120606,1.8234023901158969,3.0203469648909227,4.602950914649099,2.206835588458889,2.2831007771107976,2.2542289070004333,1.9755790674593887,1.851323615791552,0.3476927711714985,0.0170453350908086,0.0117991839049563,0.0182245215393604,0.0076110720791132
7.317244667061564,0.2964536755301483,0.2558771594308191,2.045984156236575,11.0,7.0,2.575535149536746,1.974002733571369,3.180030634573752,9.204827627943043,2.28893820466793,2.198030934473415,2.283954524383046,2.0250580799702647,2.195385298210319,0.2711256820544258,0.0184283766769922,0.0072363099615585,0.0171280423053411,0.0182553110177567
6.758353890535181,0.2438791175366995,0.2155433151192101,2.574013127849468,8.0,6.0,3.677077691337019,1.8933724532089051,3.575524443852597,11.447106900692264,1.6732232147071568,2.1245017912975963,2.141967366756417,2.2602169056937407,2.214552856037232,0.391252777267754,0.0206979457841115,0.0110167258614931,0.0220682018039239,0.015205734162969
7.099392759916365,0.2676803083504458,0.2265240931688585,2.3769137727116294,7.0,6.0,2.513661044301434,1.940177479269404,4.215761421266691,6.8202601876017095,2.119184018960377,2.17030238532732,2.285581625101953,2.192570148348953,2.259082749695967,0.3241788905078848,0.018910487071585,0.0025996642876207,0.0119674511819684,0.0115049383958874
7.531621669093621,0.1814421292577364,0.1797547018179959,2.808522283316534,5.0,4.0,9.026121721043811,1.8428028234165863,4.846261743201593,17.27844797667953,1.9640071343541936,2.2379263431749177,2.0615261483423373,2.053089201183763,2.2499807024026848,0.2841595492302479,0.0174301922617582,0.0091159341165505,0.0234305599528297,0.0163467373635373
7.131661545888529,0.2645536092635076,0.290365255919191,1.880908444953238,9.0,6.0,2.769082479689408,1.890946344262955,7.8615276482703695,8.34934197547861,2.1869736681882226,2.254765144332469,2.1893699044961314,2.258099150336446,2.1972423168093247,0.4448935019801447,0.0154857330315489,0.0092775891460777,0.0177851862794492,0.0104005116065372
7.857816715631237,0.2122950105702965,0.2232378875834543,2.223461744794624,7.0,5.0,3.489180762219343,1.6051728759147483,4.898780894037255,16.615118711765938,2.1013501307340414,2.027202937326116,2.184902850349121,2.0648617515228103,1.9998264997825024,0.5087708004084506,0.017034803322695,0.0059623531886518,0.0149849711252793,0.0117016538815798
7.836051974791907,0.2505051833735178,0.232574234791448,2.2554075917790124,6.0,5.0,5.846268658709664,1.8600613774007395,1.990977577962816,9.34968948998899,2.3010469410244814,2.168037789261522,2.025984337030885,2.170350505692714,1.9825150558497004,0.4501066705975691,0.0208472724488387,0.0128943484169109,0.0231313685292409,0.0149729128936814
9.498349271153817,0.2286620733765789,0.2090457692558086,2.61470942949681,7.0,6.0,3.585345366027166,1.7381470238853778,3.4230131795910115,17.376293369419997,2.263712441551618,2.1920496146301374,2.01946640179801,2.205194732288153,2.052098767262064,0.5336915138089783,0.0135294629502917,0.007509732831582,0.0169126000927061,0.0079688310063153
6.9862987891768284,0.2522972809140987,0.2730059650593315,2.0083854305534685,6.0,6.0,3.2765767297128447,1.8081287406855209,5.237037062683785,7.064437255004024,2.164999937740004,2.15005931345572,2.212616066954934,2.2102482356541624,2.107058199403074,0.2210623555312264,0.0230659412124277,0.0118739886734151,0.0261881126725073,0.0112785697500571
8.846306201570549,0.2517397022870889,0.2362644214824418,1.95125607301082,6.0,5.0,7.504519563324118,1.933806471367545,7.220847451818756,15.82774256230259,2.234486790699912,1.7701692868512382,2.150079675055393,2.262010841519284,2.220824176122288,0.5898820904386016,0.0177234374680714,0.013865066093422,0.0221980217185461,0.018524370498302
9.38381070817016,0.2063113295710928,0.2742773427284947,1.9687990070416868,8.0,5.0,3.3439130574182547,1.7690493399443223,4.635328918527904,20.253210918431197,1.8488133032061784,2.2125282897814995,1.959453862239594,2.196476214854639,2.142502986423421,0.3492403923758945,0.0143898205933152,0.0158049927881339,0.0203386720646479,0.0066597488440541
8.060472318242148,0.2451135726078319,0.2013080514670454,2.506618426405796,6.0,6.0,3.388628870529192,1.7501050316967317,1.6697560044625046,8.832436675136444,2.143709039241435,1.8699510363540492,2.2587857081641443,2.2173348143591896,2.245971398345909,0.3908074458221359,0.0152676382170479,0.0099734791109839,0.0195658382168296,0.0110160401534311
10.150773198966007,0.202952528245654,0.2381129353724997,1.9324652120431176,4.0,4.0,7.361201863991326,1.9847790785922528,4.413180493911877,12.109324941881692,2.1170277991915074,2.276365685418672,2.0546729062521263,2.1599652958948257,1.8918415331062688,0.482039121874835,0.0295527784846545,0.01624657376501,0.0308627433912688,0.0196731418360277
7.089252096582486,0.2002808360667123,0.2402366131557969,2.0517935045466698,6.0,5.0,5.880354260984122,1.7742357028923097,3.320773125392168,14.518609082337363,2.221943125536279,2.295562806902755,2.2711060384351884,1.9896610052860928,2.0016953283247214,0.2288328182901596,0.0095674432702134,0.0031930620933412,0.0068521252646313,0.0090037516592765
8.246514339738809,0.2172134861970875,0.1772332666654456,2.655298396984884,4.0,3.0,10.095010792189068,1.75791736632442,4.167756410169726,3.5008706331102384,2.057564441525371,2.101204811136854,2.1848516478393805,2.2201091133741544,1.8975652783975496,0.2614415887893457,0.021288302522819,0.0148568921035883,0.0257163779654308,0.018373570644958
9.134899350951544,0.2204670855289893,0.2633780419273318,1.9801111155838476,8.0,3.0,4.93882757665727,1.7332615392968842,3.642643351121015,5.528533350634603,2.2842925320991627,2.179835854029203,2.2881571683970057,2.2256980881395534,1.970419007798492,0.3768453850607965,0.0245789475392898,0.0152477976824423,0.0236539192795668,0.0225413369841612
7.279190294162476,0.2407426715945782,0.2248062769369529,2.3169580915660206,6.0,6.0,5.264144810051404,1.8017170436724173,5.390304614745242,14.478188551174132,2.051805401016825,2.213096226107624,2.259566624688642,2.136460475148833,2.247594762320858,0.64768921285488,0.0147187555608463,0.0087490859569959,0.010698134962577,0.0173861524437625
7.730031910561784,0.2408414323085422,0.2336424153842467,2.175073116870271,12.0,6.0,2.26204335800331,1.8230473281608184,4.612349470833545,11.876895247423477,2.2471177889598257,2.233820573430034,2.225454708753275,2.111430729265055,2.302961148071221,0.1962580292713475,0.0262837275084827,0.0128221333248321,0.0265202634951594,0.0153020313374664
7.741325858467275,0.2737792345908917,0.2175749946695183,2.3027505505913277,6.0,5.0,6.395992399123984,1.9956993465881632,3.930002506812408,3.8027032995204673,2.104127705733932,2.0743310461420688,2.070416756290068,2.228883972549041,1.6566519059124214,0.220814468631921,0.0192016985271715,0.0100675095896634,0.0205028367767321,0.0140715943548935
9.304685653404317,0.1967741897465657,0.2118892690005595,2.4244618331887566,3.0,4.0,7.1604371917969445,1.983746848319932,2.1514367129641725,12.170400000831464,2.25216148514535,2.1612821220044345,2.2750308884511288,2.177948854223866,1.9182875882171788,0.2709630016678516,0.0182106243362416,0.0106203095557643,0.0196459613269885,0.0093116194320264
7.81184187170929,0.2669944668141217,0.2259941185283029,2.3828192417363234,6.0,5.0,3.5521758945074016,1.9176480750629905,3.4255756951734195,3.0523470149025824,2.100070362874709,2.148611227708144,2.119968716027329,2.17511636029484,2.2619308873005446,0.3911192520290017,0.0169207719690234,0.013900477266241,0.0238989987294272,0.0143562750709893
6.386865467351955,0.3027545130506193,0.2342857402086345,2.207836753639321,10.0,8.0,2.0559130870617355,1.6755645378949502,4.077761504961087,4.655493728908345,2.1480371655755803,2.2779467089111867,2.0982500766371808,2.2920229882916114,1.983094336309232,0.4273925186899487,0.0157979871342748,0.0103708809566079,0.0205752809510875,0.009371145490984
8.270228039949888,0.2850524458411471,0.2745172554418817,2.023835812254842,8.0,5.0,5.972009823160649,1.8860451882297955,2.252225896775074,4.4204717916985885,2.1580756921332807,2.107054320807352,2.2473521803342686,2.112743327266622,1.9504813504647256,0.5622652742312872,0.0127057896128502,0.0096459110097888,0.0160233508004893,0.0105991777303195
7.947367321252591,0.243844048438987,0.2398552644474062,2.2502097911267955,12.0,5.0,2.3295676101670155,1.855307041304104,2.1063860077674423,4.855312135685483,2.294899958397987,1.9078288916817332,2.207089910629916,2.2300598687804385,2.108988644654584,0.4624880683527083,0.0159773465242147,0.0049804560289138,0.0156120660716493,0.0142531471024877
6.549056511193431,0.2396251504824348,0.2514887036391157,2.175368528906559,9.0,5.0,2.712560787821785,1.9768842913531453,2.892006139549044,9.478658782081752,2.1231934711945164,2.000373889504496,2.036308740446595,2.18458339772869,2.301310286575469,0.2713619010239525,0.0124535805771011,0.0038453824153715,0.0125194668918302,0.0088504144184507
6.817584078190332,0.2123371067293855,0.2993986431128722,1.7779520215741706,7.0,7.0,4.820395687693258,1.8901006480058469,7.210273715162568,20.10211442878803,2.2289089812237224,2.157599851658868,2.171860302020413,2.278444400774441,2.199065546771248,0.2684504887671602,0.0131467837974779,0.0069728629100892,0.0107512329567882,0.0095683418633805
10.375649414476287,0.2540874389892472,0.2234610658970177,2.385884780006828,7.0,3.0,3.073945248073168,1.7573825503541631,2.583553765623797,5.66025571727031,2.168301708095417,2.020324927724232,2.1764204475184936,2.2200498454278987,2.248666465567014,0.4213696158786957,0.0286045717182686,0.0161985847982943,0.0258426632960151,0.0196051013631468
8.807310192912439,0.3055685221921696,0.1824079761012292,2.7447798092971154,10.0,7.0,4.430924012544136,1.7479325231211262,2.5598387839915056,4.888890433286808,2.2810451706340995,2.209692015997941,2.2290840866171577,2.2648814019160515,1.9940535554900516,0.6845468987229855,0.0239813718573832,0.015282199034012,0.0224823778435222,0.010568687922466
7.83846345584014,0.3221894096839239,0.2550096014845341,2.108445436627894,11.0,7.0,1.5711580202615678,1.8148039435257584,3.606016856561867,6.569517832319193,2.1649511686202287,2.017796851533764,2.1823174025928767,2.124517737228972,2.26788922308681,0.4808983827267174,0.0126180082402785,0.0035439035123852,0.0086454419024023,0.0074490663985295
8.894677727268528,0.2255940404980331,0.1960053235888672,2.666269940358968,7.0,5.0,4.859870414471073,1.8180294360139,3.589348919620663,6.999685081240717,2.2847358723818774,2.247561057788868,2.295245082799747,1.844694222629692,1.86188181073856,0.4649068901304122,0.014737390525065,0.0122139154900833,0.0149454534231459,0.0107873816273313
6.732111181177942,0.2877634216333798,0.2765496112083319,1.9191615396434023,6.0,6.0,5.639920797019345,1.896742464328604,5.515743269090544,5.280434714132016,2.11970698367092,2.2193872140561544,1.9846398245560213,2.3180351316443297,2.2286999044562115,0.4783463063360531,0.0192720448520966,0.0077579331126921,0.0192051129486002,0.0144355857726585
9.518654135214112,0.2672221279009977,0.2403321290363515,2.0415155153484394,13.0,7.0,1.7643124916237447,1.913703382761626,2.668071979251777,6.727414982111014,2.186856211971336,2.063403820307854,2.059298555508601,1.949030327814781,1.691650000905761,0.3399454264399694,0.0192402673641673,0.0100853423539636,0.0191327448789791,0.0104327144514236
10.6449012421217,0.2038274892129799,0.2097431551078322,2.358826043308161,8.0,5.0,4.309560870409094,1.806448303574259,7.276680789525471,10.306779655257555,2.2696279031396083,2.2499406217028186,2.161765106743431,2.232660507376265,1.991122542902804,0.2744630890127038,0.0258622212922866,0.012879850973019,0.0237618403871342,0.0135545895069434
7.413903186894038,0.2024579679738456,0.2456139177996713,2.208863606177135,7.0,6.0,2.718244017923476,1.7307816453712328,4.893393702816208,12.641776236880649,2.1596921536272693,1.9927245775148623,2.1685678515051565,2.1617686689637368,2.103023776825881,0.2800421885140984,0.0156786415739489,0.0053975592260706,0.0113243928160713,0.0070712921019025
8.964417703231039,0.2619016900495279,0.3069772404140592,1.8946914122936045,9.0,7.0,3.8313883676928535,1.8662075094205444,4.266457544983312,13.867203577588926,2.137146699801085,2.094997903863527,2.2360728818746334,2.1924531767196527,2.121228928841614,0.3812925867955812,0.0153670846162763,0.0083840588624258,0.0111076936590589,0.0109593678058503
8.032483613362418,0.199323591244716,0.1957600190466699,2.5536476128022763,3.0,4.0,12.728814009700898,1.82098320839501,4.914628110387794,9.179756480935866,2.205846780974725,2.290187705101791,2.1389677244502843,2.175863317791178,2.11034058261929,0.5108597095596386,0.0160543342088916,0.0153722072613991,0.0213346955256417,0.0137004744534158
9.926276776790926,0.2540589288635572,0.2389890386477462,2.149573950266842,9.0,4.0,4.404926356735516,1.697316371580604,3.363361168017237,6.408998204947259,2.069305696225716,2.0691465640184936,2.0929590117986114,2.2740671896181617,2.2751576777186138,0.3154910599789526,0.0216857792544382,0.0169048008769433,0.0265311115360431,0.0145597230793518
10.53169864968221,0.2500647662907409,0.2632480545650046,1.8824316597146489,6.0,5.0,4.161487428429803,1.895320812115302,2.5201842888699773,5.445765870003358,2.005684532538258,2.124313252791144,2.2182627229735723,1.9327353409385792,2.244912221536347,0.3839962541366163,0.0195385760403116,0.0131470378858552,0.0182700919164805,0.009685209833723
7.955618659353837,0.2568706344147847,0.2645417504391275,2.075513290685282,11.0,5.0,2.96710897405109,1.915014697831696,2.2399058015688844,8.189273249139603,2.2283043046777,2.189241525212844,2.1508726102327675,2.0452555584706187,2.144338291845317,0.3857695097629016,0.0121006800885136,0.0079203804215305,0.014261528261724,0.0100030105968616
8.779132001263326,0.2260044921181849,0.2536088878056224,2.147048725570468,7.0,5.0,2.2759784821616917,1.9740316873235395,5.499797992309205,15.148090008847207,2.167313306173136,2.1498407955083767,2.2215653495326544,1.9281335782838345,2.0620193468163266,0.2680115525316874,0.0148969017968457,0.0051871623654791,0.0132836161758835,0.0117759543971584
11.78707966376001,0.2416768773658665,0.2419981057301804,2.161172261212362,8.0,5.0,3.358015406747377,1.6725988576785638,3.179842499714386,5.854615947108849,2.149937987299484,2.1622361099248324,2.1275671664571254,2.140766866390753,2.315941941914065,0.3368951291625021,0.0163036016013846,0.0149867425306138,0.0213073158721078,0.0097833519761223
8.465622693397071,0.2324476023857018,0.2009524399203352,2.4703033219119743,7.0,4.0,5.538734012519453,1.8808636537328185,1.578872223805809,5.553623158887978,2.0972199577843345,2.111017451837233,2.0630917702431377,2.29791635523639,2.283596435591673,0.3515269058623297,0.017396172885294,0.0144866314449805,0.0184010995853425,0.0166812798401544
7.866523529199328,0.2059430798203289,0.2607129997927483,1.9870804457456697,6.0,4.0,4.665933043698771,1.9179634703188368,5.076216920740965,8.005288530114472,2.2271871268875585,2.016188727507548,2.1437943482956907,2.0101410205953805,2.1936207967744847,0.2519606891631368,0.0145935892935546,0.0155282635762571,0.0197797271323675,0.0059338442602262
9.334079297880042,0.2465703653161887,0.2304806265213711,2.347983165571913,8.0,6.0,1.8593396936497384,1.9553239798719848,5.101839581295637,10.336160499773762,2.2812590799258383,2.203038444568427,1.6542238960132989,1.756627075170562,2.1014621304341303,0.3890086267899649,0.0165833519305864,0.0122324534191119,0.0237443541516607,0.0136764132303491
7.8981012694566335,0.1736763523500864,0.2405438319872461,2.331227410203557,10.0,5.0,3.200309518296078,1.9060183529427768,3.83738903885465,9.848372567542713,1.947736670071847,2.164858980606095,2.309832295906063,2.1348297869935764,2.0176213664954954,0.3691373042900159,0.0164309504306551,0.0140157910331717,0.020394646978518,0.0067710399357896
6.5760062312571845,0.2541936118685499,0.2768381233579254,1.9734836515767955,6.0,6.0,4.706047086364233,1.9116703276192228,4.068919740827504,6.741931359471118,2.312521763382838,2.161406989359285,2.220270412519386,2.15059870139472,1.9680583284206232,0.430264352732795,0.0098142061213056,0.0067435654059478,0.0110780157104086,0.0051530768435516
6.979425386151684,0.2546616496453183,0.3019587559177661,1.7394355318158827,11.0,5.0,2.5873134328021234,1.9534109694993924,2.786000197291328,5.687718059799907,1.80844251868074,1.9856863934566849,1.95632990357962,2.2910908353780566,2.173497455351057,0.2547032198436728,0.0138211609410249,0.0042648365541652,0.0159119769065844,0.008448750158986
10.05152057560366,0.1967586097844864,0.260693167778553,2.1143961367656265,3.0,3.0,20.672530999440674,1.598762025026127,3.3254144277435778,7.920386162918891,2.1085002859655098,2.185278218168229,2.276655317549696,2.19347277728276,2.278078778515267,0.3418760658013781,0.0208762842638463,0.0214219730874634,0.0235437074514597,0.0108941433598326
10.557821186817923,0.2609778664049,0.2023922968774106,2.39787849955295,7.0,6.0,3.2515259956972065,1.809224895499493,9.0022656237251,11.17528470487548,2.077555526489498,2.0621704655841717,2.243878951797833,2.189006652606474,2.205718280061504,0.2771948705129284,0.0270418713646774,0.018454337450526,0.0328739655754043,0.0210941910809811
8.207993993876627,0.223227036224436,0.2468865552538564,1.9798138150656115,12.0,6.0,4.389285818977175,1.7606689932754271,4.297115361664793,19.064648159108955,2.204092000274971,2.2811887913707607,2.082753167583466,2.188111095548539,2.001439230388105,0.2130253523110905,0.0290920777851013,0.0163985734980547,0.0294921893090497,0.0168184845730804
9.47947024577678,0.2289163264717563,0.2082344516102754,2.639288862498892,8.0,6.0,2.268239195490908,1.8238855537413068,3.3015510139075057,9.563694275740325,2.2855104069047667,2.2864368537517445,1.9639522433937724,2.024496810338327,1.7926020859698784,0.2245931163241155,0.0156661966365799,0.0108347838657443,0.0202712354827716,0.0123255846595003
7.755420353735986,0.2290393988346255,0.2534578522648418,2.1013007861111155,9.0,6.0,2.253372019775029,1.8645131007687543,4.162010832584945,9.726328600433735,2.199590563670252,2.217814016529943,2.201430614465045,2.0910479976995857,2.1574372147441405,0.3584696191682192,0.0237375855149299,0.0116247055399614,0.0267268367140056,0.0128927789299399
9.229117221580047,0.2501914977616674,0.2133972094700063,2.685771129052562,7.0,6.0,1.6898879164722036,1.798029480583276,2.885260214096552,8.205405149444985,2.1342347538005644,2.23629572695404,2.181406965674108,2.0118121407832725,2.303039229604841,0.2980459204884208,0.0261357979241276,0.0135595896386694,0.027058411703574,0.0214884218763159
10.310779986250846,0.2365326101211261,0.241663236176498,2.154709340180584,8.0,6.0,2.894083278377342,1.9403412690706408,4.85548910573622,14.005105057185116,2.08406967034144,2.2840706985910137,2.221085445800344,1.9549092767722132,2.1083753075498075,0.4736437112086873,0.021007891531262,0.0165840720428527,0.0285412368381752,0.015442513843037
7.862178541223579,0.2363826970155805,0.2561918554171162,2.0471918033731304,11.0,6.0,2.773996159720778,1.8388744190970936,2.3190299630078592,9.41094968081237,2.120868558350052,1.9679309648945496,2.194545634928424,1.8730465007222743,1.98121723526924,0.412753437590811,0.0263763149235262,0.0140236349118942,0.0280756500410033,0.0209154863469514
8.394299812546056,0.3175280967078943,0.2749320987904091,1.9219675125179048,9.0,7.0,2.9147110564920617,1.9449123471190173,1.2647352828983174,9.641752934674273,2.079604623911146,2.260375402135799,1.957272357465862,1.9757835126636047,2.2133397515566022,0.6321035451242446,0.0250402911307919,0.0086959291998334,0.0257682101472029,0.0152985600176048
6.579914474253775,0.2414735870124948,0.2301193377408895,2.136452509722198,7.0,5.0,3.161139377015674,1.982900050291104,3.324139568416634,5.784397030099572,2.2045646622297603,2.191814861410114,2.247907886835789,2.168316805030629,2.1771892019630386,0.4280512919001306,0.0147716269128454,0.0060668323206505,0.0112049821217788,0.0119530038564548
10.54375693780722,0.2109553941015973,0.2528565122941587,2.0145364705087703,6.0,4.0,6.132836290344402,1.8486592591228808,3.024496396150812,7.146858677357482,2.27984931986512,2.284337638606816,2.2521370187637046,1.9668883162488984,1.9089156917716008,0.3584480927153121,0.0208177660384814,0.0175683282145319,0.0286104517722284,0.0194725990240911
8.365651029898336,0.238575200267531,0.2897202532622372,1.9218102178502317,5.0,6.0,5.7261497526180944,1.818043451862532,3.756078153197172,8.387999333067732,2.185925134098584,2.156204442018093,2.101145668522233,2.0670584294701224,2.151236526188113,0.5247213935755689,0.0132862867254477,0.010274366173885,0.0176875452260204,0.0132057011367606
7.976164079225391,0.2355573728170827,0.2090540020871147,2.352986836710945,9.0,5.0,1.6686157878515624,1.889302058805663,3.052024860006396,13.190374754707136,2.2296887595200494,2.185813782176107,2.2660055293773143,2.0274417976855057,2.158808768845314,0.3169800920688249,0.017496682503268,0.0130313397273817,0.0197849378564303,0.0160573179628892
8.672423650812076,0.2074603432840534,0.1681568212178717,3.0374576421625905,5.0,4.0,7.073618185372995,1.870818242853269,4.183804858476379,9.469148118701264,2.2086610147827,2.210934705581771,2.073556662441074,2.048060442551047,2.064815427566428,0.3721851052777393,0.017391683342592,0.0173456708462978,0.025443493717131,0.0158075366129956
7.714503956686324,0.2531575437726759,0.2406981517155899,2.153080602501908,6.0,6.0,3.071322011763399,1.9921895914145449,4.000305845368832,11.660546482282395,1.9980015268095133,2.2339181186641857,1.824411103511378,2.1259004080971047,1.987249554382516,0.411676364853107,0.0160908383404052,0.0074758000889328,0.014028214087933,0.0087985718431808
8.488253073615594,0.2640304933818233,0.2927223089944943,1.7983557035675224,6.0,8.0,7.229053770821462,1.8077291726282076,3.703531940780934,7.226639075988974,2.204674504998019,2.162984576297916,1.779809280383548,2.149046066448916,2.2630004276073565,0.547748309200584,0.0202103542702728,0.0112841989502892,0.0215939381634201,0.0118611799012917
7.769039984903648,0.2852552019125208,0.2354028974592889,2.32764244421814,12.0,8.0,2.1341292884605965,1.6356559742436505,3.1658054217257297,3.830568112261943,2.1482914874201064,2.128687853882492,2.018945576371096,2.304380741336269,2.1508892013114416,0.2892549514807999,0.0119367985270794,0.0133607703942026,0.0186944268874584,0.008814884624565
10.58020218429818,0.2395861233837801,0.2842530638972652,1.9879193554213297,5.0,5.0,6.529384832923306,1.9276205704076652,4.1331547232495724,18.166996985992764,2.1836802014518994,2.0975309826317865,2.184789730058885,2.244185667420276,2.1344957629203174,0.5889761206535451,0.0152242846665785,0.0155377238797254,0.0181171551802885,0.0125018157407488
8.185130338021306,0.2561665265679541,0.1860099545634292,2.783799398802388,9.0,8.0,1.3989120991170267,1.94821156108004,2.393966310316463,5.514927695361787,2.0741682734512343,2.197485417920696,1.9322924162705075,2.205742050940113,2.178578599650401,0.444876816610351,0.0121932860939065,0.0051990466163632,0.0090349821491699,0.0106175344297106
7.928041882719016,0.2511691910007678,0.202152373960685,2.596209668573108,9.0,7.0,3.21485989758439,1.949968907972264,1.9387585809936,4.744783583129784,2.2842275664154394,2.0995785822922644,1.899905068656367,2.2141070812188053,2.105482997245264,0.3216982823075621,0.0152437210183808,0.0082232317200207,0.0187846783382511,0.0115762936731425
7.517235493363701,0.2326096520659205,0.2190027898241278,2.368435416294508,12.0,6.0,2.10791637698584,1.9877802329240024,3.01905252167912,9.047546404979672,2.125600106733621,2.270997896538393,1.990249639842982,1.9727919969863776,1.951781428886608,0.3055109819897802,0.010025882038644,0.0059337190796267,0.0110697119860131,0.0154287256343126
7.190736658031305,0.2465390124604756,0.237579132173403,2.2489296926614686,6.0,6.0,3.690167200128568,1.826407671530472,4.518581970215927,9.12908232559838,2.059174885516935,2.097225281037076,2.262258634196661,2.1582039874369454,1.9111582360918835,0.3659745249830339,0.0122554449930359,0.0043699858668622,0.0120680553838881,0.0095089601150948
8.056709270548184,0.189920248244449,0.2592447743601817,2.1833528394989896,7.0,4.0,6.749229190308382,1.9176302197995616,3.782246957200357,13.886255243238756,2.1405247556001235,1.6401287108653548,2.270638584883786,2.2520646365879444,2.179125256382736,0.3759958213835579,0.0113297898944884,0.0078878620078352,0.0158092500109633,0.0073797254760593
9.69196720343859,0.2554538946823638,0.2459412308288724,2.1087162525887506,6.0,4.0,3.9800420281300006,1.7299670077044622,3.850626275895852,7.115047596187051,2.26001334294622,2.308493778925904,2.007493915322242,2.0020160634350264,1.9110543820968569,0.3818712141944209,0.0195534539117594,0.0172648421846185,0.023436064043811,0.0126508087370539
8.228870009402467,0.2658048772866723,0.2545764945567561,2.0178774034935385,9.0,7.0,3.761873232768744,1.721515593256155,3.79092783460594,6.439983258454763,2.1627022803565863,1.98922798186439,2.245326288663953,2.0813901719311394,2.253918942525689,0.3793507983784089,0.0177293288875068,0.0109640225145245,0.018950085506211,0.0197529496343806
8.970163524400661,0.2288583312417308,0.2010561794900713,2.389480603449269,5.0,5.0,6.100550303981404,1.8620166181598887,3.457590853693188,10.9442897282906,2.019410857124562,2.132845308798981,2.224844604655285,1.9931244805538395,2.195960967076454,0.4321787303861254,0.0209372898008078,0.012974126078039,0.0233798596929077,0.0151257829124224
8.75897747183535,0.2343707282542771,0.2314582211955528,2.3150827870599717,7.0,5.0,6.820434498304221,1.8304157358489543,4.295864727708469,6.7958731268461445,2.26239892999858,2.091603077981034,1.9845684994554649,2.219615546236202,2.2496946473092483,0.3093229368936189,0.0190300259384795,0.0134415349808437,0.0252787164979643,0.0212242172705203
8.389841676160263,0.2819984645666933,0.251051344484075,2.0992843113964965,8.0,9.0,5.825714536573837,1.8909504062818463,4.18828268676027,5.772202220437009,2.300643791150943,2.2465982798197968,2.1191988416217664,2.0776341969002483,2.1581460489056985,0.4365051118354192,0.0133865527143323,0.0115274180239232,0.0167331535840632,0.0115987829060817
9.072018103892724,0.2578902604802932,0.2144507415244014,2.417727127017669,9.0,6.0,1.7734963574527516,1.93555764581469,3.4187439398213453,7.076087390216681,2.279054559907888,2.0687547443889365,2.205407062563824,2.204535540014401,2.2045085247134923,0.3603076931579476,0.0138751320119107,0.0063030983952716,0.0157643999581133,0.0136077476076557
8.90739789510499,0.2050193108634024,0.2445176903194082,2.084547135747934,6.0,4.0,6.173152359191715,1.8139469832495456,4.798475201198093,18.846223611701998,2.239831351780168,2.262730820367361,1.8383717631477767,2.2175319163115503,1.9294047306335904,0.4962649077912884,0.0144894174843047,0.0108157626023865,0.0197785277679542,0.0104111643415591
7.330845597619453,0.1504930467315444,0.2067561022545768,2.5064607851237968,12.0,3.0,1.9080599228286728,1.9678919631687832,1.426593452756696,26.106354173840373,2.0595939511245054,2.279848253660041,2.0434012018459127,1.938597941539354,2.1947717221569345,0.5990429230293104,0.0159372912339705,0.0055840296187654,0.0147442783831472,0.0125686225337984
9.45856712250866,0.2237398330848986,0.2418596437303794,2.1264540342967986,5.0,5.0,11.738531826519548,1.9357876187981944,4.511769226853498,25.092321018808583,2.2296630080529973,2.275598041949661,2.293688961740702,1.9608301466702411,1.7966786953349154,0.2891185321999122,0.0159115963275785,0.0063706164670771,0.0147189705324379,0.0190283947131557
8.903625614561602,0.2628741489500883,0.2502790445095194,2.174412900998237,7.0,7.0,5.8669514362424655,1.9225406211583485,5.1573207397158605,7.872652837101863,2.299167444163096,2.223456392469624,2.0172987460652294,2.2711041294091867,2.215439473609017,0.3832654552067213,0.0213825357043887,0.0120335968288814,0.0227505989185167,0.0129456105381486
6.861814288402977,0.233317048714122,0.2449297763420658,2.078726465016812,10.0,5.0,5.096687118457178,1.8610746353512464,2.2871360612646976,5.788213784155679,2.0984461916581654,2.010312025674128,2.199272318453668,2.21724598061689,1.8078437846983324,0.2453558394314133,0.0194239078806251,0.010950459968683,0.0186559877640598,0.0103073288192595
12.17909304822788,0.2246407648943427,0.1858253141133665,2.6166304383886203,3.0,6.0,10.809461186898575,1.5385632535504905,1.7725393457935126,7.626449981837193,1.9956348643106248,2.169679441193728,2.1542647519844937,1.8822778004151308,2.159026933357543,0.5216130276567577,0.0212452822446163,0.0162619352085612,0.0277996684857859,0.0138820985185763
8.925412624512896,0.244785814897673,0.2910389653876341,1.719411667026926,4.0,6.0,11.725110746733945,1.9933612298402816,2.9772737449798297,15.14237046141277,2.17616538448923,2.272509108601339,2.1218942316513134,1.906276268543711,1.6864845595174311,0.271962931672528,0.0219328458187709,0.0141279514872608,0.0152012324802575,0.0172200860788578
