held_out_participant,epoch,train_mse,validation_mse,is_best_validation,epochs_without_improvement,learning_rate
P01,1,10.995790938536325,3.845473527908325,True,0,0.001
P01,2,3.637051315219314,3.8058764934539795,True,0,0.001
P01,3,3.605820310336572,3.830656051635742,False,1,0.001
P01,4,3.5582902939231307,3.860729694366455,False,2,0.001
P01,5,3.5150367661758706,3.90401029586792,False,3,0.001
P01,6,3.470518750173074,3.909632921218872,False,4,0.001
P01,7,3.4445659341635526,3.9046247005462646,False,5,0.001
P01,8,3.408081332842509,3.928570032119751,False,6,0.001
P01,9,3.386135584778256,3.9581680297851562,False,7,0.001
P01,10,3.371232204967075,3.929180860519409,False,8,0.001
P01,11,3.352617906199561,3.9206130504608154,False,9,0.001
P01,12,3.347222061068923,3.9232935905456543,False,10,0.001
P01,13,3.326690715772134,3.9535982608795166,False,11,0.001
P01,14,3.3146817518605127,3.9347984790802,False,12,0.001
P01,15,3.297596322165595,3.9371566772460938,False,13,0.001
P01,16,3.295987559689416,3.964289665222168,False,14,0.001
P01,17,3.293447545281163,3.9455723762512207,False,15,0.001
P01,18,3.270255940931815,3.945730209350586,False,16,0.001
P01,19,3.264147866655279,4.003889560699463,False,17,0.001
P01,20,3.271609098822982,3.994859457015991,False,18,0.001
P01,21,3.2485785594692937,3.9230141639709473,False,19,0.001
P01,22,3.2240773218649403,4.00738525390625,False,20,0.001
P02,1,11.2730226062593,3.53114652633667,True,0,0.001
P02,2,3.7105357056572323,3.486321210861206,True,0,0.001
P02,3,3.6573024000440326,3.485304594039917,True,0,0.001
P02,4,3.6072665816261655,3.534213066101074,False,1,0.001
P02,5,3.5589976060958137,3.5928292274475098,False,2,0.001
P02,6,3.5158037049429756,3.6485791206359863,False,3,0.001
P02,7,3.4740692660922097,3.6512372493743896,False,4,0.001
P02,8,3.4437946921303157,3.684479236602783,False,5,0.001
P02,9,3.432267380896069,3.699984073638916,False,6,0.001
P02,10,3.408920769464402,3.707003593444824,False,7,0.001
P02,11,3.392690976460775,3.729491710662842,False,8,0.001
P02,12,3.3989268609455654,3.822277307510376,False,9,0.001
P02,13,3.3610752900441487,3.7496066093444824,False,10,0.001
P02,14,3.346841814404442,3.758091926574707,False,11,0.001
P02,15,3.339757088252476,3.807929039001465,False,12,0.001
P02,16,3.338581040927342,3.766312837600708,False,13,0.001
P02,17,3.3416361695244197,3.7504067420959473,False,14,0.001
P02,18,3.3200333152498516,3.7459566593170166,False,15,0.001
P02,19,3.311207780383882,3.7594616413116455,False,16,0.001
P02,20,3.3001458985464915,3.857433557510376,False,17,0.001
P02,21,3.287544014340355,3.7086241245269775,False,18,0.001
P02,22,3.2826220149085636,3.812096357345581,False,19,0.001
P02,23,3.279580007280622,3.799142599105835,False,20,0.001
P04,1,10.514758231463256,4.059933662414551,True,0,0.001
P04,2,3.5427035225762262,3.9469995498657227,True,0,0.001
P04,3,3.5416210017822407,3.945605516433716,True,0,0.001
P04,4,3.4686812824673123,4.121898651123047,False,1,0.001
P04,5,3.4934685914604753,3.89565110206604,True,0,0.001
P04,6,3.420016660734459,3.8791513442993164,True,0,0.001
P04,7,3.4112656304129847,3.8740413188934326,True,0,0.001
P04,8,3.397749361064699,3.891796112060547,False,1,0.001
P04,9,3.33457335057082,3.90537166595459,False,2,0.001
P04,10,3.3315180551122734,3.9516842365264893,False,3,0.001
P04,11,3.334554798073239,3.899789333343506,False,4,0.001
P04,12,3.2880911694632635,3.892850637435913,False,5,0.001
P04,13,3.2635433784237615,4.0184807777404785,False,6,0.001
P04,14,3.2617227876627886,3.9070184230804443,False,7,0.001
P04,15,3.239611166494864,3.914795398712158,False,8,0.001
P04,16,3.2314002955401384,3.9237349033355713,False,9,0.001
P04,17,3.2133036697352373,3.9565160274505615,False,10,0.001
P04,18,3.20248399398945,4.006209850311279,False,11,0.001
P04,19,3.1875556155487343,3.95869779586792,False,12,0.001
P04,20,3.181729512082206,3.951946973800659,False,13,0.001
P04,21,3.1831737469743797,3.987043857574463,False,14,0.001
P04,22,3.1773909021306923,4.00745964050293,False,15,0.001
P04,23,3.1792146916742676,4.035386085510254,False,16,0.001
P04,24,3.1511316100756326,4.072474002838135,False,17,0.001
P04,25,3.1554630045537597,4.043722629547119,False,18,0.001
P04,26,3.1466216290438616,3.9877240657806396,False,19,0.001
P04,27,3.1677892715842635,3.9959282875061035,False,20,0.001
P05,1,10.829167469784066,3.3944625854492188,True,0,0.001
P05,2,3.735215268753193,3.405083417892456,False,1,0.001
P05,3,3.694085834202943,3.181528329849243,True,0,0.001
P05,4,3.7051850336569325,3.432992935180664,False,1,0.001
P05,5,3.6561279363102384,3.1518614292144775,True,0,0.001
P05,6,3.6296498576800027,3.196840286254883,False,1,0.001
P05,7,3.607380109804648,3.174100875854492,False,2,0.001
P05,8,3.5766777727339,3.170410394668579,False,3,0.001
P05,9,3.5366346571180554,3.2051517963409424,False,4,0.001
P05,10,3.5684316445280007,3.1751794815063477,False,5,0.001
P05,11,3.513242842974486,3.1503803730010986,True,0,0.001
P05,12,3.4983035105246083,3.2106516361236572,False,1,0.001
P05,13,3.476566422868658,3.16991925239563,False,2,0.001
P05,14,3.483935715975585,3.1501526832580566,True,0,0.001
P05,15,3.437681886884901,3.2355434894561768,False,1,0.001
P05,16,3.444330021187111,3.175398826599121,False,2,0.001
P05,17,3.4321047553309687,3.166438341140747,False,3,0.001
P05,18,3.4118251579779164,3.162186861038208,False,4,0.001
P05,19,3.4035960789080018,3.176044225692749,False,5,0.001
P05,20,3.3802323186839067,3.1668291091918945,False,6,0.001
P05,21,3.3795007091981395,3.1613078117370605,False,7,0.001
P05,22,3.368915617465973,3.180577516555786,False,8,0.001
P05,23,3.3809317394539162,3.1527345180511475,False,9,0.001
P05,24,3.3602609435717263,3.174415349960327,False,10,0.001
P05,25,3.356805883072041,3.154500722885132,False,11,0.001
P05,26,3.362458689345254,3.143205404281616,True,0,0.001
P05,27,3.3722835746076374,3.1650753021240234,False,1,0.001
P05,28,3.3241257866223655,3.1871161460876465,False,2,0.001
P05,29,3.3582049210866294,3.1443095207214355,False,3,0.001
P05,30,3.3283548796618425,3.1636123657226562,False,4,0.001
P05,31,3.3543500988571733,3.15195894241333,False,5,0.001
P05,32,3.336559726132287,3.1509363651275635,False,6,0.001
P05,33,3.3176322248246937,3.147141695022583,False,7,0.001
P05,34,3.3330108523368835,3.1394503116607666,True,0,0.001
P05,35,3.321072686601568,3.130864143371582,True,0,0.001
P05,36,3.316019474356263,3.1538047790527344,False,1,0.001
P05,37,3.318016407666383,3.125988721847534,True,0,0.001
P05,38,3.316046608818902,3.2461538314819336,False,1,0.001
P05,39,3.334526945043493,3.1498847007751465,False,2,0.001
P05,40,3.3245176717087075,3.1244454383850098,True,0,0.001
P05,41,3.314640877423463,3.151568651199341,False,1,0.001
P05,42,3.3095203969213696,3.1369898319244385,False,2,0.001
P05,43,3.2982205329117953,3.2024152278900146,False,3,0.001
P05,44,3.311864309840732,3.1464576721191406,False,4,0.001
P05,45,3.29932521449195,3.1588656902313232,False,5,0.001
P05,46,3.2994121335170887,3.2012979984283447,False,6,0.001
P05,47,3.2901649839348264,3.1520910263061523,False,7,0.001
P05,48,3.2870485451486378,3.162691593170166,False,8,0.001
P05,49,3.2732342967280634,3.1416494846343994,False,9,0.001
P05,50,3.2610268614910267,3.159621000289917,False,10,0.001
P05,51,3.2754190851140907,3.163511276245117,False,11,0.001
P05,52,3.3005569356459157,3.1789400577545166,False,12,0.001
P05,53,3.2897438826384366,3.1587657928466797,False,13,0.001
P05,54,3.2588984811747514,3.1735663414001465,False,14,0.001
P05,55,3.256174608513161,3.185290575027466,False,15,0.001
P05,56,3.26497256093555,3.1852965354919434,False,16,0.001
P05,57,3.249510336805273,3.207923650741577,False,17,0.001
P05,58,3.2472018864419727,3.2012250423431396,False,18,0.001
P05,59,3.2784957190354667,3.184499979019165,False,19,0.001
P05,60,3.2573497273303844,3.2201342582702637,False,20,0.001
P06,1,10.85395962882925,4.1142144203186035,True,0,0.001
P06,2,3.5441986929487297,4.071570873260498,True,0,0.001
P06,3,3.516135265429815,4.078396320343018,False,1,0.001
P06,4,3.47488205521195,4.027934551239014,True,0,0.001
P06,5,3.451374720644068,4.0781941413879395,False,1,0.001
P06,6,3.40625516904725,4.044069766998291,False,2,0.001
P06,7,3.3918819471641823,3.9974870681762695,True,0,0.001
P06,8,3.3521363735198975,4.0063886642456055,False,1,0.001
P06,9,3.338885029157003,4.023728370666504,False,2,0.001
P06,10,3.305800923594722,3.985931634902954,True,0,0.001
P06,11,3.303416151691366,4.068517208099365,False,1,0.001
P06,12,3.2598337586279267,3.9901034832000732,False,2,0.001
P06,13,3.2431529738284923,3.9901950359344482,False,3,0.001
P06,14,3.246451194639559,4.058971881866455,False,4,0.001
P06,15,3.2129281063874564,4.050516605377197,False,5,0.001
P06,16,3.215782693138829,4.149467468261719,False,6,0.001
P06,17,3.1882941170975014,4.027327060699463,False,7,0.001
P06,18,3.186231679386563,4.087978363037109,False,8,0.001
P06,19,3.179888884226481,4.101215362548828,False,9,0.001
P06,20,3.1765640863665827,4.059873104095459,False,10,0.001
P06,21,3.1588249294846147,4.201755523681641,False,11,0.001
P06,22,3.1690948528272136,4.067531585693359,False,12,0.001
P06,23,3.1545626245163105,4.206655979156494,False,13,0.001
P06,24,3.16003656828845,4.076544761657715,False,14,0.001
P06,25,3.1429370752087347,4.068157196044922,False,15,0.001
P06,26,3.1438968777656555,4.0394110679626465,False,16,0.001
P06,27,3.1401765478981867,4.082877159118652,False,17,0.001
P06,28,3.1388941638999515,4.026244640350342,False,18,0.001
P06,29,3.127545420770292,4.035513401031494,False,19,0.001
P06,30,3.1364381688612477,4.0224785804748535,False,20,0.001
P07,1,10.728387199915373,3.9210145473480225,True,0,0.001
P07,2,3.666782491482221,4.085666656494141,False,1,0.001
P07,3,3.6354823135412655,3.8323476314544678,True,0,0.001
P07,4,3.5949424505233765,4.016951084136963,False,1,0.001
P07,5,3.585886136843608,3.837383985519409,False,2,0.001
P07,6,3.546538985692538,3.7912752628326416,True,0,0.001
P07,7,3.518959742326003,3.769477128982544,True,0,0.001
P07,8,3.4807124114953556,3.7775402069091797,False,1,0.001
P07,9,3.4626000982064467,3.820131301879883,False,2,0.001
P07,10,3.443960937169882,3.8654122352600098,False,3,0.001
P07,11,3.419964585166711,3.7943272590637207,False,4,0.001
P07,12,3.3888215869665146,3.7953503131866455,False,5,0.001
P07,13,3.3838872817846446,3.9324214458465576,False,6,0.001
P07,14,3.3533234814038644,3.9552183151245117,False,7,0.001
P07,15,3.3498458908154416,3.8306100368499756,False,8,0.001
P07,16,3.3317981648903627,3.8423540592193604,False,9,0.001
P07,17,3.3290528597740026,3.8549821376800537,False,10,0.001
P07,18,3.323029005756745,3.836991548538208,False,11,0.001
P07,19,3.2970059376496534,3.850159168243408,False,12,0.001
P07,20,3.288428023457527,3.9240753650665283,False,13,0.001
P07,21,3.2780266805337024,3.854036808013916,False,14,0.001
P07,22,3.275303996526278,3.8773558139801025,False,15,0.001
P07,23,3.2706329776690555,3.9170539379119873,False,16,0.001
P07,24,3.2830726286539664,3.896408796310425,False,17,0.001
P07,25,3.2589827214296045,3.8747270107269287,False,18,0.001
P07,26,3.2632828813332777,3.905125141143799,False,19,0.001
P07,27,3.2631618277384686,4.0310797691345215,False,20,0.001
P08,1,10.860164891790461,3.840331554412842,True,0,0.001
P08,2,3.6925914971916765,3.7839765548706055,True,0,0.001
P08,3,3.6401569269321583,3.6974036693573,True,0,0.001
P08,4,3.6020680511439287,3.6874263286590576,True,0,0.001
P08,5,3.5614838710537664,3.6902825832366943,False,1,0.001
P08,6,3.536658399634891,3.705439329147339,False,2,0.001
P08,7,3.509657049620593,3.844435691833496,False,3,0.001
P08,8,3.499863138905278,3.680683135986328,True,0,0.001
P08,9,3.4662575478906983,3.655055522918701,True,0,0.001
P08,10,3.4606901594886073,3.6746902465820312,False,1,0.001
P08,11,3.4544963008827634,3.6711628437042236,False,2,0.001
P08,12,3.4279566318900496,3.6998584270477295,False,3,0.001
P08,13,3.389839733088458,3.6892294883728027,False,4,0.001
P08,14,3.3869147543553955,3.674119234085083,False,5,0.001
P08,15,3.3610943920082517,3.6768834590911865,False,6,0.001
P08,16,3.349474413527383,3.668619394302368,False,7,0.001
P08,17,3.336012923055225,3.66385817527771,False,8,0.001
P08,18,3.3421357914253518,3.6716034412384033,False,9,0.001
P08,19,3.3243507742881775,3.6756978034973145,False,10,0.001
P08,20,3.331759577548062,3.669991970062256,False,11,0.001
P08,21,3.3449914985232883,3.6753931045532227,False,12,0.001
P08,22,3.300271431605021,3.646153450012207,True,0,0.001
P08,23,3.2960474424892,3.6558139324188232,False,1,0.001
P08,24,3.287350431636528,3.652974843978882,False,2,0.001
P08,25,3.282328142060174,3.6500134468078613,False,3,0.001
P08,26,3.2786086676297366,3.707637071609497,False,4,0.001
P08,27,3.280473275317086,3.6907496452331543,False,5,0.001
P08,28,3.26616903035729,3.6331639289855957,True,0,0.001
P08,29,3.2755717039108276,3.6388347148895264,False,1,0.001
P08,30,3.262843516137865,3.656008243560791,False,2,0.001
P08,31,3.2625872691472373,3.6590144634246826,False,3,0.001
P08,32,3.2569588599381625,3.6641385555267334,False,4,0.001
P08,33,3.2545391652319164,3.7268717288970947,False,5,0.001
P08,34,3.2574133806758456,3.653118133544922,False,6,0.001
P08,35,3.25272277770219,3.6149494647979736,True,0,0.001
P08,36,3.2437016632821827,3.642913818359375,False,1,0.001
P08,37,3.247336875509333,3.7809054851531982,False,2,0.001
P08,38,3.2469883958498635,3.635657787322998,False,3,0.001
P08,39,3.244482965381057,3.600191831588745,True,0,0.001
P08,40,3.2497929367754192,3.5981061458587646,True,0,0.001
P08,41,3.2390272893287517,3.6277830600738525,False,1,0.001
P08,42,3.2575041828332125,3.7689406871795654,False,2,0.001
P08,43,3.246604122497417,3.706751585006714,False,3,0.001
P08,44,3.2529026755580195,3.83540415763855,False,4,0.001
P08,45,3.235781611115844,3.668036460876465,False,5,0.001
P08,46,3.2309336209738695,3.681032657623291,False,6,0.001
P08,47,3.2417447147545992,3.5978617668151855,True,0,0.001
P08,48,3.235868999251613,3.635861396789551,False,1,0.001
P08,49,3.251342844080042,3.6097075939178467,False,2,0.001
P08,50,3.218708588017358,3.6265158653259277,False,3,0.001
P08,51,3.2379075763402163,3.69114351272583,False,4,0.001
P08,52,3.2224824594126806,3.6415133476257324,False,5,0.001
P08,53,3.222196680528146,3.7021915912628174,False,6,0.001
P08,54,3.2191525443836495,3.617446184158325,False,7,0.001
P08,55,3.209772736937911,3.6319873332977295,False,8,0.001
P08,56,3.220350482949504,3.611821413040161,False,9,0.001
P08,57,3.211889770295885,3.739419937133789,False,10,0.001
P08,58,3.195449932857796,3.725767135620117,False,11,0.001
P08,59,3.1990649280724703,3.6753857135772705,False,12,0.001
P08,60,3.2000272196752055,3.6660685539245605,False,13,0.001
P08,61,3.1966372286831892,3.672131061553955,False,14,0.001
P08,62,3.1844047716370336,3.659424066543579,False,15,0.001
P08,63,3.186101105478075,3.6910271644592285,False,16,0.001
P08,64,3.176342996182265,3.613140821456909,False,17,0.001
P08,65,3.1930705187497317,3.613225221633911,False,18,0.001
P08,66,3.168260658228839,3.7668890953063965,False,19,0.001
P08,67,3.1805208998697774,3.7277321815490723,False,20,0.001
P09,1,11.110125601291656,3.5157408714294434,True,0,0.001
P09,2,3.65365954545828,3.443744659423828,True,0,0.001
P09,3,3.6313334359572482,3.431659460067749,True,0,0.001
P09,4,3.6095495991981945,3.4090960025787354,True,0,0.001
P09,5,3.573190980232679,3.3995985984802246,True,0,0.001
P09,6,3.5310635899121943,3.3746631145477295,True,0,0.001
P09,7,3.496290073944972,3.517180919647217,False,1,0.001
P09,8,3.48810928601485,3.40082049369812,False,2,0.001
P09,9,3.440487266733096,3.3779513835906982,False,3,0.001
P09,10,3.4385647085996776,3.3785324096679688,False,4,0.001
P09,11,3.3972704066680026,3.396477222442627,False,5,0.001
P09,12,3.3789099798752713,3.437450647354126,False,6,0.001
P09,13,3.3890548187952776,3.5215201377868652,False,7,0.001
P09,14,3.342407416838866,3.4347598552703857,False,8,0.001
P09,15,3.3299946807898007,3.4491260051727295,False,9,0.001
P09,16,3.322378548292013,3.464177370071411,False,10,0.001
P09,17,3.3032728181435513,3.479729413986206,False,11,0.001
P09,18,3.301138325379445,3.6263551712036133,False,12,0.001
P09,19,3.2805404044114628,3.6065406799316406,False,13,0.001
P09,20,3.2679983446231256,3.506678581237793,False,14,0.001
P09,21,3.2548873665241094,3.6085612773895264,False,15,0.001
P09,22,3.263237611605571,3.5229763984680176,False,16,0.001
P09,23,3.25957905787688,3.542135715484619,False,17,0.001
P09,24,3.2548885505933027,3.5536887645721436,False,18,0.001
P09,25,3.265298915597109,3.5327250957489014,False,19,0.001
P09,26,3.2380576191040187,3.5780344009399414,False,20,0.001
P10,1,10.9567374506822,3.465406656265259,True,0,0.001
P10,2,3.6566643027158885,3.479426860809326,False,1,0.001
P10,3,3.629473764162797,3.4284274578094482,True,0,0.001
P10,4,3.583657152377642,3.439934730529785,False,1,0.001
P10,5,3.5602556501443567,3.389389991760254,True,0,0.001
P10,6,3.5381154097043552,3.361539602279663,True,0,0.001
P10,7,3.5019194071109476,3.3956243991851807,False,1,0.001
P10,8,3.4727618465056787,3.3551788330078125,True,0,0.001
P10,9,3.4528414079776177,3.3718197345733643,False,1,0.001
P10,10,3.451468199491501,3.3950631618499756,False,2,0.001
P10,11,3.4139886177503147,3.522399663925171,False,3,0.001
P10,12,3.3773176830548506,3.507774829864502,False,4,0.001
P10,13,3.3722594793026266,3.4145162105560303,False,5,0.001
P10,14,3.351870053089582,3.4304208755493164,False,6,0.001
P10,15,3.3470062636412106,3.433807849884033,False,7,0.001
P10,16,3.3278694645716596,3.4459736347198486,False,8,0.001
P10,17,3.314082980155945,3.534228563308716,False,9,0.001
P10,18,3.3093535774029217,3.505206823348999,False,10,0.001
P10,19,3.279685216454359,3.557081460952759,False,11,0.001
P10,20,3.2892112731933594,3.7071263790130615,False,12,0.001
P10,21,3.2835324922433267,3.4873201847076416,False,13,0.001
P10,22,3.2799689380022197,3.500544786453247,False,14,0.001
P10,23,3.2730904863430905,3.507824420928955,False,15,0.001
P10,24,3.2665104877490263,3.561941623687744,False,16,0.001
P10,25,3.2422628677808323,3.5409088134765625,False,17,0.001
P10,26,3.2547966769108405,3.518275260925293,False,18,0.001
P10,27,3.231391274012052,3.8693394660949707,False,19,0.001
P10,28,3.2501104221894193,3.7431719303131104,False,20,0.001
P11,1,10.862374939300397,3.7101962566375732,True,0,0.001
P11,2,3.5662180836553925,3.6839632987976074,True,0,0.001
P11,3,3.5176503945280007,3.6939384937286377,False,1,0.001
P11,4,3.5157956569283098,3.6409995555877686,True,0,0.001
P11,5,3.4859349970464355,3.64349102973938,False,1,0.001
P11,6,3.4818207180058516,3.6087350845336914,True,0,0.001
P11,7,3.4364773719399064,3.65141224861145,False,1,0.001
P11,8,3.413262395947068,3.5852110385894775,True,0,0.001
P11,9,3.407657168529652,3.8911540508270264,False,1,0.001
P11,10,3.38755711250835,3.8250105381011963,False,2,0.001
P11,11,3.3721193075180054,3.5503430366516113,True,0,0.001
P11,12,3.364124628128829,3.59971022605896,False,1,0.001
P11,13,3.338383464901536,3.525153875350952,True,0,0.001
P11,14,3.3367083734936185,3.8295648097991943,False,1,0.001
P11,15,3.3127986236854836,3.531320810317993,False,2,0.001
P11,16,3.295137989300269,3.580784797668457,False,3,0.001
P11,17,3.285687866034331,3.6253695487976074,False,4,0.001
P11,18,3.3058368850637367,3.5245747566223145,True,0,0.001
P11,19,3.287922809521357,3.49511456489563,True,0,0.001
P11,20,3.26373925253197,3.4941751956939697,True,0,0.001
P11,21,3.2755641319133617,3.520138740539551,False,1,0.001
P11,22,3.2376901374922857,3.471886396408081,True,0,0.001
P11,23,3.251309985363925,3.466920852661133,True,0,0.001
P11,24,3.2582644157939487,3.641063928604126,False,1,0.001
P11,25,3.23390143999347,3.528108596801758,False,2,0.001
P11,26,3.2209156354268393,3.539226531982422,False,3,0.001
P11,27,3.2206779453489514,3.489482879638672,False,4,0.001
P11,28,3.243759283313045,3.46183443069458,True,0,0.001
P11,29,3.2337128508974007,3.4976940155029297,False,1,0.001
P11,30,3.2204940760577165,3.6399776935577393,False,2,0.001
P11,31,3.2168581121497684,3.4473745822906494,True,0,0.001
P11,32,3.2037024244114205,3.457958221435547,False,1,0.001
P11,33,3.205383137420372,3.46993088722229,False,2,0.001
P11,34,3.187163390495159,3.4577744007110596,False,3,0.001
P11,35,3.199058465383671,3.5024402141571045,False,4,0.001
P11,36,3.1856174148895122,3.4512503147125244,False,5,0.001
P11,37,3.192482650279999,3.499779462814331,False,6,0.001
P11,38,3.1747857056282185,3.4596898555755615,False,7,0.001
P11,39,3.17556811703576,3.458068370819092,False,8,0.001
P11,40,3.1982504460546703,3.509537696838379,False,9,0.001
P11,41,3.19224371291973,3.4691591262817383,False,10,0.001
P11,42,3.191234282873295,3.4734246730804443,False,11,0.001
P11,43,3.1818957229455314,3.504624605178833,False,12,0.001
P11,44,3.1840455885286683,3.5446243286132812,False,13,0.001
P11,45,3.17312933228634,3.508991241455078,False,14,0.001
P11,46,3.1818094739207514,3.4677438735961914,False,15,0.001
P11,47,3.1654192407925925,3.488007068634033,False,16,0.001
P11,48,3.1562315225601196,3.490053176879883,False,17,0.001
P11,49,3.1902286818733923,3.5219244956970215,False,18,0.001
P11,50,3.1540046588138297,3.5507912635803223,False,19,0.001
P11,51,3.1738137150252306,3.4806063175201416,False,20,0.001
P12,1,10.791214061918712,3.324814796447754,True,0,0.001
P12,2,3.7429248673575266,3.2736940383911133,True,0,0.001
P12,3,3.7432914370582218,3.3421730995178223,False,1,0.001
P12,4,3.661207555589222,3.373899459838867,False,2,0.001
P12,5,3.645371873038156,3.240138530731201,True,0,0.001
P12,6,3.5875691595531647,3.2429451942443848,False,1,0.001
P12,7,3.565889104207357,3.234039068222046,True,0,0.001
P12,8,3.5338211150396437,3.2495617866516113,False,1,0.001
P12,9,3.5562505154382613,3.2544374465942383,False,2,0.001
P12,10,3.510048341751099,3.2208292484283447,True,0,0.001
P12,11,3.4857146932965235,3.2321290969848633,False,1,0.001
P12,12,3.490394637698219,3.2190916538238525,True,0,0.001
P12,13,3.463924212682815,3.2217297554016113,False,1,0.001
P12,14,3.4292091755639937,3.2696492671966553,False,2,0.001
P12,15,3.421239632651919,3.2552103996276855,False,3,0.001
P12,16,3.4010180314381917,3.2031466960906982,True,0,0.001
P12,17,3.3936743304842993,3.323042154312134,False,1,0.001
P12,18,3.388821848233541,3.222388982772827,False,2,0.001
P12,19,3.387026832217262,3.2354326248168945,False,3,0.001
P12,20,3.380549364998227,3.287867546081543,False,4,0.001
P12,21,3.342828839165824,3.229105234146118,False,5,0.001
P12,22,3.359454722631545,3.2249484062194824,False,6,0.001
P12,23,3.348855143501645,3.2396938800811768,False,7,0.001
P12,24,3.3211620580582393,3.266413688659668,False,8,0.001
P12,25,3.331674673443749,3.2616918087005615,False,9,0.001
P12,26,3.322960428964524,3.2356464862823486,False,10,0.001
P12,27,3.3195161478860036,3.2559211254119873,False,11,0.001
P12,28,3.3280511311122347,3.2558915615081787,False,12,0.001
P12,29,3.32151149113973,3.2830512523651123,False,13,0.001
P12,30,3.3117962031137376,3.2685675621032715,False,14,0.001
P12,31,3.306950046902611,3.2605223655700684,False,15,0.001
P12,32,3.3195366836729505,3.2860050201416016,False,16,0.001
P12,33,3.2948575598852976,3.304731607437134,False,17,0.001
P12,34,3.308482522056216,3.292539358139038,False,18,0.001
P12,35,3.297718528338841,3.275433301925659,False,19,0.001
P12,36,3.302476805732364,3.2871036529541016,False,20,0.001
P15,1,10.935479811902317,3.2687177658081055,True,0,0.001
P15,2,3.7485204395258203,3.2935426235198975,False,1,0.001
P15,3,3.6910243731624677,3.2781999111175537,False,2,0.001
P15,4,3.6804131246962637,3.292447328567505,False,3,0.001
P15,5,3.6601234157130405,3.282291889190674,False,4,0.001
P15,6,3.626134845445741,3.2460267543792725,True,0,0.001
P15,7,3.6271111582810023,3.233027458190918,True,0,0.001
P15,8,3.5651740218108556,3.232816696166992,True,0,0.001
P15,9,3.570443513258448,3.223689317703247,True,0,0.001
P15,10,3.53941961054532,3.3723061084747314,False,1,0.001
P15,11,3.5171742484254658,3.2146191596984863,True,0,0.001
P15,12,3.5344737374557638,3.2310125827789307,False,1,0.001
P15,13,3.492509720460424,3.1931254863739014,True,0,0.001
P15,14,3.4571707271180063,3.258277654647827,False,1,0.001
P15,15,3.4618427461048342,3.247683048248291,False,2,0.001
P15,16,3.4387971410211526,3.1834213733673096,True,0,0.001
P15,17,3.4369711516038426,3.2127721309661865,False,1,0.001
P15,18,3.423527609627202,3.179582357406616,True,0,0.001
P15,19,3.3968257724114186,3.1853044033050537,False,1,0.001
P15,20,3.404709133337129,3.2807114124298096,False,2,0.001
P15,21,3.4030363897107683,3.187445640563965,False,3,0.001
P15,22,3.3674951319424613,3.184372663497925,False,4,0.001
P15,23,3.3862276167239784,3.3029704093933105,False,5,0.001
P15,24,3.3640333650247105,3.2123630046844482,False,6,0.001
P15,25,3.3709120952858114,3.199709177017212,False,7,0.001
P15,26,3.3273994180391417,3.1971704959869385,False,8,0.001
P15,27,3.3426576088059625,3.2034716606140137,False,9,0.001
P15,28,3.3515132463203288,3.226799249649048,False,10,0.001
P15,29,3.3286115943260914,3.215930700302124,False,11,0.001
P15,30,3.2970081950133703,3.231445789337158,False,12,0.001
P15,31,3.324267731522614,3.238147258758545,False,13,0.001
P15,32,3.320078782315524,3.425058126449585,False,14,0.001
P15,33,3.3134786194225527,3.242649555206299,False,15,0.001
P15,34,3.3184580881640597,3.251371145248413,False,16,0.001
P15,35,3.2886712978471,3.26470947265625,False,17,0.001
P15,36,3.3087738088841707,3.3007168769836426,False,18,0.001
P15,37,3.30005419254303,3.245030403137207,False,19,0.001
P15,38,3.324319697775931,3.2633252143859863,False,20,0.001
P16,1,10.937535917317426,3.616100311279297,True,0,0.001
P16,2,3.6602807464423,3.591966152191162,True,0,0.001
P16,3,3.6201840506659613,3.5913262367248535,True,0,0.001
P16,4,3.6070095786341914,3.5683860778808594,True,0,0.001
P16,5,3.5713889996210733,3.7188544273376465,False,1,0.001
P16,6,3.553710619608561,3.5508809089660645,True,0,0.001
P16,7,3.5200481845272913,3.596569776535034,False,1,0.001
P16,8,3.5235162995479725,3.5459160804748535,True,0,0.001
P16,9,3.4846448324344776,3.558138370513916,False,1,0.001
P16,10,3.4695001509454517,3.6168086528778076,False,2,0.001
P16,11,3.4861607076945127,3.562422275543213,False,3,0.001
P16,12,3.4295316956661366,3.5173027515411377,True,0,0.001
P16,13,3.432819304642854,3.5346455574035645,False,1,0.001
P16,14,3.419349714561745,3.5152666568756104,True,0,0.001
P16,15,3.395345277256436,3.5235373973846436,False,1,0.001
P16,16,3.3985204520048917,3.5107452869415283,True,0,0.001
P16,17,3.3797240058581033,3.5310728549957275,False,1,0.001
P16,18,3.3480777872933283,3.48380970954895,True,0,0.001
P16,19,3.359329473089289,3.5435569286346436,False,1,0.001
P16,20,3.334741289968844,3.520620584487915,False,2,0.001
P16,21,3.3220280011494956,3.5303094387054443,False,3,0.001
P16,22,3.32145748535792,3.502401828765869,False,4,0.001
P16,23,3.312569632574364,3.502516984939575,False,5,0.001
P16,24,3.296491704605244,3.542133331298828,False,6,0.001
P16,25,3.288082488157131,3.5364723205566406,False,7,0.001
P16,26,3.2876940722818726,3.526524543762207,False,8,0.001
P16,27,3.2758781578805714,3.5415844917297363,False,9,0.001
P16,28,3.2732331410602287,3.606905698776245,False,10,0.001
P16,29,3.2620429197947183,3.6465399265289307,False,11,0.001
P16,30,3.265567812654707,3.5631139278411865,False,12,0.001
P16,31,3.273607854489927,3.566502094268799,False,13,0.001
P16,32,3.2645894167599856,3.591071605682373,False,14,0.001
P16,33,3.251008853868202,3.570222854614258,False,15,0.001
P16,34,3.235511274249465,3.587233066558838,False,16,0.001
P16,35,3.2385821485960924,3.6099610328674316,False,17,0.001
P16,36,3.2411911620034113,3.6096787452697754,False,18,0.001
P16,37,3.233705213776341,3.606386661529541,False,19,0.001
P16,38,3.2708256001825684,3.612128973007202,False,20,0.001
P17,1,11.310061761966118,3.5544917583465576,True,0,0.001
P17,2,3.7238812125646152,3.406155586242676,True,0,0.001
P17,3,3.690602406859398,3.4055657386779785,True,0,0.001
P17,4,3.661984670620698,3.3829803466796875,True,0,0.001
P17,5,3.635253816843033,3.3590545654296875,True,0,0.001
P17,6,3.599879182302035,3.3844552040100098,False,1,0.001
P17,7,3.577393903182103,3.487600564956665,False,2,0.001
P17,8,3.567579753123797,3.3242671489715576,True,0,0.001
P17,9,3.5332738000612993,3.319028615951538,True,0,0.001
P17,10,3.4938943282915997,3.328784942626953,False,1,0.001
P17,11,3.4910240093102822,3.3170063495635986,True,0,0.001
P17,12,3.4726597712590146,3.4064085483551025,False,1,0.001
P17,13,3.4712320187917123,3.3090271949768066,True,0,0.001
P17,14,3.4211227045609403,3.3468871116638184,False,1,0.001
P17,15,3.440200083530866,3.3090763092041016,False,2,0.001
P17,16,3.4258863857159247,3.311251640319824,False,3,0.001
P17,17,3.396249684003683,3.3538007736206055,False,4,0.001
P17,18,3.3899302986951976,3.316390037536621,False,5,0.001
P17,19,3.372288699333484,3.355292558670044,False,6,0.001
P17,20,3.3867847598516025,3.327176094055176,False,7,0.001
P17,21,3.341379416676668,3.3302552700042725,False,8,0.001
P17,22,3.339157615716641,3.381962776184082,False,9,0.001
P17,23,3.314476626423689,3.3567192554473877,False,10,0.001
P17,24,3.32897503559406,3.3417859077453613,False,11,0.001
P17,25,3.3447285134058733,3.347689628601074,False,12,0.001
P17,26,3.3043991315823336,3.421989679336548,False,13,0.001
P17,27,3.316939576314046,3.3683414459228516,False,14,0.001
P17,28,3.293145174017319,3.372056722640991,False,15,0.001
P17,29,3.2918709757236333,3.4735686779022217,False,16,0.001
P17,30,3.2782190350385814,3.423537254333496,False,17,0.001
P17,31,3.2942437667113085,3.44382381439209,False,18,0.001
P17,32,3.2800952815092526,3.4009242057800293,False,19,0.001
P17,33,3.303056328342511,3.412034749984741,False,20,0.001
P18,1,10.665178419253149,3.5595703125,True,0,0.001
P18,2,3.6537705244274314,3.6495959758758545,False,1,0.001
P18,3,3.6273984734071503,3.6701602935791016,False,2,0.001
P18,4,3.600197911262512,3.5565876960754395,True,0,0.001
P18,5,3.5494287932684663,3.496067762374878,True,0,0.001
P18,6,3.5318845401116468,3.5398130416870117,False,1,0.001
P18,7,3.5192665003855295,3.4858109951019287,True,0,0.001
P18,8,3.4731160981939473,3.5695621967315674,False,1,0.001
P18,9,3.4468197100753084,3.445142984390259,True,0,0.001
P18,10,3.435403395136562,3.4412336349487305,True,0,0.001
P18,11,3.40432109526538,3.4643266201019287,False,1,0.001
P18,12,3.3919874615625503,3.416053533554077,True,0,0.001
P18,13,3.368196069647413,3.413940668106079,True,0,0.001
P18,14,3.350194432319851,3.4049019813537598,True,0,0.001
P18,15,3.334543691862614,3.415177822113037,False,1,0.001
P18,16,3.321893888875979,3.4091854095458984,False,2,0.001
P18,17,3.3289904736597604,3.45088791847229,False,3,0.001
P18,18,3.3089630024148784,3.5157291889190674,False,4,0.001
P18,19,3.3093894884126995,3.427593946456909,False,5,0.001
P18,20,3.280089157436966,3.4384021759033203,False,6,0.001
P18,21,3.2739159492177703,3.4303243160247803,False,7,0.001
P18,22,3.2764694143872743,3.477339267730713,False,8,0.001
P18,23,3.27469467679295,3.5257787704467773,False,9,0.001
P18,24,3.264913682543903,3.460064172744751,False,10,0.001
P18,25,3.2564404634160735,3.5333645343780518,False,11,0.001
P18,26,3.254069632346477,3.505307674407959,False,12,0.001
P18,27,3.2692715115503432,3.483588218688965,False,13,0.001
P18,28,3.2434514640668115,3.5001838207244873,False,14,0.001
P18,29,3.2391142604547905,3.5100090503692627,False,15,0.001
P18,30,3.2345474805306953,3.515437126159668,False,16,0.001
P18,31,3.239015468763649,3.608187437057495,False,17,0.001
P18,32,3.255576903666925,3.5430965423583984,False,18,0.001
P18,33,3.2316872023661203,3.5215747356414795,False,19,0.001
P18,34,3.223919262579822,3.5478250980377197,False,20,0.001
P19,1,10.660230535048026,4.377294063568115,True,0,0.001
P19,2,3.5106157572181136,4.325976848602295,True,0,0.001
P19,3,3.448945916361279,4.55341911315918,False,1,0.001
P19,4,3.497183554702335,4.298020839691162,True,0,0.001
P19,5,3.4012973308563232,4.332742214202881,False,1,0.001
P19,6,3.3787608367425426,4.4075775146484375,False,2,0.001
P19,7,3.357627621403447,4.360134601593018,False,3,0.001
P19,8,3.3457725357126304,4.399788856506348,False,4,0.001
P19,9,3.336651921272278,4.375426769256592,False,5,0.001
P19,10,3.304345581266615,4.39111852645874,False,6,0.001
P19,11,3.287189577464704,4.361213684082031,False,7,0.001
P19,12,3.2689127259784274,4.380387783050537,False,8,0.001
P19,13,3.264067022888749,4.361538887023926,False,9,0.001
P19,14,3.24603987954281,4.3487677574157715,False,10,0.001
P19,15,3.230468440938879,4.339296340942383,False,11,0.001
P19,16,3.241229796851123,4.391078948974609,False,12,0.001
P19,17,3.223997493584951,4.316726207733154,False,13,0.001
P19,18,3.1934157411257424,4.396626949310303,False,14,0.001
P19,19,3.207536280155182,4.330694198608398,False,15,0.001
P19,20,3.187132351928287,4.298731803894043,False,16,0.001
P19,21,3.1965560096281544,4.270584583282471,True,0,0.001
P19,22,3.1754833923445807,4.285846710205078,False,1,0.001
P19,23,3.173160147887689,4.343400955200195,False,2,0.001
P19,24,3.1595726300168923,4.260459899902344,True,0,0.001
P19,25,3.174166257734652,4.247269153594971,True,0,0.001
P19,26,3.148415054436083,4.249085903167725,False,1,0.001
P19,27,3.1534658008151584,4.285210609436035,False,2,0.001
P19,28,3.152436706754896,4.269549369812012,False,3,0.001
P19,29,3.1477286992249667,4.275594234466553,False,4,0.001
P19,30,3.120614089347698,4.3068413734436035,False,5,0.001
P19,31,3.128761407401827,4.279916286468506,False,6,0.001
P19,32,3.1295831037892237,4.2522501945495605,False,7,0.001
P19,33,3.1163438580654286,4.249651908874512,False,8,0.001
P19,34,3.1160827952402608,4.315865993499756,False,9,0.001
P19,35,3.108998076783286,4.28250789642334,False,10,0.001
P19,36,3.1174736144366086,4.245367527008057,True,0,0.001
P19,37,3.126844944777312,4.255481243133545,False,1,0.001
P19,38,3.113755589282071,4.250293254852295,False,2,0.001
P19,39,3.106481349026715,4.396761417388916,False,3,0.001
P19,40,3.1116793199821755,4.355340480804443,False,4,0.001
P19,41,3.105185193044168,4.2834062576293945,False,5,0.001
P19,42,3.1108581821123757,4.265563011169434,False,6,0.001
P19,43,3.0973563348805464,4.267670154571533,False,7,0.001
P19,44,3.104116234514448,4.371342182159424,False,8,0.001
P19,45,3.1070668112348625,4.456418514251709,False,9,0.001
P19,46,3.093269449693185,4.334807395935059,False,10,0.001
P19,47,3.0941242299698017,4.396714210510254,False,11,0.001
P19,48,3.105397590884456,4.286689758300781,False,12,0.001
P19,49,3.0930247516543776,4.5196943283081055,False,13,0.001
P19,50,3.0825052051632493,4.481963157653809,False,14,0.001
P19,51,3.0773155711315296,4.523632526397705,False,15,0.001
P19,52,3.111451515445003,4.492247581481934,False,16,0.001
P19,53,3.0882116147765406,4.454068660736084,False,17,0.001
P19,54,3.1001986894342632,4.341095924377441,False,18,0.001
P19,55,3.08968358569675,4.366117000579834,False,19,0.001
P19,56,3.07261547115114,4.4535908699035645,False,20,0.001
P21,1,10.24523000206266,4.4564738273620605,True,0,0.001
P21,2,3.3977617820103965,4.430408000946045,True,0,0.001
P21,3,3.39162951196943,4.419101238250732,True,0,0.001
P21,4,3.294902871903919,4.423074722290039,False,1,0.001
P21,5,3.2769872585932416,4.445022106170654,False,2,0.001
P21,6,3.223834042322068,4.471592903137207,False,3,0.001
P21,7,3.192386981419155,4.399676322937012,True,0,0.001
P21,8,3.201935340109326,4.393268585205078,True,0,0.001
P21,9,3.1899806465421405,4.518968105316162,False,1,0.001
P21,10,3.151023052987598,4.650618076324463,False,2,0.001
P21,11,3.1758701835359844,4.389349460601807,True,0,0.001
P21,12,3.1219826062520344,4.391912460327148,False,1,0.001
P21,13,3.110544600940886,4.384542942047119,True,0,0.001
P21,14,3.098098761694772,4.413168430328369,False,1,0.001
P21,15,3.1105421940485636,4.385125637054443,False,2,0.001
P21,16,3.09796112491971,4.3532562255859375,True,0,0.001
P21,17,3.059192602975028,4.346336841583252,True,0,0.001
P21,18,3.0730793067387174,4.346547603607178,False,1,0.001
P21,19,3.0839826981226603,4.360167980194092,False,2,0.001
P21,20,3.0529577777499246,4.3486328125,False,3,0.001
P21,21,3.049626238005502,4.3945722579956055,False,4,0.001
P21,22,3.040293046406337,4.381480693817139,False,5,0.001
P21,23,3.0549020335787818,4.356433391571045,False,6,0.001
P21,24,3.021700306165786,4.367940902709961,False,7,0.001
P21,25,3.0148437613532657,4.3821120262146,False,8,0.001
P21,26,3.0020889480908712,4.37529993057251,False,9,0.001
P21,27,3.0025939271563575,4.402100086212158,False,10,0.001
P21,28,3.007376750310262,4.348231792449951,False,11,0.001
P21,29,2.9845404210544766,4.361379146575928,False,12,0.001
P21,30,3.002711458433242,4.33314323425293,True,0,0.001
P21,31,2.9709534758613225,4.366135597229004,False,1,0.001
P21,32,3.0174517620177497,4.34527587890625,False,2,0.001
P21,33,2.9753932090032666,4.337724685668945,False,3,0.001
P21,34,2.9584866546449207,4.34429931640625,False,4,0.001
P21,35,2.9915906031926474,4.345063209533691,False,5,0.001
P21,36,2.9772797652653287,4.356887340545654,False,6,0.001
P21,37,2.9931255885532924,4.357051849365234,False,7,0.001
P21,38,2.955458775020781,4.4014058113098145,False,8,0.001
P21,39,2.9593897263209024,4.369928359985352,False,9,0.001
P21,40,2.9397527490343367,4.383323669433594,False,10,0.001
P21,41,2.9724595932733444,4.446117877960205,False,11,0.001
P21,42,2.9646090586980183,4.439554691314697,False,12,0.001
P21,43,2.9646477494921,4.376367568969727,False,13,0.001
P21,44,2.9534649951117378,4.418982028961182,False,14,0.001
P21,45,2.9751425720396494,4.374476909637451,False,15,0.001
P21,46,2.9392311936333066,4.3950605392456055,False,16,0.001
P21,47,2.954895769982111,4.459947109222412,False,17,0.001
P21,48,2.9446258658454534,4.466816425323486,False,18,0.001
P21,49,2.948091997419085,4.392625331878662,False,19,0.001
P21,50,2.9639569577716647,4.531731128692627,False,20,0.001
P22,1,11.113491202776249,3.6864523887634277,True,0,0.001
P22,2,3.6013855521495524,3.543987989425659,True,0,0.001
P22,3,3.5636857725106754,3.528676986694336,True,0,0.001
P22,4,3.525223209307744,3.49145245552063,True,0,0.001
P22,5,3.5026402542224297,3.486776828765869,True,0,0.001
P22,6,3.4761755730097113,3.4709630012512207,True,0,0.001
P22,7,3.449786275625229,3.4638898372650146,True,0,0.001
P22,8,3.4257362003509817,3.4683659076690674,False,1,0.001
P22,9,3.419947917644794,3.4957242012023926,False,2,0.001
P22,10,3.3915836799603243,3.4837615489959717,False,3,0.001
P22,11,3.3834112114631214,3.4590165615081787,True,0,0.001
P22,12,3.3480153656922855,3.454101085662842,True,0,0.001
P22,13,3.3308994735662756,3.4974284172058105,False,1,0.001
P22,14,3.3214723605376024,3.4713542461395264,False,2,0.001
P22,15,3.3150077645595255,3.4661662578582764,False,3,0.001
P22,16,3.290219701253451,3.4991602897644043,False,4,0.001
P22,17,3.2894335308900247,3.4556639194488525,False,5,0.001
P22,18,3.282677547289775,3.485649585723877,False,6,0.001
P22,19,3.2669017498309794,3.559617280960083,False,7,0.001
P22,20,3.2449060563857737,3.5287647247314453,False,8,0.001
P22,21,3.270194791830503,3.5550906658172607,False,9,0.001
P22,22,3.2316942856861997,3.6201703548431396,False,10,0.001
P22,23,3.2387728484777303,3.507600784301758,False,11,0.001
P22,24,3.2250366440186133,3.5260581970214844,False,12,0.001
P22,25,3.222118561084454,3.531153678894043,False,13,0.001
P22,26,3.2305003221218405,3.566045045852661,False,14,0.001
P22,27,3.208045090620334,3.6469221115112305,False,15,0.001
P22,28,3.196543710736128,3.632697105407715,False,16,0.001
P22,29,3.1984095859986086,3.6091248989105225,False,17,0.001
P22,30,3.1900507647257585,3.574934244155884,False,18,0.001
P22,31,3.190449934739333,3.672813653945923,False,19,0.001
P22,32,3.1812184281074085,3.56367826461792,False,20,0.001
P23,1,10.424897268966392,3.8518004417419434,True,0,0.001
P23,2,3.5876119379644043,3.8218183517456055,True,0,0.001
P23,3,3.5452516829525984,3.797884464263916,True,0,0.001
P23,4,3.515841184942811,3.822573661804199,False,1,0.001
P23,5,3.4723961353302,3.8254220485687256,False,2,0.001
P23,6,3.4533490704165564,3.8213913440704346,False,3,0.001
P23,7,3.402935986165647,3.8197736740112305,False,4,0.001
P23,8,3.403760976261563,3.774285078048706,True,0,0.001
P23,9,3.3849295377731323,3.750093936920166,True,0,0.001
P23,10,3.3834071854750314,3.765432357788086,False,1,0.001
P23,11,3.3462732754371785,3.7513880729675293,False,2,0.001
P23,12,3.3581362631585865,3.78635573387146,False,3,0.001
P23,13,3.3155390509852656,3.845508575439453,False,4,0.001
P23,14,3.316878038424033,3.7709295749664307,False,5,0.001
P23,15,3.2870355789308197,3.7987220287323,False,6,0.001
P23,16,3.29175380203459,3.801361560821533,False,7,0.001
P23,17,3.2770530117882624,3.7643628120422363,False,8,0.001
P23,18,3.2906474316561662,3.900428533554077,False,9,0.001
P23,19,3.2581065882135323,3.7475669384002686,True,0,0.001
P23,20,3.260895843859072,3.7118852138519287,True,0,0.001
P23,21,3.254955213378977,3.782398223876953,False,1,0.001
P23,22,3.2391202549139657,3.721203565597534,False,2,0.001
P23,23,3.2321052153905234,3.6986477375030518,True,0,0.001
P23,24,3.2282762085949934,3.829787015914917,False,1,0.001
P23,25,3.246895764712934,3.7109439373016357,False,2,0.001
P23,26,3.2384593508861683,3.681493043899536,True,0,0.001
P23,27,3.19973792080526,3.85575270652771,False,1,0.001
P23,28,3.2262103965988866,3.8008511066436768,False,2,0.001
P23,29,3.208616313007143,3.7194643020629883,False,3,0.001
P23,30,3.199951125515832,3.7583277225494385,False,4,0.001
P23,31,3.2079230966391385,3.7279574871063232,False,5,0.001
P23,32,3.2081502631858543,3.6949849128723145,False,6,0.001
P23,33,3.1977057810182923,3.7578656673431396,False,7,0.001
P23,34,3.190226724854222,3.72035813331604,False,8,0.001
P23,35,3.1932534409893885,3.7686703205108643,False,9,0.001
P23,36,3.2056080356792167,3.7122879028320312,False,10,0.001
P23,37,3.201894265634042,3.74759578704834,False,11,0.001
P23,38,3.1812393135494657,3.6579155921936035,True,0,0.001
P23,39,3.1932821858812264,3.7738566398620605,False,1,0.001
P23,40,3.1972823352725417,3.722775936126709,False,2,0.001
P23,41,3.203975591394636,3.686917781829834,False,3,0.001
P23,42,3.194726895402979,3.7282168865203857,False,4,0.001
P23,43,3.1915922937569796,3.776702642440796,False,5,0.001
P23,44,3.1849626236491733,3.6749277114868164,False,6,0.001
P23,45,3.191217541694641,3.819816827774048,False,7,0.001
P23,46,3.1783464197759277,3.6483893394470215,True,0,0.001
P23,47,3.190314147207472,3.7377538681030273,False,1,0.001
P23,48,3.18187642759747,3.734649896621704,False,2,0.001
P23,49,3.17760791933095,3.727600574493408,False,3,0.001
P23,50,3.1681419644090862,3.6715312004089355,False,4,0.001
P23,51,3.176815750422301,3.6500437259674072,False,5,0.001
P23,52,3.1791951998516366,3.6901891231536865,False,6,0.001
P23,53,3.1619384895872185,3.6502559185028076,False,7,0.001
P23,54,3.184539436190217,3.672534942626953,False,8,0.001
P23,55,3.177066124147839,3.705340623855591,False,9,0.001
P23,56,3.1755901089421026,3.672194242477417,False,10,0.001
P23,57,3.1638395388921103,3.6830968856811523,False,11,0.001
P23,58,3.1518500723220684,3.6599268913269043,False,12,0.001
P23,59,3.183801633340341,3.704962968826294,False,13,0.001
P23,60,3.1623763464115284,3.6896591186523438,False,14,0.001
P23,61,3.1617041252277516,3.6612069606781006,False,15,0.001
P23,62,3.167305730007313,3.737701892852783,False,16,0.001
P23,63,3.1485512212470725,3.688169479370117,False,17,0.001
P23,64,3.1618272441404836,3.6872782707214355,False,18,0.001
P23,65,3.151379237572352,3.6988043785095215,False,19,0.001
P23,66,3.1435854037602744,3.8010873794555664,False,20,0.001
P26,1,10.641165888851338,3.6337695121765137,True,0,0.001
P26,2,3.6156798167662187,3.5732269287109375,True,0,0.001
P26,3,3.5919968540018257,3.5181028842926025,True,0,0.001
P26,4,3.5440055467865683,3.5691511631011963,False,1,0.001
P26,5,3.517793759432706,3.4900786876678467,True,0,0.001
P26,6,3.5015388293699785,3.481405019760132,True,0,0.001
P26,7,3.487029218673706,3.4829893112182617,False,1,0.001
P26,8,3.4784961787137116,3.498154401779175,False,2,0.001
P26,9,3.421291377327659,3.4661362171173096,True,0,0.001
P26,10,3.4260285464200106,3.4549448490142822,True,0,0.001
P26,11,3.3825998197902334,3.5263583660125732,False,1,0.001
P26,12,3.441150006380948,3.459310293197632,False,2,0.001
P26,13,3.388316583633423,3.4628682136535645,False,3,0.001
P26,14,3.3454686988483777,3.5526437759399414,False,4,0.001
P26,15,3.334143642945723,3.433121919631958,True,0,0.001
P26,16,3.333134476705031,3.4932103157043457,False,1,0.001
P26,17,3.317801156910983,3.4407265186309814,False,2,0.001
P26,18,3.3024828672409057,3.4575836658477783,False,3,0.001
P26,19,3.3312751921740444,3.4281444549560547,True,0,0.001
P26,20,3.2939110495827415,3.470620632171631,False,1,0.001
P26,21,3.2609508579427544,3.53555965423584,False,2,0.001
P26,22,3.2738954359834844,3.433612108230591,False,3,0.001
P26,23,3.298664297840812,3.4228787422180176,True,0,0.001
P26,24,3.273308526385914,3.3805325031280518,True,0,0.001
P26,25,3.2577254165302625,3.402602434158325,False,1,0.001
P26,26,3.2683018305084923,3.3846919536590576,False,2,0.001
P26,27,3.24928026416085,3.4148573875427246,False,3,0.001
P26,28,3.2452800328081306,3.383389949798584,False,4,0.001
P26,29,3.2379632483829153,3.430919647216797,False,5,0.001
P26,30,3.2281901413744145,3.421243667602539,False,6,0.001
P26,31,3.256169919534163,3.377636194229126,True,0,0.001
P26,32,3.268296061862599,3.3871841430664062,False,1,0.001
P26,33,3.2337477423928003,3.3864939212799072,False,2,0.001
P26,34,3.234292413971641,3.39996075630188,False,3,0.001
P26,35,3.2488760688088156,3.408092737197876,False,4,0.001
P26,36,3.2124131321907043,3.3867459297180176,False,5,0.001
P26,37,3.2090137026526713,3.3669791221618652,True,0,0.001
P26,38,3.239465873891657,3.374349355697632,False,1,0.001
P26,39,3.2082821867682716,3.4691085815429688,False,2,0.001
P26,40,3.239831998131492,3.503915548324585,False,3,0.001
P26,41,3.235844289172779,3.3921618461608887,False,4,0.001
P26,42,3.199509014866569,3.396578550338745,False,5,0.001
P26,43,3.1957871697165747,3.373164176940918,False,6,0.001
P26,44,3.2170062737031415,3.37612247467041,False,7,0.001
P26,45,3.2044081503694706,3.369814395904541,False,8,0.001
P26,46,3.1984518614682282,3.3709418773651123,False,9,0.001
P26,47,3.2060746702280913,3.373307704925537,False,10,0.001
P26,48,3.198251211643219,3.3757247924804688,False,11,0.001
P26,49,3.190292746370489,3.379732847213745,False,12,0.001
P26,50,3.190193193609064,3.380742073059082,False,13,0.001
P26,51,3.20426432761279,3.3732120990753174,False,14,0.001
P26,52,3.217039879885587,3.386591672897339,False,15,0.001
P26,53,3.2064228469675236,3.3757989406585693,False,16,0.001
P26,54,3.2039918726140804,3.372727155685425,False,17,0.001
P26,55,3.178471525148912,3.3835325241088867,False,18,0.001
P26,56,3.1798840436068447,3.3891353607177734,False,19,0.001
P26,57,3.1725094134157352,3.377426862716675,False,20,0.001
P29,1,11.270029197420392,3.4428038597106934,True,0,0.001
P29,2,3.757900987352644,3.257530450820923,True,0,0.001
P29,3,3.7374572458721342,3.261629819869995,False,1,0.001
P29,4,3.6390784649621875,3.2699949741363525,False,2,0.001
P29,5,3.612222044808524,3.2295427322387695,True,0,0.001
P29,6,3.648023746127174,3.447471857070923,False,1,0.001
P29,7,3.616103408450172,3.214688539505005,True,0,0.001
P29,8,3.6048943565005347,3.3193728923797607,False,1,0.001
P29,9,3.5244806834629605,3.3384058475494385,False,2,0.001
P29,10,3.5057165849776495,3.1659467220306396,True,0,0.001
P29,11,3.461133220649901,3.2294576168060303,False,1,0.001
P29,12,3.455683097385225,3.122293710708618,True,0,0.001
P29,13,3.4754176117125013,3.124112844467163,False,1,0.001
P29,14,3.4521788574400403,3.302629232406616,False,2,0.001
P29,15,3.4260290486471994,3.2169406414031982,False,3,0.001
P29,16,3.3737940810975573,3.1267051696777344,False,4,0.001
P29,17,3.420419774736677,3.2857656478881836,False,5,0.001
P29,18,3.37741463070824,3.440551996231079,False,6,0.001
P29,19,3.3650010790143696,3.328571081161499,False,7,0.001
P29,20,3.3384303478967574,3.130688190460205,False,8,0.001
P29,21,3.367776044209798,3.333611011505127,False,9,0.001
P29,22,3.3180460816337947,3.287971019744873,False,10,0.001
P29,23,3.338319224403018,3.2856972217559814,False,11,0.001
P29,24,3.316524882543655,3.34502911567688,False,12,0.001
P29,25,3.326756397883097,3.3856334686279297,False,13,0.001
P29,26,3.301364453633626,3.25373911857605,False,14,0.001
P29,27,3.297511864843823,3.4229328632354736,False,15,0.001
P29,28,3.343359348887489,3.684234857559204,False,16,0.001
P29,29,3.294919687225705,3.425163745880127,False,17,0.001
P29,30,3.281215388434274,3.2222821712493896,False,18,0.001
P29,31,3.2833264396304176,3.4632534980773926,False,19,0.001
P29,32,3.28154479435512,3.493011713027954,False,20,0.001
P30,1,10.988788040406114,3.3091471195220947,True,0,0.001
P30,2,3.747175690230973,3.2207424640655518,True,0,0.001
P30,3,3.700313132837278,3.2448692321777344,False,1,0.001
P30,4,3.65747032471753,3.194701910018921,True,0,0.001
P30,5,3.629953036614514,3.2421886920928955,False,1,0.001
P30,6,3.610814201722451,3.2113828659057617,False,2,0.001
P30,7,3.5662777533224963,3.1659374237060547,True,0,0.001
P30,8,3.5448341588361547,3.2516732215881348,False,1,0.001
P30,9,3.5124109819394733,3.2775301933288574,False,2,0.001
P30,10,3.5321487789853996,3.390819549560547,False,3,0.001
P30,11,3.4789359000844695,3.1409525871276855,True,0,0.001
P30,12,3.5060108943816717,3.0964841842651367,True,0,0.001
P30,13,3.4440011125092114,3.0858097076416016,True,0,0.001
P30,14,3.428083336681401,3.1617603302001953,False,1,0.001
P30,15,3.4134535111418556,3.266890525817871,False,2,0.001
P30,16,3.3996042964655326,3.135580062866211,False,3,0.001
P30,17,3.3722264132368456,3.184831380844116,False,4,0.001
P30,18,3.384598073609378,3.1390786170959473,False,5,0.001
P30,19,3.3674989052868765,3.116887331008911,False,6,0.001
P30,20,3.385762416988338,3.1358482837677,False,7,0.001
P30,21,3.34757220854453,3.122978925704956,False,8,0.001
P30,22,3.3288520968288458,3.1892831325531006,False,9,0.001
P30,23,3.336425083492874,3.1055142879486084,False,10,0.001
P30,24,3.3270772454935478,3.273026466369629,False,11,0.001
P30,25,3.32560330027834,3.1934444904327393,False,12,0.001
P30,26,3.31060664150693,3.267580509185791,False,13,0.001
P30,27,3.2999103725503343,3.169654130935669,False,14,0.001
P30,28,3.307828008581739,3.160651922225952,False,15,0.001
P30,29,3.30301519052698,3.2347826957702637,False,16,0.001
P30,30,3.286736661141072,3.260251045227051,False,17,0.001
P30,31,3.284862493156293,3.160020589828491,False,18,0.001
P30,32,3.278319630054159,3.377626657485962,False,19,0.001
P30,33,3.2796109083595626,3.2117624282836914,False,20,0.001
P31,1,10.88690906161562,3.290580987930298,True,0,0.001
P31,2,3.6723553368804653,3.4478511810302734,False,1,0.001
P31,3,3.660624020690218,3.292891263961792,False,2,0.001
P31,4,3.6275632118960037,3.2043581008911133,True,0,0.001
P31,5,3.600658459400912,3.3303017616271973,False,1,0.001
P31,6,3.5703101858086543,3.2446277141571045,False,2,0.001
P31,7,3.5545948929742934,3.164553165435791,True,0,0.001
P31,8,3.4972167857196355,3.193406820297241,False,1,0.001
P31,9,3.5202060183253856,3.2245781421661377,False,2,0.001
P31,10,3.4796639494939683,3.1266133785247803,True,0,0.001
P31,11,3.4629785183372848,3.1087350845336914,True,0,0.001
P31,12,3.444255458105595,3.1685574054718018,False,1,0.001
P31,13,3.411892838434342,3.1204986572265625,False,2,0.001
P31,14,3.3901123234985073,3.2399539947509766,False,3,0.001
P31,15,3.370463786868874,3.1652672290802,False,4,0.001
P31,16,3.3632593089287433,3.1359081268310547,False,5,0.001
P31,17,3.360994726146033,3.1336617469787598,False,6,0.001
P31,18,3.350216927878354,3.3111894130706787,False,7,0.001
P31,19,3.34910820602277,3.1618263721466064,False,8,0.001
P31,20,3.328223294074382,3.1833996772766113,False,9,0.001
P31,21,3.3237967491149902,3.135817766189575,False,10,0.001
P31,22,3.300447724281101,3.107820749282837,True,0,0.001
P31,23,3.2976294384090177,3.144726276397705,False,1,0.001
P31,24,3.2977220946495684,3.1231040954589844,False,2,0.001
P31,25,3.298147582132882,3.1219818592071533,False,3,0.001
P31,26,3.2880336757099955,3.113671064376831,False,4,0.001
P31,27,3.2822229752846814,3.1096110343933105,False,5,0.001
P31,28,3.28157440675508,3.266463279724121,False,6,0.001
P31,29,3.2917991209467616,3.264427423477173,False,7,0.001
P31,30,3.2885889263328063,3.1888856887817383,False,8,0.001
P31,31,3.2612193024486578,3.1796936988830566,False,9,0.001
P31,32,3.2601577251329337,3.2161457538604736,False,10,0.001
P31,33,3.2541757789226846,3.1966257095336914,False,11,0.001
P31,34,3.256706535269361,3.1843771934509277,False,12,0.001
P31,35,3.2488939280903666,3.2557177543640137,False,13,0.001
P31,36,3.2442524214403345,3.1384620666503906,False,14,0.001
P31,37,3.2591756232287907,3.1564502716064453,False,15,0.001
P31,38,3.241735773349027,3.143785238265991,False,16,0.001
P31,39,3.251884625592363,3.196951150894165,False,17,0.001
P31,40,3.23675534047118,3.193281888961792,False,18,0.001
P31,41,3.2474287409301197,3.2676310539245605,False,19,0.001
P31,42,3.2322450351277623,3.1612160205841064,False,20,0.001
P32,1,11.655944665273031,3.3373026847839355,True,0,0.001
P32,2,3.7698699474334716,3.284437656402588,True,0,0.001
P32,3,3.760079404285976,3.2529401779174805,True,0,0.001
P32,4,3.7078730878375827,3.2542788982391357,False,1,0.001
P32,5,3.6896952220371793,3.3295485973358154,False,2,0.001
P32,6,3.6612103711991084,3.2138352394104004,True,0,0.001
P32,7,3.6349661509195963,3.391232490539551,False,1,0.001
P32,8,3.619499138423375,3.263965606689453,False,2,0.001
P32,9,3.620352730296907,3.167819023132324,True,0,0.001
P32,10,3.5662906760261173,3.1849887371063232,False,1,0.001
P32,11,3.5310925551823207,3.1261138916015625,True,0,0.001
P32,12,3.510104703903198,3.123802900314331,True,0,0.001
P32,13,3.4978748185294015,3.2958922386169434,False,1,0.001
P32,14,3.4891820794060115,3.210691452026367,False,2,0.001
P32,15,3.4618000087283907,3.182021141052246,False,3,0.001
P32,16,3.4645165670485722,3.2887187004089355,False,4,0.001
P32,17,3.4584148338862826,3.1958401203155518,False,5,0.001
P32,18,3.4474480628967283,3.2021687030792236,False,6,0.001
P32,19,3.452218970798311,3.2947499752044678,False,7,0.001
P32,20,3.419017135529291,3.116544723510742,True,0,0.001
P32,21,3.440815575917562,3.1463332176208496,False,1,0.001
P32,22,3.398244110743205,3.1732289791107178,False,2,0.001
P32,23,3.396816312699091,3.2121217250823975,False,3,0.001
P32,24,3.390895653906323,3.2315101623535156,False,4,0.001
P32,25,3.37333778994424,3.1525988578796387,False,5,0.001
P32,26,3.381195981161935,3.1527349948883057,False,6,0.001
P32,27,3.3821734769003733,3.3773353099823,False,7,0.001
P32,28,3.3757699512300037,3.146955728530884,False,8,0.001
P32,29,3.378957418033055,3.2036097049713135,False,9,0.001
P32,30,3.363124098096575,3.324803590774536,False,10,0.001
P32,31,3.3773040930430094,3.377624988555908,False,11,0.001
P32,32,3.355962913376944,3.181898832321167,False,12,0.001
P32,33,3.34963861420041,3.355970621109009,False,13,0.001
P32,34,3.3629555770329067,3.349104404449463,False,14,0.001
P32,35,3.362396853310721,3.1571812629699707,False,15,0.001
P32,36,3.3467896052769253,3.240975856781006,False,16,0.001
P32,37,3.344955585116432,3.222108840942383,False,17,0.001
P32,38,3.337986401149205,3.213554620742798,False,18,0.001
P32,39,3.3360357852209184,3.282417058944702,False,19,0.001
P32,40,3.3496447744823636,3.3666412830352783,False,20,0.001
P33,1,11.152356217760559,3.334601640701294,True,0,0.001
P33,2,3.813393780944544,3.054198980331421,True,0,0.001
P33,3,3.750160862546448,3.0002357959747314,True,0,0.001
P33,4,3.7267696113761413,3.1182641983032227,False,1,0.001
P33,5,3.690057551095245,3.019732713699341,False,2,0.001
P33,6,3.686024847380612,2.9438884258270264,True,0,0.001
P33,7,3.6441512610934197,2.9607977867126465,False,1,0.001
P33,8,3.63905489554099,2.9253973960876465,True,0,0.001
P33,9,3.62763131867855,2.940223455429077,False,1,0.001
P33,10,3.606882613733274,3.0121889114379883,False,2,0.001
P33,11,3.580315541783604,3.010117530822754,False,3,0.001
P33,12,3.563849512590181,2.905099391937256,True,0,0.001
P33,13,3.5407730417514065,2.894291400909424,True,0,0.001
P33,14,3.5110072433401687,2.9806599617004395,False,1,0.001
P33,15,3.510494071409243,3.0166666507720947,False,2,0.001
P33,16,3.4935388871289175,2.961172580718994,False,3,0.001
P33,17,3.4778318142672195,3.054394245147705,False,4,0.001
P33,18,3.476608136378297,2.9279797077178955,False,5,0.001
P33,19,3.4475794615001853,2.888514518737793,True,0,0.001
P33,20,3.463206119493607,3.0120632648468018,False,1,0.001
P33,21,3.4381210957098443,2.9274580478668213,False,2,0.001
P33,22,3.4419855677753413,3.2432003021240234,False,3,0.001
P33,23,3.430113549626202,3.0502407550811768,False,4,0.001
P33,24,3.4380362854091397,3.0343918800354004,False,5,0.001
P33,25,3.4517940709350308,3.008176326751709,False,6,0.001
P33,26,3.395737701599751,3.0202550888061523,False,7,0.001
P33,27,3.4088514966702244,2.9984655380249023,False,8,0.001
P33,28,3.403506948313582,3.05302095413208,False,9,0.001
P33,29,3.4003789129607176,3.1457996368408203,False,10,0.001
P33,30,3.387559361414078,3.031517267227173,False,11,0.001
P33,31,3.398174428064889,3.2765536308288574,False,12,0.001
P33,32,3.3889242837188442,3.088568925857544,False,13,0.001
P33,33,3.381466983655177,3.142991065979004,False,14,0.001
P33,34,3.404364815545738,3.1144614219665527,False,15,0.001
P33,35,3.386327607916036,3.08632755279541,False,16,0.001
P33,36,3.3736257706213433,3.1343162059783936,False,17,0.001
P33,37,3.3601425503372053,3.123502492904663,False,18,0.001
P33,38,3.3722800519488274,3.0979127883911133,False,19,0.001
P33,39,3.3804523310530077,3.2331125736236572,False,20,0.001
P34,1,11.650892363144802,3.4175188541412354,True,0,0.001
P34,2,3.758616555195588,3.324406147003174,True,0,0.001
P34,3,3.709099381015851,3.4748482704162598,False,1,0.001
P34,4,3.6610707548948436,3.299427032470703,True,0,0.001
P34,5,3.6319046226831584,3.3036837577819824,False,1,0.001
P34,6,3.6060205606313853,3.282804250717163,True,0,0.001
P34,7,3.568114493901913,3.381415367126465,False,1,0.001
P34,8,3.592797258725533,3.592961072921753,False,2,0.001
P34,9,3.5308228845779714,3.51311993598938,False,3,0.001
P34,10,3.4952422930644107,4.03374719619751,False,4,0.001
P34,11,3.483422263310506,3.2864253520965576,False,5,0.001
P34,12,3.4751979616972117,3.315187692642212,False,6,0.001
P34,13,3.4489315381416907,3.4099769592285156,False,7,0.001
P34,14,3.4370743288443637,3.4442906379699707,False,8,0.001
P34,15,3.423886056129749,3.3521289825439453,False,9,0.001
P34,16,3.4153521485053577,3.6265971660614014,False,10,0.001
P34,17,3.3981654391838956,3.5506749153137207,False,11,0.001
P34,18,3.396023615048482,3.4150147438049316,False,12,0.001
P34,19,3.369777120076693,3.619112968444824,False,13,0.001
P34,20,3.371142009129891,3.3383846282958984,False,14,0.001
P34,21,3.3647290410903783,3.8536152839660645,False,15,0.001
P34,22,3.350147933914111,3.628587007522583,False,16,0.001
P34,23,3.3358456309025106,3.400747776031494,False,17,0.001
P34,24,3.3446095276337404,3.334026575088501,False,18,0.001
P34,25,3.327997686771246,3.533233165740967,False,19,0.001
P34,26,3.335351675748825,3.2581732273101807,True,0,0.001
P34,27,3.3234192728996277,3.491199493408203,False,1,0.001
P34,28,3.3029046689088526,3.2984778881073,False,2,0.001
P34,29,3.309094550517889,3.5054259300231934,False,3,0.001
P34,30,3.2998382357450633,3.3611230850219727,False,4,0.001
P34,31,3.3122467008920817,3.5283398628234863,False,5,0.001
P34,32,3.2978335458498735,3.4848861694335938,False,6,0.001
P34,33,3.3026240903597612,3.671884775161743,False,7,0.001
P34,34,3.304441307599728,3.91406512260437,False,8,0.001
P34,35,3.2927302099191227,3.4217851161956787,False,9,0.001
P34,36,3.2822886682473698,3.5086655616760254,False,10,0.001
P34,37,3.3058203688034644,3.302171230316162,False,11,0.001
P34,38,3.293406910621203,3.377901792526245,False,12,0.001
P34,39,3.2808790103747296,3.5478885173797607,False,13,0.001
P34,40,3.2960941871771445,3.41251802444458,False,14,0.001
P34,41,3.2770181619204006,3.3725967407226562,False,15,0.001
P34,42,3.2751525594637942,3.555941104888916,False,16,0.001
P34,43,3.285301169523826,3.4067792892456055,False,17,0.001
P34,44,3.2689179411301246,3.445260763168335,False,18,0.001
P34,45,3.2841163140076857,3.4128599166870117,False,19,0.001
P34,46,3.2665874786101856,3.426795482635498,False,20,0.001
P35,1,11.200339909994378,3.5749714374542236,True,0,0.001
P35,2,3.6422505344984666,3.4934885501861572,True,0,0.001
P35,3,3.588345037878684,3.484476327896118,True,0,0.001
P35,4,3.57329586991724,3.4897093772888184,False,1,0.001
P35,5,3.52930286245526,3.4947264194488525,False,2,0.001
P35,6,3.4984746496632413,3.4564781188964844,True,0,0.001
P35,7,3.492472174032679,3.478870391845703,False,1,0.001
P35,8,3.438583000650946,3.4671342372894287,False,2,0.001
P35,9,3.403547222321888,3.7152278423309326,False,3,0.001
P35,10,3.413300829675962,3.4644484519958496,False,4,0.001
P35,11,3.3947372683938943,3.5009396076202393,False,5,0.001
P35,12,3.3704382473567747,3.5194644927978516,False,6,0.001
P35,13,3.379168654387852,3.5487847328186035,False,7,0.001
P35,14,3.3490478520123466,3.6226775646209717,False,8,0.001
P35,15,3.3200694986109465,3.557652235031128,False,9,0.001
P35,16,3.2959790769613013,3.6133248805999756,False,10,0.001
P35,17,3.3044292252018765,3.5181498527526855,False,11,0.001
P35,18,3.284378123733233,3.6197192668914795,False,12,0.001
P35,19,3.26426629412849,3.7562906742095947,False,13,0.001
P35,20,3.251119703616736,3.5388495922088623,False,14,0.001
P35,21,3.2498683794489445,3.7140231132507324,False,15,0.001
P35,22,3.2340275791456117,3.712190628051758,False,16,0.001
P35,23,3.2542093418679148,3.7739298343658447,False,17,0.001
P35,24,3.2531642182817997,3.620304584503174,False,18,0.001
P35,25,3.245133746345088,3.693376302719116,False,19,0.001
P35,26,3.1996065366942927,3.5837621688842773,False,20,0.001
P36,1,11.063082933425903,3.389941453933716,True,0,0.001
P36,2,3.6797683969983517,3.3097336292266846,True,0,0.001
P36,3,3.6804261634934625,3.2870402336120605,True,0,0.001
P36,4,3.646835408120785,3.2682793140411377,True,0,0.001
P36,5,3.615457926156386,3.2361080646514893,True,0,0.001
P36,6,3.581715318391908,3.237382173538208,False,1,0.001
P36,7,3.5492871538648068,3.4506678581237793,False,2,0.001
P36,8,3.5501576707048237,3.523899793624878,False,3,0.001
P36,9,3.5338890530028433,3.1850802898406982,True,0,0.001
P36,10,3.4923686418893203,3.4838550090789795,False,1,0.001
P36,11,3.459436130973528,3.2505886554718018,False,2,0.001
P36,12,3.441671857294047,3.182056188583374,True,0,0.001
P36,13,3.3958093737656214,3.201188087463379,False,1,0.001
P36,14,3.4016197121368266,3.2523324489593506,False,2,0.001
P36,15,3.364703639498297,3.275125503540039,False,3,0.001
P36,16,3.3706597640829266,3.199766159057617,False,4,0.001
P36,17,3.383989541035778,3.229238510131836,False,5,0.001
P36,18,3.35019237027978,3.279215097427368,False,6,0.001
P36,19,3.332112826266379,3.3121659755706787,False,7,0.001
P36,20,3.343896080862801,3.4253032207489014,False,8,0.001
P36,21,3.3156339447453336,3.3290467262268066,False,9,0.001
P36,22,3.3346563307744153,3.311113119125366,False,10,0.001
P36,23,3.3069024130983173,3.356666326522827,False,11,0.001
P36,24,3.3173618451604305,3.3781111240386963,False,12,0.001
P36,25,3.307882197622983,3.3802032470703125,False,13,0.001
P36,26,3.302742400259342,3.4078311920166016,False,14,0.001
P36,27,3.290748582696015,3.4784393310546875,False,15,0.001
P36,28,3.2871611185793608,3.26094388961792,False,16,0.001
P36,29,3.2965115421223192,3.2660534381866455,False,17,0.001
P36,30,3.2928458823347992,3.3372719287872314,False,18,0.001
P36,31,3.2800422839398653,3.3952763080596924,False,19,0.001
P36,32,3.2739610368350767,3.343695878982544,False,20,0.001
P37,1,11.327734835867611,3.574998378753662,True,0,0.001
P37,2,3.6669985775677665,3.5758087635040283,False,1,0.001
P37,3,3.651565711453276,3.573613166809082,True,0,0.001
P37,4,3.5937848226079403,3.5667266845703125,True,0,0.001
P37,5,3.557935064693667,3.515183448791504,True,0,0.001
P37,6,3.534998931974735,3.538536310195923,False,1,0.001
P37,7,3.5082083839290545,3.5370092391967773,False,2,0.001
P37,8,3.4845643144733502,3.6089212894439697,False,3,0.001
P37,9,3.496268258904511,3.812595844268799,False,4,0.001
P37,10,3.4735073323519723,3.516065835952759,False,5,0.001
P37,11,3.4463445622965976,3.5045745372772217,True,0,0.001
P37,12,3.4201964072461397,3.5717358589172363,False,1,0.001
P37,13,3.39833491253403,3.532257318496704,False,2,0.001
P37,14,3.3630783591630324,3.514756202697754,False,3,0.001
P37,15,3.360651543680227,3.5147697925567627,False,4,0.001
P37,16,3.3397164749649337,3.5413014888763428,False,5,0.001
P37,17,3.328287767914106,3.533496618270874,False,6,0.001
P37,18,3.332606060324975,3.555135488510132,False,7,0.001
P37,19,3.3144550953271255,3.5518441200256348,False,8,0.001
P37,20,3.3018514232815437,3.575131893157959,False,9,0.001
P37,21,3.2991607189178467,3.6116559505462646,False,10,0.001
P37,22,3.2901324865952977,3.6752359867095947,False,11,0.001
P37,23,3.2801797536184205,3.6737003326416016,False,12,0.001
P37,24,3.274425633673398,3.6142265796661377,False,13,0.001
P37,25,3.271541235581884,3.7178516387939453,False,14,0.001
P37,26,3.264071816543363,3.6965298652648926,False,15,0.001
P37,27,3.268478955862657,3.700028419494629,False,16,0.001
P37,28,3.261248625674338,3.6759166717529297,False,17,0.001
P37,29,3.259972525092791,3.7425434589385986,False,18,0.001
P37,30,3.255682740571364,3.675689458847046,False,19,0.001
P37,31,3.267891212454382,3.7621395587921143,False,20,0.001
P38,1,11.427793259804066,3.381741523742676,True,0,0.001
P38,2,3.7696009324147153,3.2619683742523193,True,0,0.001
P38,3,3.776273122200599,3.2493717670440674,True,0,0.001
P38,4,3.696350246667862,3.286513090133667,False,1,0.001
P38,5,3.666177591452232,3.2251877784729004,True,0,0.001
P38,6,3.629514914292556,3.231635808944702,False,1,0.001
P38,7,3.6054583994241862,3.214581251144409,True,0,0.001
P38,8,3.5774226887868,3.2574996948242188,False,1,0.001
P38,9,3.588773099275736,3.3045849800109863,False,2,0.001
P38,10,3.547729879617691,3.192700147628784,True,0,0.001
P38,11,3.5132395842900643,3.2573702335357666,False,1,0.001
P38,12,3.504753066943242,3.2065188884735107,False,2,0.001
P38,13,3.4798287542966695,3.204334020614624,False,3,0.001
P38,14,3.456659550850208,3.2525100708007812,False,4,0.001
P38,15,3.44883285348232,3.221825361251831,False,5,0.001
P38,16,3.4408038671200094,3.1855697631835938,True,0,0.001
P38,17,3.4287560169513407,3.357067108154297,False,1,0.001
P38,18,3.4048314633277745,3.3185698986053467,False,2,0.001
P38,19,3.3964104652404785,3.2255237102508545,False,3,0.001
P38,20,3.386053225168815,3.254490852355957,False,4,0.001
P38,21,3.3758322711174307,3.3740360736846924,False,5,0.001
P38,22,3.36603830410884,3.2976572513580322,False,6,0.001
P38,23,3.3522016612383037,3.366503953933716,False,7,0.001
P38,24,3.3395754339603276,3.4435484409332275,False,8,0.001
P38,25,3.343050609414394,3.549088716506958,False,9,0.001
P38,26,3.3483501145472894,3.4025533199310303,False,10,0.001
P38,27,3.3343763649463654,3.7184863090515137,False,11,0.001
P38,28,3.322946296288417,3.436021327972412,False,12,0.001
P38,29,3.3207092651954064,3.339343547821045,False,13,0.001
P38,30,3.324340072961954,3.608426332473755,False,14,0.001
P38,31,3.3135022933666525,3.4833455085754395,False,15,0.001
P38,32,3.324315403516476,3.674215316772461,False,16,0.001
P38,33,3.3157450419205885,3.6567318439483643,False,17,0.001
P38,34,3.3112466919880648,3.4949865341186523,False,18,0.001
P38,35,3.3033730318913093,3.5341875553131104,False,19,0.001
P38,36,3.3013651840961895,3.672572612762451,False,20,0.001
P39,1,11.208364749396289,3.358790397644043,True,0,0.001
P39,2,3.8235191349630004,3.150846481323242,True,0,0.001
P39,3,3.781003987347638,3.179030418395996,False,1,0.001
P39,4,3.7633494668536716,3.160764694213867,False,2,0.001
P39,5,3.699511263105604,3.0944135189056396,True,0,0.001
P39,6,3.6511168170858315,3.055086135864258,True,0,0.001
P39,7,3.6442188642643116,3.261451244354248,False,1,0.001
P39,8,3.5806582658379167,3.1185991764068604,False,2,0.001
P39,9,3.5589383089983904,3.1051852703094482,False,3,0.001
P39,10,3.5856523800779274,3.0973498821258545,False,4,0.001
P39,11,3.5139144681118153,3.298725128173828,False,5,0.001
P39,12,3.499064354984849,3.1631767749786377,False,6,0.001
P39,13,3.511529059321792,3.073192834854126,False,7,0.001
P39,14,3.4867925632883003,3.182302713394165,False,8,0.001
P39,15,3.4589151762149952,3.308626890182495,False,9,0.001
P39,16,3.437834798185914,3.1494522094726562,False,10,0.001
P39,17,3.417093360865558,3.203258514404297,False,11,0.001
P39,18,3.4233112787758864,3.0866177082061768,False,12,0.001
P39,19,3.398204082692111,3.2310028076171875,False,13,0.001
P39,20,3.3963445866549455,3.3937559127807617,False,14,0.001
P39,21,3.4242740405930414,3.217230796813965,False,15,0.001
P39,22,3.4127697061609337,3.2669217586517334,False,16,0.001
P39,23,3.3754215593691224,3.4313406944274902,False,17,0.001
P39,24,3.3761846511452287,3.302673578262329,False,18,0.001
P39,25,3.3492204215791492,3.528062582015991,False,19,0.001
P39,26,3.35305549259539,3.2183992862701416,False,20,0.001
P40,1,10.825050387117598,3.241358995437622,True,0,0.001
P40,2,3.706534566702666,3.272507667541504,False,1,0.001
P40,3,3.684348859168865,3.1846866607666016,True,0,0.001
P40,4,3.6629928019311695,3.1572115421295166,True,0,0.001
P40,5,3.6203718980153403,3.1592719554901123,False,1,0.001
P40,6,3.5925884953251592,3.135767698287964,True,0,0.001
P40,7,3.5303168208510787,3.1267478466033936,True,0,0.001
P40,8,3.5247819556130304,3.1495370864868164,False,1,0.001
P40,9,3.480868246820238,3.119072198867798,True,0,0.001
P40,10,3.451439305588051,3.2338807582855225,False,1,0.001
P40,11,3.4410032078071877,3.1223318576812744,False,2,0.001
P40,12,3.418575323290295,3.123825788497925,False,3,0.001
P40,13,3.426597993682932,3.1220436096191406,False,4,0.001
P40,14,3.4180465561372264,3.1303818225860596,False,5,0.001
P40,15,3.4253413522685014,3.1181392669677734,True,0,0.001
P40,16,3.379495867976436,3.1323115825653076,False,1,0.001
P40,17,3.362796602425752,3.1396682262420654,False,2,0.001
P40,18,3.3513031933042736,3.1172032356262207,True,0,0.001
P40,19,3.3609440525372825,3.1285948753356934,False,1,0.001
P40,20,3.36027870354829,3.116337537765503,True,0,0.001
P40,21,3.3474495013554892,3.103299379348755,True,0,0.001
P40,22,3.353766946880906,3.1335387229919434,False,1,0.001
P40,23,3.3234264651934304,3.272984027862549,False,2,0.001
P40,24,3.3391973972320557,3.1277055740356445,False,3,0.001
P40,25,3.3226618711595184,3.1220626831054688,False,4,0.001
P40,26,3.314937552920094,3.1638405323028564,False,5,0.001
P40,27,3.312795680982095,3.1576805114746094,False,6,0.001
P40,28,3.3179449416972973,3.2502634525299072,False,7,0.001
P40,29,3.3078014011736268,3.156620502471924,False,8,0.001
P40,30,3.287526450775288,3.249413251876831,False,9,0.001
P40,31,3.3048145484041282,3.1630468368530273,False,10,0.001
P40,32,3.2980769353884236,3.1264688968658447,False,11,0.001
P40,33,3.2964114679230585,3.1932289600372314,False,12,0.001
P40,34,3.312099104678189,3.118441104888916,False,13,0.001
P40,35,3.2978353334797754,3.191955804824829,False,14,0.001
P40,36,3.2962647124573037,3.1518890857696533,False,15,0.001
P40,37,3.301309899047569,3.1157116889953613,False,16,0.001
P40,38,3.276690806503649,3.21476149559021,False,17,0.001
P40,39,3.2909866593502186,3.1342647075653076,False,18,0.001
P40,40,3.289265622695287,3.1384363174438477,False,19,0.001
P40,41,3.2860301357728465,3.121028423309326,False,20,0.001
P41,1,10.664941352063959,3.7234978675842285,True,0,0.001
P41,2,3.631919919360768,3.688683032989502,True,0,0.001
P41,3,3.581060680476102,3.846694231033325,False,1,0.001
P41,4,3.5857564319263804,3.6539461612701416,True,0,0.001
P41,5,3.5520283460617064,3.712956428527832,False,1,0.001
P41,6,3.497346598451788,3.6943774223327637,False,2,0.001
P41,7,3.4617955662987447,3.653006076812744,True,0,0.001
P41,8,3.4364740176634356,3.6010916233062744,True,0,0.001
P41,9,3.4151773398572747,3.6074891090393066,False,1,0.001
P41,10,3.3925453240221195,3.592639207839966,True,0,0.001
P41,11,3.3774791782552547,3.6015923023223877,False,1,0.001
P41,12,3.3461753541773014,3.581623077392578,True,0,0.001
P41,13,3.3549259120767765,3.6157751083374023,False,1,0.001
P41,14,3.3013067657297306,3.6243815422058105,False,2,0.001
P41,15,3.331546035679904,3.590768337249756,False,3,0.001
P41,16,3.3145103497938675,3.5980823040008545,False,4,0.001
P41,17,3.277581285346638,3.6181766986846924,False,5,0.001
P41,18,3.2802304235371675,3.6290738582611084,False,6,0.001
P41,19,3.262866624918851,3.85699462890625,False,7,0.001
P41,20,3.2656385681845923,3.674415349960327,False,8,0.001
P41,21,3.2466155485673385,3.675187349319458,False,9,0.001
P41,22,3.249929317561063,3.862053632736206,False,10,0.001
P41,23,3.261077135259455,3.69291353225708,False,11,0.001
P41,24,3.216561996936798,3.6938977241516113,False,12,0.001
P41,25,3.2362144015052103,3.7041854858398438,False,13,0.001
P41,26,3.2116197607733987,3.7028393745422363,False,14,0.001
P41,27,3.208266108686274,3.717148542404175,False,15,0.001
P41,28,3.2239936731078407,3.7449898719787598,False,16,0.001
P41,29,3.2198131171139805,3.82403564453125,False,17,0.001
P41,30,3.2028322512453253,3.7902650833129883,False,18,0.001
P41,31,3.19309284361926,3.747610569000244,False,19,0.001
P41,32,3.2215996807271785,3.761395215988159,False,20,0.001
P42,1,11.317443430423737,3.5065441131591797,True,0,0.001
P42,2,3.765713076178844,3.5086610317230225,False,1,0.001
P42,3,3.744498705634704,3.5445218086242676,False,2,0.001
P42,4,3.6823389438482432,3.436551094055176,True,0,0.001
P42,5,3.6522883910399218,3.4616599082946777,False,1,0.001
P42,6,3.628702177451207,3.376614809036255,True,0,0.001
P42,7,3.5945737178509054,3.3692898750305176,True,0,0.001
P42,8,3.5641928704885335,3.381030321121216,False,1,0.001
P42,9,3.5430008608561296,3.4155633449554443,False,2,0.001
P42,10,3.543454436155466,3.469857931137085,False,3,0.001
P42,11,3.4992076525321374,3.4825944900512695,False,4,0.001
P42,12,3.4769400312350345,3.453718900680542,False,5,0.001
P42,13,3.4633621607835474,3.3410096168518066,True,0,0.001
P42,14,3.446440632526691,3.4235708713531494,False,1,0.001
P42,15,3.420927719427989,3.6785025596618652,False,2,0.001
P42,16,3.406497829235517,3.4672350883483887,False,3,0.001
P42,17,3.3960888580634045,3.437147617340088,False,4,0.001
P42,18,3.3818732729324927,3.511321783065796,False,5,0.001
P42,19,3.364279274757092,3.5125226974487305,False,6,0.001
P42,20,3.3738390459464145,3.68532657623291,False,7,0.001
P42,21,3.351239662904006,3.583479642868042,False,8,0.001
P42,22,3.357028521024264,3.8742213249206543,False,9,0.001
P42,23,3.324926204406298,3.5833816528320312,False,10,0.001
P42,24,3.339137088793975,3.561052083969116,False,11,0.001
P42,25,3.3192175305806675,3.8701140880584717,False,12,0.001
P42,26,3.3269988883000154,3.6616270542144775,False,13,0.001
P42,27,3.3006863662829766,3.617605447769165,False,14,0.001
P42,28,3.298684468636146,3.527662754058838,False,15,0.001
P42,29,3.3028532644877067,3.54341983795166,False,16,0.001
P42,30,3.301685576255505,3.5296101570129395,False,17,0.001
P42,31,3.31324087197964,3.7307684421539307,False,18,0.001
P42,32,3.304106822380653,3.7426936626434326,False,19,0.001
P42,33,3.2869363942971597,3.764584541320801,False,20,0.001
P43,1,11.17755773332384,3.6149463653564453,True,0,0.001
P43,2,3.7071807009202464,3.610844850540161,True,0,0.001
P43,3,3.702455222606659,3.609424591064453,True,0,0.001
P43,4,3.6474047788867243,3.6108591556549072,False,1,0.001
P43,5,3.650592620725985,3.5859901905059814,True,0,0.001
P43,6,3.563302792884685,3.5770208835601807,True,0,0.001
P43,7,3.595799953849227,3.6297829151153564,False,1,0.001
P43,8,3.521918750471539,3.580303430557251,False,2,0.001
P43,9,3.514139038545114,3.5802979469299316,False,3,0.001
P43,10,3.480310228135851,3.6068155765533447,False,4,0.001
P43,11,3.4672090587792574,3.5875306129455566,False,5,0.001
P43,12,3.481209122472339,3.5881028175354004,False,6,0.001
P43,13,3.473676375768803,3.655529022216797,False,7,0.001
P43,14,3.490930180858683,3.551201105117798,True,0,0.001
P43,15,3.417970961994595,3.6640090942382812,False,1,0.001
P43,16,3.4477015512960927,3.558603048324585,False,2,0.001
P43,17,3.403420192224008,3.621567964553833,False,3,0.001
P43,18,3.432645153116297,3.5725574493408203,False,4,0.001
P43,19,3.381552439045023,3.5293867588043213,True,0,0.001
P43,20,3.3591240688606545,3.593264102935791,False,1,0.001
P43,21,3.3984058742169982,3.5012426376342773,True,0,0.001
P43,22,3.3611106408966913,3.465045928955078,True,0,0.001
P43,23,3.364844099239067,3.4582436084747314,True,0,0.001
P43,24,3.3559795132389776,3.4573445320129395,True,0,0.001
P43,25,3.3242361313766904,3.540292978286743,False,1,0.001
P43,26,3.3168028361267514,3.4466171264648438,True,0,0.001
P43,27,3.320227964056863,3.557234764099121,False,1,0.001
P43,28,3.3276574909687042,3.435777187347412,True,0,0.001
P43,29,3.357176160370862,3.4359726905822754,False,1,0.001
P43,30,3.335221939616733,3.4460537433624268,False,2,0.001
P43,31,3.342241234249539,3.5258970260620117,False,3,0.001
P43,32,3.315087259919555,3.521550416946411,False,4,0.001
P43,33,3.350709464814928,3.501399517059326,False,5,0.001
P43,34,3.3177899188465543,3.5593485832214355,False,6,0.001
P43,35,3.2994811325161546,3.4529647827148438,False,7,0.001
P43,36,3.2949486352779247,3.604534387588501,False,8,0.001
P43,37,3.3261563689620406,3.4488492012023926,False,9,0.001
P43,38,3.302093215562679,3.5767059326171875,False,10,0.001
P43,39,3.299411795757435,3.4948971271514893,False,11,0.001
P43,40,3.3119228493284294,3.5488226413726807,False,12,0.001
P43,41,3.2914885768183955,3.633816719055176,False,13,0.001
P43,42,3.299220155786585,3.4503445625305176,False,14,0.001
P43,43,3.28751888760814,3.4786336421966553,False,15,0.001
P43,44,3.258142030625432,3.460007667541504,False,16,0.001
P43,45,3.2877445386515722,3.4440035820007324,False,17,0.001
P43,46,3.299886966193164,3.454475164413452,False,18,0.001
P43,47,3.2936771710713706,3.480987548828125,False,19,0.001
P43,48,3.3268401931833336,3.4453234672546387,False,20,0.001
P44,1,10.85372930654773,3.0988125801086426,True,0,0.001
P44,2,3.675571925110287,3.0775935649871826,True,0,0.001
P44,3,3.6571998088448137,3.0663435459136963,True,0,0.001
P44,4,3.5971261549879006,3.0774619579315186,False,1,0.001
P44,5,3.5728590620888605,3.164891481399536,False,2,0.001
P44,6,3.562118003765742,3.1384129524230957,False,3,0.001
P44,7,3.5026622458740517,3.0702974796295166,False,4,0.001
P44,8,3.489333916593481,3.0643486976623535,True,0,0.001
P44,9,3.452295219456708,3.0574228763580322,True,0,0.001
P44,10,3.430255170221682,3.3286657333374023,False,1,0.001
P44,11,3.452498303519355,3.097853422164917,False,2,0.001
P44,12,3.418732182847129,3.197964668273926,False,3,0.001
P44,13,3.397844597145363,3.1312313079833984,False,4,0.001
P44,14,3.3878591413851136,3.0722992420196533,False,5,0.001
P44,15,3.379035397812172,3.1416683197021484,False,6,0.001
P44,16,3.3645231547179044,3.135547161102295,False,7,0.001
P44,17,3.3439980767391346,3.153272867202759,False,8,0.001
P44,18,3.342494954665502,3.3760149478912354,False,9,0.001
P44,19,3.354428408322511,3.265639066696167,False,10,0.001
P44,20,3.327236729639548,3.137972116470337,False,11,0.001
P44,21,3.3178512465070793,3.1639368534088135,False,12,0.001
P44,22,3.311233651858789,3.2234296798706055,False,13,0.001
P44,23,3.3064934534055217,3.2237303256988525,False,14,0.001
P44,24,3.300069006504836,3.0918664932250977,False,15,0.001
P44,25,3.2912368564694017,3.1400794982910156,False,16,0.001
P44,26,3.3031990373576128,3.3087594509124756,False,17,0.001
P44,27,3.2981042574953148,3.2908804416656494,False,18,0.001
P44,28,3.274443155085599,3.117281913757324,False,19,0.001
P44,29,3.270901091672756,3.2169265747070312,False,20,0.001
P45,1,10.85372930654773,3.6146693229675293,True,0,0.001
P45,2,3.675571925110287,3.597769260406494,True,0,0.001
P45,3,3.6571998088448137,3.6717538833618164,False,1,0.001
P45,4,3.5971261549879006,3.5803744792938232,True,0,0.001
P45,5,3.5728590620888605,3.6008076667785645,False,1,0.001
P45,6,3.562118003765742,3.6032581329345703,False,2,0.001
P45,7,3.5026622458740517,3.6015267372131348,False,3,0.001
P45,8,3.489333916593481,3.6173808574676514,False,4,0.001
P45,9,3.452295219456708,3.634247303009033,False,5,0.001
P45,10,3.430255170221682,3.737746238708496,False,6,0.001
P45,11,3.452498303519355,3.657763957977295,False,7,0.001
P45,12,3.418732182847129,3.685973882675171,False,8,0.001
P45,13,3.397844597145363,3.668586492538452,False,9,0.001
P45,14,3.3878591413851136,3.7069413661956787,False,10,0.001
P45,15,3.379035397812172,3.6801605224609375,False,11,0.001
P45,16,3.3645231547179044,3.671520233154297,False,12,0.001
P45,17,3.3439980767391346,3.6724212169647217,False,13,0.001
P45,18,3.342494954665502,3.7786967754364014,False,14,0.001
P45,19,3.354428408322511,3.7139203548431396,False,15,0.001
P45,20,3.327236729639548,3.6703460216522217,False,16,0.001
P45,21,3.3178512465070793,3.678816795349121,False,17,0.001
P45,22,3.311233651858789,3.6922447681427,False,18,0.001
P45,23,3.3064934534055217,3.6948838233947754,False,19,0.001
P45,24,3.300069006504836,3.669285297393799,False,20,0.001
P46,1,11.104263881842295,3.2315962314605713,True,0,0.001
P46,2,3.7889514653771013,3.1074750423431396,True,0,0.001
P46,3,3.769240719300729,3.0963125228881836,True,0,0.001
P46,4,3.7481643116032637,3.078793525695801,True,0,0.001
P46,5,3.7079087252970093,3.063448190689087,True,0,0.001
P46,6,3.6641720124968775,3.0968880653381348,False,1,0.001
P46,7,3.6840575955532215,3.071572780609131,False,2,0.001
P46,8,3.634941796461741,3.0422070026397705,True,0,0.001
P46,9,3.605861041280958,3.1284711360931396,False,1,0.001
P46,10,3.6076297561327615,3.061535596847534,False,2,0.001
P46,11,3.590715635705877,3.0967466831207275,False,3,0.001
P46,12,3.58451670077112,3.047104597091675,False,4,0.001
P46,13,3.566220513096562,3.061359405517578,False,5,0.001
P46,14,3.5699202131342003,3.019660711288452,True,0,0.001
P46,15,3.5453416638904147,3.0667803287506104,False,1,0.001
P46,16,3.520666190871486,3.021024227142334,False,2,0.001
P46,17,3.493350245334484,3.0368096828460693,False,3,0.001
P46,18,3.4932885037528143,3.101506233215332,False,4,0.001
P46,19,3.4926386928116835,3.0139291286468506,True,0,0.001
P46,20,3.4963923449869507,3.0080196857452393,True,0,0.001
P46,21,3.4653479589356317,3.0332179069519043,False,1,0.001
P46,22,3.463144736157523,3.0149712562561035,False,2,0.001
P46,23,3.4446829745063074,3.014950752258301,False,3,0.001
P46,24,3.471686366531584,2.990785598754883,True,0,0.001
P46,25,3.4360795859937316,3.0206892490386963,False,1,0.001
P46,26,3.4229687452316284,3.000244379043579,False,2,0.001
P46,27,3.428659224951709,2.9969542026519775,False,3,0.001
P46,28,3.420247859425015,2.995384693145752,False,4,0.001
P46,29,3.4172364936934576,2.976996421813965,True,0,0.001
P46,30,3.421855871324186,2.9804272651672363,False,1,0.001
P46,31,3.4330750118803093,2.9759020805358887,True,0,0.001
P46,32,3.4141991513746754,2.9905529022216797,False,1,0.001
P46,33,3.399115829556077,2.9998648166656494,False,2,0.001
P46,34,3.399727612733841,2.9664084911346436,True,0,0.001
P46,35,3.3932127400680825,2.9922494888305664,False,1,0.001
P46,36,3.3894701688377946,3.0124168395996094,False,2,0.001
P46,37,3.4011450144979687,2.9736709594726562,False,3,0.001
P46,38,3.3916444690139205,2.973357915878296,False,4,0.001
P46,39,3.393964096351906,2.980527877807617,False,5,0.001
P46,40,3.3653604388237,2.9681129455566406,False,6,0.001
P46,41,3.362863520781199,2.986597776412964,False,7,0.001
P46,42,3.3609329682809337,2.9728944301605225,False,8,0.001
P46,43,3.3759018458701946,3.0281121730804443,False,9,0.001
P46,44,3.3685099239702576,3.0223429203033447,False,10,0.001
P46,45,3.39858525439545,2.997290849685669,False,11,0.001
P46,46,3.354737107400541,3.011770248413086,False,12,0.001
P46,47,3.3678045250751354,3.0038704872131348,False,13,0.001
P46,48,3.376436506156568,3.0020370483398438,False,14,0.001
P46,49,3.358886495784477,2.9827892780303955,False,15,0.001
P46,50,3.3616134226322174,2.984849691390991,False,16,0.001
P46,51,3.3605508473184376,2.9654700756073,True,0,0.001
P46,52,3.3613671671461174,3.012889862060547,False,1,0.001
P46,53,3.3543210912633827,2.998182535171509,False,2,0.001
P46,54,3.351023751276511,3.012237787246704,False,3,0.001
P46,55,3.3487884534729853,2.987197160720825,False,4,0.001
P46,56,3.3422914235680192,2.9869461059570312,False,5,0.001
P46,57,3.3426051515120045,2.9922728538513184,False,6,0.001
P46,58,3.338172262465512,2.9988105297088623,False,7,0.001
P46,59,3.320787727832794,3.0730559825897217,False,8,0.001
P46,60,3.349398202366299,3.0223004817962646,False,9,0.001
P46,61,3.333867108380353,3.001366376876831,False,10,0.001
P46,62,3.32081001996994,3.010101795196533,False,11,0.001
P46,63,3.3063705055801957,3.0361015796661377,False,12,0.001
P46,64,3.3273333266929344,3.068986177444458,False,13,0.001
P46,65,3.3026588448771723,3.011021137237549,False,14,0.001
P46,66,3.3034362075505435,3.018916130065918,False,15,0.001
P46,67,3.2881425287988453,3.0489602088928223,False,16,0.001
P46,68,3.3061822873574718,3.0392658710479736,False,17,0.001
P46,69,3.2934696442551084,3.0236434936523438,False,18,0.001
P46,70,3.271396195447003,3.031646966934204,False,19,0.001
P46,71,3.288058735706188,3.0659732818603516,False,20,0.001
