participant,target,best_balanced_accuracy,accuracy,precision,recall,f1,modality,classifier,feature_count,BA_SD,BA_median,BA_min,BA_max,most_frequent_hyperparameters,winner_tie_count
P10,arousal,0.5697552447552447,0.575,0.5895951107715813,0.6743589743589744,0.6249954387885422,face,knn,all,0.1011881406408256,0.5734265734265734,0.444055944055944,0.7027972027972028,"{""classifier__n_neighbors"": 3, ""classifier__weights"": ""uniform""} (3/5 folds)",3
P10,valence,0.5714285714285714,0.5833333333333333,0.6411616161616162,0.6428571428571429,0.6283401253918496,face,knn,all,0.0437408882639853,0.55,0.5285714285714286,0.6285714285714286,"{""classifier__n_neighbors"": 7, ""classifier__weights"": ""uniform""} (2/5 folds)",3
P11,arousal,0.5822277722277722,0.6083333333333333,0.622243391283639,0.7626373626373626,0.6836844875554553,face,knn,all,0.055291449646826,0.5928571428571429,0.4965034965034964,0.6503496503496503,"{""classifier__n_neighbors"": 11, ""classifier__weights"": ""uniform""} (2/5 folds)",3
P11,valence,0.6155594405594406,0.6083333333333333,0.696969696969697,0.4038461538461538,0.4966846463986051,face,gnb,5,0.1104150125545392,0.5833333333333333,0.5,0.7916666666666667,"{""classifier__var_smoothing"": 1e-11} (5/5 folds)",1
P14,arousal,0.5916083916083916,0.6036231884057971,0.6336829836829837,0.6923076923076923,0.6538907758907759,multimodal,knn,5,0.0375829400494041,0.5734265734265734,0.5576923076923077,0.65,"{""classifier__n_neighbors"": 11, ""classifier__weights"": ""uniform""} (2/5 folds)",1
P14,valence,0.597948717948718,0.586231884057971,0.5425339366515838,0.76,0.62989417989418,multimodal,gnb,all,0.0594504339574423,0.5874125874125874,0.5303030303030303,0.6628787878787878,"{""classifier__var_smoothing"": 1e-11} (5/5 folds)",1
P15,arousal,0.587953216374269,0.725,0.8185442661913249,0.8292397660818713,0.8221872904799735,face,gnb,5,0.0891679598900973,0.5684210526315789,0.4684210526315789,0.7,"{""classifier__var_smoothing"": 1e-11} (5/5 folds)",1
P15,valence,0.6125,0.675,0.7407477970945463,0.8,0.7650574712643678,face,gnb,5,0.0900303768180495,0.625,0.46875,0.71875,"{""classifier__var_smoothing"": 1e-11} (5/5 folds)",1
P16,arousal,0.6743055555555555,0.7010869565217391,0.7707142857142857,0.7625,0.7661040044493882,eeg,svm,20,0.0721453918260092,0.7125,0.5833333333333333,0.7458333333333333,"{""classifier__C"": 10, ""classifier__gamma"": 0.1, ""classifier__kernel"": ""rbf""} (2/5 folds)",1
P16,valence,0.5874125874125874,0.6,0.6114285714285714,0.7384615384615385,0.6649859943977592,face,svm,5,0.0299762730760178,0.5734265734265734,0.5524475524475525,0.6188811188811189,"{""classifier__C"": 0.1, ""classifier__kernel"": ""linear""} (1/5 folds)",1
P17,arousal,0.5822595704948647,0.5434782608695652,0.795595238095238,0.5026143790849673,0.5966366894753992,eeg,gnb,all,0.1202687458633485,0.6225490196078431,0.3907563025210084,0.7100840336134454,"{""classifier__var_smoothing"": 1e-11} (5/5 folds)",1
P17,valence,0.6882917082917083,0.7,0.7177677224736049,0.7802197802197802,0.7439456946464733,face,svm,all,0.0771392337062344,0.6785714285714286,0.5857142857142856,0.7785714285714285,"{""classifier__C"": 1, ""classifier__kernel"": ""linear""} (3/5 folds)",3
P18,arousal,0.6015151515151516,0.6,0.6658857808857809,0.5196969696969698,0.5407832167832167,face,svm,5,0.0724964327254663,0.5833333333333334,0.5104895104895105,0.7083333333333333,"{""classifier__C"": 1, ""classifier__gamma"": 0.01, ""classifier__kernel"": ""rbf""} (2/5 folds)",1
P18,valence,0.6007575757575758,0.6036231884057971,0.6349261849261849,0.6,0.5859565217391304,eeg,knn,20,0.1003108689603903,0.6401515151515151,0.4356060606060606,0.6931818181818181,"{""classifier__n_neighbors"": 11, ""classifier__weights"": ""uniform""} (4/5 folds)",1
P19,arousal,0.6832167832167833,0.6916666666666667,0.7027777777777777,0.5818181818181818,0.6328146453089245,eeg,knn,10,0.0756651758545961,0.6958041958041958,0.5734265734265734,0.7797202797202798,"{""classifier__n_neighbors"": 7, ""classifier__weights"": ""distance""} (2/5 folds)",4
P19,valence,0.6001388888888889,0.6416666666666667,0.7194117647058824,0.7391666666666666,0.7264383265356569,eeg,gnb,5,0.0993108972922289,0.6111111111111112,0.46875,0.7,"{""classifier__var_smoothing"": 1e-11} (5/5 folds)",4
P20,arousal,0.593609943977591,0.639855072463768,0.7722222222222223,0.7110294117647059,0.7202158202158202,eeg,gnb,10,0.091407589112022,0.6071428571428572,0.4831932773109243,0.726890756302521,"{""classifier__var_smoothing"": 1e-11} (5/5 folds)",1
P20,valence,0.6055644355644356,0.625,0.6321491228070175,0.7802197802197803,0.6966666666666667,face,knn,all,0.1569254796458169,0.6428571428571428,0.35,0.7797202797202798,"{""classifier__n_neighbors"": 3, ""classifier__weights"": ""uniform""} (3/5 folds)",3
P22,arousal,0.6777777777777778,0.7,0.6277777777777778,0.5755555555555556,0.6002063983488132,face,gnb,all,0.0455606711358182,0.6777777777777778,0.6071428571428572,0.7333333333333334,"{""classifier__var_smoothing"": 1e-11} (5/5 folds)",3
P22,valence,0.6385814185814185,0.6583333333333333,0.6951298701298702,0.4672727272727273,0.532016315298049,face,svm,5,0.0681129749453863,0.6428571428571428,0.5279720279720279,0.7071428571428571,"{""classifier__C"": 1, ""classifier__gamma"": 0.1, ""classifier__kernel"": ""rbf""} (2/5 folds)",1
P23,arousal,0.5983193277310924,0.6666666666666667,0.7533974358974359,0.7823529411764706,0.7622018447018447,face,knn,all,0.1058338393531981,0.5840336134453781,0.46875,0.726890756302521,"{""classifier__n_neighbors"": 3, ""classifier__weights"": ""uniform""} (3/5 folds)",3
P23,valence,0.5837462537462537,0.5833333333333334,0.52002997002997,0.5872727272727273,0.548365478914678,face,knn,all,0.1034008176953681,0.6258741258741258,0.4285714285714286,0.6928571428571428,"{""classifier__n_neighbors"": 3, ""classifier__weights"": ""distance""} (2/5 folds)",3
P24,arousal,0.5910722610722611,0.5905797101449275,0.6459090909090909,0.5948717948717949,0.6053830227743271,multimodal,knn,10,0.0813406929070684,0.5559440559440559,0.513986013986014,0.696969696969697,"{""classifier__n_neighbors"": 11, ""classifier__weights"": ""uniform""} (2/5 folds)",1
P24,valence,0.6314102564102564,0.6322463768115942,0.6021245421245421,0.6,0.5958592132505176,eeg,svm,10,0.1122600594611594,0.6258741258741258,0.4696969696969696,0.7803030303030303,"{""classifier__C"": 1, ""classifier__kernel"": ""linear""} (2/5 folds)",1
P25,arousal,0.5840059940059941,0.5916666666666667,0.6405494505494506,0.6516483516483517,0.6402426564495529,multimodal,knn,5,0.119892952193649,0.6,0.45,0.7027972027972028,"{""classifier__n_neighbors"": 7, ""classifier__weights"": ""distance""} (2/5 folds)",1
P25,valence,0.6238961038961038,0.625,0.6564439946018894,0.6714285714285715,0.6502277722277723,eeg,svm,all,0.0552798536512027,0.6433566433566433,0.5285714285714286,0.6643356643356644,"{""classifier__C"": 0.1, ""classifier__kernel"": ""linear""} (4/5 folds)",1
P26,arousal,0.5492460317460317,0.6003623188405797,0.659919028340081,0.7457142857142858,0.6961038961038961,eeg,knn,5,0.1273482193516394,0.5208333333333333,0.3888888888888888,0.7166666666666667,"{""classifier__n_neighbors"": 11, ""classifier__weights"": ""uniform""} (1/5 folds)",2
P26,valence,0.5832767232767233,0.5981884057971014,0.5266666666666666,0.4654545454545454,0.4624708624708624,eeg,gnb,10,0.1653135310382902,0.5923076923076923,0.4142857142857142,0.7867132867132867,"{""classifier__var_smoothing"": 1e-11} (5/5 folds)",2
P27,arousal,0.5860130718954248,0.7583333333333333,0.7863630089717046,0.9320261437908496,0.8515067056787211,multimodal,knn,5,0.0700015714170358,0.5833333333333334,0.4888888888888889,0.6666666666666666,"{""classifier__n_neighbors"": 11, ""classifier__weights"": ""uniform""} (2/5 folds)",1
P27,valence,0.5951785714285714,0.638768115942029,0.7485024779142426,0.7224999999999999,0.7316654869046415,eeg,svm,all,0.1116885417450817,0.525,0.5,0.7321428571428572,"{""classifier__C"": 0.1, ""classifier__kernel"": ""linear""} (4/5 folds)",1
P30,arousal,0.5852777777777778,0.6166666666666666,0.7008164642375169,0.6983333333333334,0.6960364145658263,face,gnb,all,0.0897720879660141,0.6,0.4375,0.6666666666666666,"{""classifier__var_smoothing"": 1e-11} (5/5 folds)",3
P30,valence,0.5903263403263403,0.5916666666666666,0.6104473304473303,0.5397435897435898,0.5709935796892319,face,gnb,all,0.1086667732587938,0.5833333333333333,0.4583333333333333,0.75,"{""classifier__var_smoothing"": 1e-11} (5/5 folds)",3
P32,arousal,0.5333333333333333,0.875,0.8742753623188406,1.0,0.9327272727272728,face,svm,5,0.0745355992499929,0.5,0.5,0.6666666666666666,"{""classifier__C"": 10, ""classifier__gamma"": ""scale"", ""classifier__kernel"": ""rbf""} (2/5 folds)",1
P32,valence,0.5983100233100233,0.6,0.611111111111111,0.5769230769230769,0.5903376623376623,eeg,gnb,20,0.0738081852795244,0.6258741258741258,0.5,0.6666666666666666,"{""classifier__var_smoothing"": 1e-11} (5/5 folds)",1
P33,arousal,0.5686741363211951,0.7,0.7645257528848861,0.8516339869281045,0.8042833021161193,face,svm,all,0.0495938091889221,0.5833333333333334,0.4957983193277311,0.611111111111111,"{""classifier__C"": 10, ""classifier__gamma"": ""scale"", ""classifier__kernel"": ""rbf""} (5/5 folds)",3
P33,valence,0.6583333333333333,0.6583333333333333,0.758095238095238,0.4333333333333334,0.5422397348093944,face,svm,5,0.1228990100312718,0.6666666666666666,0.5416666666666667,0.8333333333333333,"{""classifier__C"": 1, ""classifier__gamma"": 0.1, ""classifier__kernel"": ""rbf""} (2/5 folds)",1
P34,arousal,0.5743697478991596,0.7206521739130435,0.7590510366826156,0.9058823529411764,0.823607016289943,multimodal,svm,all,0.0960614843241923,0.5546218487394958,0.4705882352941176,0.6911764705882353,"{""classifier__C"": 0.1, ""classifier__kernel"": ""linear""} (3/5 folds)",1
P34,valence,0.5746031746031746,0.5931159420289855,0.5,0.4777777777777777,0.4831746031746031,eeg,svm,5,0.026732015544602,0.5634920634920635,0.5571428571428572,0.6214285714285714,"{""classifier__C"": 10, ""classifier__gamma"": ""scale"", ""classifier__kernel"": ""rbf""} (4/5 folds)",1
P38,arousal,0.6238095238095238,0.6057971014492753,0.7436868686868687,0.5342857142857143,0.6193728590250329,multimodal,gnb,all,0.1022763092638462,0.6333333333333333,0.5119047619047619,0.7357142857142858,"{""classifier__var_smoothing"": 1e-11} (5/5 folds)",1
P38,valence,0.6213919413919414,0.6409420289855072,0.6748472580051528,0.7494505494505495,0.7036743256743258,eeg,svm,20,0.0638124518322419,0.6190476190476191,0.5576923076923077,0.7230769230769231,"{""classifier__C"": 10, ""classifier__gamma"": ""scale"", ""classifier__kernel"": ""rbf""} (2/5 folds)",1
P39,arousal,0.5330952380952381,0.7076086956521739,0.1222222222222222,0.3,0.1696969696969696,multimodal,gnb,all,0.1410309867689543,0.5416666666666666,0.35,0.7380952380952381,"{""classifier__var_smoothing"": 1e-11} (5/5 folds)",1
P39,valence,0.5961834733893557,0.7347826086956522,0.7631310159456612,0.9161764705882354,0.831394025604552,eeg,svm,5,0.0281213912989533,0.5803571428571428,0.5714285714285714,0.6372549019607843,"{""classifier__C"": 0.1, ""classifier__kernel"": ""linear""} (1/5 folds)",1
P40,arousal,0.6541269841269841,0.6833333333333333,0.7294514472455649,0.7838095238095237,0.75363063336367,face,svm,all,0.0810348164149421,0.6444444444444444,0.5888888888888888,0.788888888888889,"{""classifier__C"": 1, ""classifier__kernel"": ""linear""} (2/5 folds)",3
P40,valence,0.6146453546453546,0.625,0.6594227994227995,0.7274725274725274,0.6825560675883257,multimodal,svm,all,0.0907982165212346,0.6571428571428571,0.513986013986014,0.7097902097902098,"{""classifier__C"": 10, ""classifier__gamma"": 0.01, ""classifier__kernel"": ""rbf""} (2/5 folds)",1
P41,arousal,0.5865445665445665,0.6246376811594203,0.6422619047619047,0.8219780219780219,0.7177339901477833,multimodal,knn,10,0.120137272319474,0.65,0.3928571428571428,0.6730769230769231,"{""classifier__n_neighbors"": 11, ""classifier__weights"": ""uniform""} (2/5 folds)",1
P41,valence,0.5884715284715284,0.6,0.6204248366013072,0.7296703296703297,0.666230691814674,face,knn,5,0.0508430956397342,0.5857142857142856,0.520979020979021,0.6573426573426573,"{""classifier__n_neighbors"": 11, ""classifier__weights"": ""distance""} (1/5 folds)",1
P42,arousal,0.65,0.6583333333333334,0.7211589880707528,0.7,0.705448396287106,multimodal,knn,10,0.1018953044120507,0.6785714285714286,0.4714285714285714,0.7214285714285715,"{""classifier__n_neighbors"": 3, ""classifier__weights"": ""uniform""} (2/5 folds)",1
P42,valence,0.5993506493506493,0.5833333333333333,0.71,0.4714285714285714,0.5506565240961201,face,gnb,5,0.0751131588654337,0.6071428571428572,0.4785714285714285,0.6783216783216783,"{""classifier__var_smoothing"": 1e-11} (5/5 folds)",1
P43,arousal,0.5780952380952381,0.6083333333333333,0.6619047619047619,0.7228571428571429,0.6854286889581007,multimodal,svm,20,0.0751868420968044,0.5714285714285714,0.4666666666666667,0.6714285714285715,"{""classifier__C"": 1, ""classifier__kernel"": ""linear""} (3/5 folds)",1
P43,valence,0.5804166666666667,0.6333333333333333,0.6948007273084673,0.7691666666666667,0.7274509803921568,multimodal,knn,10,0.1071408729975011,0.6222222222222222,0.40625,0.6888888888888889,"{""classifier__n_neighbors"": 11, ""classifier__weights"": ""uniform""} (2/5 folds)",1
P44,arousal,0.6484815184815185,0.6804347826086956,0.7214285714285713,0.4145454545454545,0.5211764705882354,multimodal,knn,all,0.065967996748676,0.6285714285714286,0.5979020979020979,0.7642857142857142,"{""classifier__n_neighbors"": 11, ""classifier__weights"": ""uniform""} (3/5 folds)",1
P44,valence,0.595063025210084,0.7083333333333333,0.7489164086687307,0.8794117647058822,0.8069769446240034,face,knn,all,0.1049540072481988,0.6428571428571428,0.4375,0.6974789915966386,"{""classifier__n_neighbors"": 11, ""classifier__weights"": ""distance""} (2/5 folds)",3
P45,arousal,0.574985014985015,0.5833333333333333,0.5105555555555557,0.5290909090909091,0.5157742181540809,face,svm,all,0.1312814528995975,0.5034965034965035,0.4714285714285714,0.7785714285714285,"{""classifier__C"": 10, ""classifier__gamma"": ""scale"", ""classifier__kernel"": ""rbf""} (5/5 folds)",3
P45,valence,0.5936111111111111,0.6583333333333333,0.7102840434419382,0.8066666666666666,0.7529464758876523,face,svm,all,0.0509302923212298,0.59375,0.5111111111111111,0.6444444444444444,"{""classifier__C"": 10, ""classifier__gamma"": ""scale"", ""classifier__kernel"": ""rbf""} (3/5 folds)",3
P46,arousal,0.5557598039215687,0.6829710144927537,0.7477937267410952,0.8448529411764707,0.7913271148565266,eeg,knn,5,0.0695438554848874,0.5491071428571428,0.4705882352941176,0.6554621848739496,"{""classifier__n_neighbors"": 3, ""classifier__weights"": ""distance""} (2/5 folds)",1
P46,valence,0.6208302808302808,0.6398550724637682,0.6761813186813187,0.7505494505494505,0.7056743256743256,eeg,knn,5,0.0763957715005465,0.5992063492063493,0.5576923076923077,0.7428571428571429,"{""classifier__n_neighbors"": 5, ""classifier__weights"": ""uniform""} (2/5 folds)",1
