mode,participant,target,modality,regressor,feature_count_request,feature_count_resolved,folds,rmse_mean,rmse_std,rmse_median,rmse_min,rmse_max,mae_mean,mae_std,mae_median,mae_min,mae_max,r2_mean,r2_std,r2_median,r2_min,r2_max,explained_variance_mean,explained_variance_std,explained_variance_median,explained_variance_min,explained_variance_max
individual,P19,arousal,eeg,knn,10,10,5,1.5900910961853978,0.35882250678219985,1.5125396290500757,1.2148643203273393,2.00504421625602,1.3087518295587741,0.33503387995497413,1.263135493649071,0.9242424242424242,1.705615624703454,0.056842961444833195,0.08789352145209642,0.0526534503512308,-0.0492236203287852,0.1557937413313417,0.06724093095000463,0.09380225717757884,0.0674873960092854,-0.0430051575329231,0.174702700928213
individual,P19,arousal,eeg,knn,20,20,5,1.6316360473138007,0.31522438415341275,1.527074301684438,1.3270883269196392,2.036957741014145,1.3524215250134441,0.2907372965071736,1.2575757575757576,1.0620247022393865,1.7367842417784751,-0.002020585399064801,0.04789312098961559,0.0183950946414289,-0.0828896144441371,0.0343590139681898,0.018478418914287482,0.05869316603689714,0.0292735513938399,-0.0827503374078455,0.065159139925495
individual,P19,arousal,eeg,knn,5,5,5,1.5700987338298986,0.3243165261378969,1.482333987192757,1.225728545934849,2.0047835182974607,1.2967490936848636,0.2976605889815859,1.2613636363636362,0.9431818181818182,1.7115655842368085,0.07472272534284455,0.0736557447025515,0.0901129456779414,-0.0489507957483441,0.1406271799880177,0.09712365270151277,0.07679909667218436,0.1175425065869061,-0.0361437952553427,0.1587564732820666
individual,P19,arousal,eeg,knn,all,all,5,1.6276627241471986,0.30226878295221665,1.448055636478208,1.3870465282842332,1.958505502073684,1.351429697110241,0.2633389548495447,1.228561409580022,1.081617379001487,1.6856060606060606,-0.0017895428281593212,0.08623787583522961,-0.0010822065029751,-0.1017714757938084,0.1317078987996308,0.017691704665817605,0.09603216695314386,0.0065007283362102,-0.0872669683396345,0.1621176563328582
individual,P19,arousal,eeg,ridge,10,10,5,1.5558795419308142,0.292498433199497,1.5034318765014942,1.254972919240164,1.922024052135696,1.3091320432854274,0.2498612777455465,1.2885527622637036,1.0209339749741069,1.6309038925239274,0.08801450726353979,0.03744255982525113,0.0991308360048867,0.0358651385477308,0.126669497485081,0.10904940121825091,0.04989216289835266,0.1285960333832421,0.0379455209596306,0.1663976109411514
individual,P19,arousal,eeg,ridge,20,20,5,1.5439200717608512,0.31063540928106764,1.4849346289809278,1.2514620861269123,1.943910202713624,1.2934741225114021,0.28314447860708813,1.2811153829772486,0.9661307352574354,1.6442856120148992,0.10438607352815699,0.062169827835317576,0.1041642151583326,0.0137828542368213,0.1817971202034031,0.1280026161252566,0.07450119018551422,0.1387531095918025,0.0189445334716612,0.2273022121269774
individual,P19,arousal,eeg,ridge,5,5,5,1.55789751870327,0.2977343530747523,1.4954493503876392,1.2527742510019952,1.9337477293826253,1.310090771448249,0.2588534089552126,1.282572332303432,0.9946384546904058,1.632180230874697,0.08639296744554062,0.03898200072651337,0.1022846528214501,0.0240674935233088,0.120961259831975,0.107845210276498,0.05320588437760997,0.1234093243460422,0.0241535316250058,0.1612377938399845
individual,P19,arousal,eeg,ridge,all,all,5,1.7545311286214407,0.321448155603624,1.660940777015461,1.453246629133014,2.1632876865873043,1.4829143817764654,0.3045018715543354,1.4610784823635132,1.155646083047236,1.8388308162548777,-0.16257112641431015,0.06884414060846061,-0.1423617372376482,-0.247564222460382,-0.0900262013349511,-0.13634582906484413,0.0737410805597179,-0.1193350077873089,-0.220672903148188,-0.0352029076846915
individual,P19,arousal,eeg,svr,10,10,5,1.6028375624689961,0.3008636322676234,1.5843792259795884,1.2571075568796923,1.9320564013285029,1.3436501325362007,0.2809664342924743,1.3270854867252784,0.9868266263678268,1.686906771035298,0.03236695637675132,0.04843228499607162,0.0372558267147183,-0.0394740030684626,0.0960635750656596,0.07127556036798648,0.044540573427837196,0.0608550192232771,0.0266059476079746,0.1351822491323362
individual,P19,arousal,eeg,svr,20,20,5,1.6132063138286301,0.2673284125179955,1.5403579989180256,1.3114586018004242,1.9323876050703328,1.3587287119632412,0.25719781595539726,1.2928430333018943,1.1043107358877622,1.6855083462380704,0.009537605245216723,0.11004383733846435,0.0254398780298283,-0.175315667317836,0.1122974636199619,0.038433740719164,0.12872548382610272,0.0684974060895238,-0.1727713933437507,0.1661453352112484
individual,P19,arousal,eeg,svr,5,5,5,1.5935668934239255,0.3100261188148838,1.5199721424532255,1.2727766132852714,1.9665826200969343,1.342242581896366,0.2787530713349913,1.3095606960002983,1.0068049507254984,1.710913834942826,0.04539270454461728,0.03311597177169921,0.0501703744508329,-0.0093564060536375,0.0733891390072163,0.07142371605771433,0.05658228711882454,0.0734457702206127,-0.0048203634920829,0.1508013315416172
individual,P19,arousal,eeg,svr,all,all,5,1.6335958290380568,0.30222283995216204,1.5242755977909086,1.300692597594511,1.9980158526702567,1.3697939160500356,0.3078084174497669,1.3144139431910806,0.9535469768508108,1.7136579875876752,-0.006557838940596142,0.04845608184806054,0.0113263724727561,-0.0724265172807685,0.0378952750107842,0.0269913054317224,0.04847487332992115,0.0323131607032423,-0.0412565879285178,0.0942051045193872
individual,P19,arousal,face,knn,10,10,5,1.748371472153797,0.24746017979072105,1.7751811850617247,1.4735968252224845,1.9983636556631728,1.4713790099635529,0.2533713358882456,1.4924937067167303,1.1666666666666667,1.7386363636363635,-0.17047775734098836,0.13291101425761195,-0.1207677952545986,-0.3161423752739092,-0.020927469135036,-0.15915933852452308,0.12844791452779872,-0.1205011996800853,-0.3033330260905233,-0.010792472177779
individual,P19,arousal,face,knn,20,10,5,1.748371472153797,0.24746017979072105,1.7751811850617247,1.4735968252224845,1.9983636556631728,1.4713790099635529,0.2533713358882456,1.4924937067167303,1.1666666666666667,1.7386363636363635,-0.17047775734098836,0.13291101425761195,-0.1207677952545986,-0.3161423752739092,-0.020927469135036,-0.15915933852452308,0.12844791452779872,-0.1205011996800853,-0.3033330260905233,-0.010792472177779
individual,P19,arousal,face,knn,5,5,5,1.749729335755005,0.2506761567660505,1.8012161425773483,1.4415852538359066,1.9905077774581068,1.4948887422722155,0.23410321943780438,1.5653528022701686,1.2083333333333333,1.7575757575757576,-0.17413166602230384,0.16044053087368093,-0.0726028614591665,-0.3547481677841886,-0.0340651645590477,-0.15772820635397475,0.14464450411635826,-0.0699295002814064,-0.3274256837582965,-0.0261414657344962
individual,P19,arousal,face,knn,all,all,5,1.748371472153797,0.24746017979072105,1.7751811850617247,1.4735968252224845,1.9983636556631728,1.4713790099635529,0.2533713358882456,1.4924937067167303,1.1666666666666667,1.7386363636363635,-0.17047775734098836,0.13291101425761195,-0.1207677952545986,-0.3161423752739092,-0.020927469135036,-0.15915933852452308,0.12844791452779872,-0.1205011996800853,-0.3033330260905233,-0.010792472177779
individual,P19,arousal,face,ridge,10,10,5,1.6724200252887669,0.3046288013913346,1.741627334662212,1.3235763667366007,1.9593524624700005,1.4450375787300505,0.2906491371533727,1.5097702365765524,1.0940626329394842,1.7240070363368225,-0.05798595031225769,0.11248318515366323,-0.0020537572832062,-0.256046790192191,0.0115860251795257,-0.044661021121053385,0.10486537626489864,0.0032776654398262,-0.227028735984101,0.0283082776136028
individual,P19,arousal,face,ridge,20,10,5,1.6724200252887669,0.3046288013913346,1.741627334662212,1.3235763667366007,1.9593524624700005,1.4450375787300505,0.2906491371533727,1.5097702365765524,1.0940626329394842,1.7240070363368225,-0.05798595031225769,0.11248318515366323,-0.0020537572832062,-0.256046790192191,0.0115860251795257,-0.044661021121053385,0.10486537626489864,0.0032776654398262,-0.227028735984101,0.0283082776136028
individual,P19,arousal,face,ridge,5,5,5,1.6688902564189227,0.3009535420701466,1.7285827203182926,1.3278576939861857,1.9547181802762112,1.438469487116817,0.28287229580524886,1.495214271800864,1.0993990790688335,1.716970263307502,-0.0536760255853634,0.10488679097352922,-0.008546859935955,-0.2373019232826756,0.0125634616150872,-0.0401404012874404,0.09690701817877571,0.0044350510048279,-0.2074087654758711,0.0291173435054938
individual,P19,arousal,face,ridge,all,all,5,1.6724200252887669,0.3046288013913346,1.741627334662212,1.3235763667366007,1.9593524624700005,1.4450375787300505,0.2906491371533727,1.5097702365765524,1.0940626329394842,1.7240070363368225,-0.05798595031225769,0.11248318515366323,-0.0020537572832062,-0.256046790192191,0.0115860251795257,-0.044661021121053385,0.10486537626489864,0.0032776654398262,-0.227028735984101,0.0283082776136028
individual,P19,arousal,face,svr,10,10,5,1.6970432705149219,0.2893637821754348,1.6582152986043148,1.362508690290662,2.003067172023026,1.4280995635030165,0.28839177239127917,1.3659389386439893,1.0623847358683216,1.7383227853067211,-0.09010074897338222,0.04775873816973718,-0.0947760223053166,-0.1386157544778063,-0.0245190285751999,-0.039867931029392054,0.03686765897152988,-0.0245028236057653,-0.0943782954677898,-0.0045451378333845
individual,P19,arousal,face,svr,20,10,5,1.6970432705149219,0.2893637821754348,1.6582152986043148,1.362508690290662,2.003067172023026,1.4280995635030165,0.28839177239127917,1.3659389386439893,1.0623847358683216,1.7383227853067211,-0.09010074897338222,0.04775873816973718,-0.0947760223053166,-0.1386157544778063,-0.0245190285751999,-0.039867931029392054,0.03686765897152988,-0.0245028236057653,-0.0943782954677898,-0.0045451378333845
individual,P19,arousal,face,svr,5,5,5,1.6862678505879949,0.2959104299340866,1.6579491219358478,1.3267743968175103,2.002958143411321,1.4156797543604531,0.3059954867944305,1.3650119919651813,1.0054693300576605,1.7294445807776924,-0.07529417919873205,0.06457963935937307,-0.0946568464104455,-0.1382502426847167,-0.006811553091413,-0.0205540348061534,0.041673210707468704,-0.0013412764403839,-0.0937866070753434,0.0075480464812202
individual,P19,arousal,face,svr,all,all,5,1.6970432705149219,0.2893637821754348,1.6582152986043148,1.362508690290662,2.003067172023026,1.4280995635030165,0.28839177239127917,1.3659389386439893,1.0623847358683216,1.7383227853067211,-0.09010074897338222,0.04775873816973718,-0.0947760223053166,-0.1386157544778063,-0.0245190285751999,-0.039867931029392054,0.03686765897152988,-0.0245028236057653,-0.0943782954677898,-0.0045451378333845
individual,P19,arousal,multimodal,knn,10,10,5,1.5840062913809256,0.36071932228611175,1.482115605027714,1.2148643203273393,2.00504421625602,1.312791397495627,0.33446765993653615,1.2833333333333334,0.9242424242424242,1.705615624703454,0.06438847554424913,0.08905568477534978,0.0903810208483105,-0.0492236203287852,0.1557937413313417,0.07632864225857174,0.09600726766247394,0.1129259525521209,-0.0430051575329231,0.174702700928213
individual,P19,arousal,multimodal,knn,20,20,5,1.636246512522003,0.31347647214144475,1.5501266277254484,1.3270883269196392,2.036957741014145,1.3690881916801108,0.28629557714470344,1.340909090909091,1.0620247022393865,1.7367842417784751,-0.007895424239069321,0.04395462417925681,0.0049848197681672,-0.0828896144441371,0.0274110636545943,0.01101128961198402,0.05340646393680048,0.0285331319055657,-0.0827503374078455,0.0521766087543823
individual,P19,arousal,multimodal,knn,5,5,5,1.5700987338298986,0.3243165261378969,1.482333987192757,1.225728545934849,2.0047835182974607,1.2967490936848636,0.2976605889815859,1.2613636363636362,0.9431818181818182,1.7115655842368085,0.07472272534284455,0.0736557447025515,0.0901129456779414,-0.0489507957483441,0.1406271799880177,0.09712365270151277,0.07679909667218436,0.1175425065869061,-0.0361437952553427,0.1587564732820666
individual,P19,arousal,multimodal,knn,all,all,5,1.7065473841869163,0.21846254068814372,1.6451950239004087,1.4728956132745137,1.940666012739636,1.4191558441558443,0.18452960153913875,1.4166666666666667,1.232142857142857,1.6628787878787878,-0.12042054964165297,0.14744052392934975,-0.119701412956545,-0.3604361307581623,0.0170719012009121,-0.10607773943338217,0.13634401608621316,-0.0912349299446073,-0.3296110897189064,0.0216591086962217
individual,P19,arousal,multimodal,ridge,10,10,5,1.5558795419308142,0.292498433199497,1.5034318765014942,1.254972919240164,1.922024052135696,1.3091320432854274,0.2498612777455465,1.2885527622637036,1.0209339749741069,1.6309038925239274,0.08801450726353979,0.03744255982525113,0.0991308360048867,0.0358651385477308,0.126669497485081,0.10904940121825091,0.04989216289835266,0.1285960333832421,0.0379455209596306,0.1663976109411514
individual,P19,arousal,multimodal,ridge,20,20,5,1.5671609285423602,0.3094638331845973,1.6011389128884734,1.2514620861269123,1.943910202713624,1.3194776650676714,0.28766002393365797,1.411133095758594,0.9661307352574354,1.6442856120148992,0.07468625750703277,0.09783924120409615,0.1041642151583326,-0.0615815897761562,0.1817971202034031,0.09884952568795671,0.1038003343949733,0.1387531095918025,-0.0311345734188202,0.2273022121269774
individual,P19,arousal,multimodal,ridge,5,5,5,1.55789751870327,0.2977343530747523,1.4954493503876392,1.2527742510019952,1.9337477293826253,1.310090771448249,0.2588534089552126,1.282572332303432,0.9946384546904058,1.632180230874697,0.08639296744554062,0.03898200072651337,0.1022846528214501,0.0240674935233088,0.120961259831975,0.107845210276498,0.05320588437760997,0.1234093243460422,0.0241535316250058,0.1612377938399845
individual,P19,arousal,multimodal,ridge,all,all,5,1.7927860491784595,0.31986377051953313,1.816404602517684,1.4550247868034554,2.178867780595368,1.5240882685306498,0.31929094989240697,1.633533006262296,1.135397014427607,1.8631980673288555,-0.21697577930564033,0.11259392097047019,-0.2390302346453794,-0.3662196920972804,-0.0926952930128726,-0.18774871111735986,0.12014823950511053,-0.2165345490315333,-0.3405133150847479,-0.0262361594303681
individual,P19,arousal,multimodal,svr,10,10,5,1.6029669919891478,0.300734366291181,1.5843792259795884,1.2571075568796923,1.9320564013285029,1.3401856195162931,0.2837089893225326,1.3270854867252784,0.9868266263678268,1.686906771035298,0.03218491104874318,0.0483877024284257,0.0372558267147183,-0.0394740030684626,0.0960635750656596,0.06702953734105546,0.03735817258426651,0.0608550192232771,0.0266059476079746,0.1139521339976811
individual,P19,arousal,multimodal,svr,20,20,5,1.6159648548464816,0.266458515007912,1.554150704007284,1.3114586018004242,1.9323876050703328,1.3611248429312195,0.2564853737795553,1.3048236881417852,1.1043107358877622,1.6855083462380704,0.006002791721291323,0.1100085418657861,0.0254398780298283,-0.175315667317836,0.1122974636199619,0.03512720894387441,0.12681572492690163,0.0684974060895238,-0.1727713933437507,0.1661453352112484
individual,P19,arousal,multimodal,svr,5,5,5,1.594041532237775,0.30954756374326897,1.5199721424532255,1.2727766132852714,1.9665826200969343,1.3454435410822965,0.27631723791458196,1.3095606960002983,1.0068049507254984,1.710913834942826,0.044734246438939085,0.032546116563188746,0.0501703744508329,-0.0093564060536375,0.0733891390072163,0.0752450216523865,0.06350497943616229,0.0734457702206127,-0.0048203634920829,0.169907859514978
individual,P19,arousal,multimodal,svr,all,all,5,1.6881393028894707,0.2910863565854609,1.7190992030858223,1.3289741955244885,2.019536148429153,1.439306784718466,0.3023774389581383,1.5540538164916085,1.00428053611126,1.742682385653321,-0.0798159165818897,0.0918633058228965,-0.0644454566251675,-0.2237627551035073,0.0054421830951426,-0.052847994003018484,0.08906335682316885,-0.0066917571603939,-0.2036653770642951,0.0099206222920914
individual,P19,valence,eeg,knn,10,10,5,1.667856809982562,0.292821030978426,1.6911086555418269,1.2919163218018956,2.074511704606691,1.3559791159188648,0.26444247229198187,1.3522727272727273,1.0652647494757577,1.7307269314315228,-0.12175285899910956,0.06015034954088356,-0.1399793388429751,-0.1842363244232403,-0.0552925606388237,-0.07828887220671546,0.062177101790498124,-0.0893707656743563,-0.1368155991735538,0.0195187191152342
individual,P19,valence,eeg,knn,20,20,5,1.646978181494891,0.34161638452743653,1.5992207124260058,1.2800520427268305,2.1684803247370468,1.3372700665356736,0.2770910799835497,1.284090909090909,1.0481228034593064,1.7585405507250662,-0.08521136877893225,0.06312703924998309,-0.0590395161338237,-0.1594729388752107,-0.0252835590008133,-0.00993553104422452,0.11575632185078397,-0.0252834266178607,-0.1445362033735915,0.1427812359743296
individual,P19,valence,eeg,knn,5,5,5,1.880051934201493,0.2610503121018026,1.8083027569306205,1.6344685996695638,2.195035721390843,1.5453641567853775,0.2620570023261836,1.4693225702810269,1.2803030303030305,1.840909090909091,-0.47586432008230445,0.39040496946449693,-0.3357438016528924,-1.0675041753857086,-0.12591571555038,-0.42828576272523333,0.37010288781344003,-0.3292871900826446,-0.9717953376004442,-0.040359810113421
individual,P19,valence,eeg,knn,all,all,5,1.654433127070536,0.2666174603115411,1.6303683231832873,1.3536248651240468,2.077029028871975,1.3196175116097806,0.24080847054152552,1.2268754368367816,1.125,1.7272727272727273,-0.10929725501756474,0.05800053963177605,-0.1006945367950702,-0.1783746556473828,-0.0451662502402459,-0.054427128864855456,0.0760506505173684,-0.0239867542171403,-0.1781163911845731,0.0167647939327411
individual,P19,valence,eeg,ridge,10,10,5,1.651651833630104,0.34512514552359835,1.6729003848802428,1.1698739323805054,2.1288920305357943,1.321584028288563,0.30395511527174385,1.3081210071485534,0.9264969617640912,1.7576125932717936,-0.09322690921563356,0.1326814610810923,-0.1175241506605304,-0.2072906589000365,0.1346690557912906,-0.056261899158198445,0.14953046280280952,-0.0863054163298335,-0.2064743941948281,0.1947701254777419
individual,P19,valence,eeg,ridge,20,20,5,1.6883247916939026,0.37010983515919804,1.6813316057875294,1.2344067638585987,2.2614735979549656,1.3477542849682942,0.29945473830494523,1.319445137311418,0.9880345335933672,1.8160663110475936,-0.13934135299696243,0.12434693287419575,-0.1705827159778301,-0.2610511098144217,0.0365688322853143,-0.09571697239646422,0.15335889751830856,-0.0902216713718879,-0.2423165101059206,0.1262319397679354
individual,P19,valence,eeg,ridge,5,5,5,1.6567758138162403,0.35277707139968983,1.692862138538791,1.188029645210796,2.147853244783816,1.3224697155513918,0.31612490565921914,1.3183628169089714,0.9370037511453112,1.781820199283091,-0.097466501910963,0.11715623405161978,-0.1375195082234328,-0.1866934283080676,0.1076018482653994,-0.06279036137864809,0.1279242937121247,-0.1209024014036488,-0.1252076877093582,0.1658636539301222
individual,P19,valence,eeg,ridge,all,all,5,1.784805398468169,0.3687743060454301,1.762990552978149,1.23084127251009,2.251404247646781,1.4838618684647593,0.27797932260720815,1.5182928147564163,1.0754477391559545,1.8529469923578443,-0.2977800667370808,0.33039450050493563,-0.2498462952574711,-0.8429437042727657,0.0421263917082189,-0.23674177139349037,0.37525482053446213,-0.2071519049970052,-0.8280389579114313,0.2086474462896304
individual,P19,valence,eeg,svr,10,10,5,1.6004186967570937,0.33336046302823874,1.5582225615087624,1.240547413421884,2.128789185440066,1.2455761695553142,0.32290466327627315,1.157086385119376,0.9503021885726636,1.7620917893131391,-0.024656094296495762,0.05449968101726905,-0.0125786018776656,-0.1174161798471018,0.0269596687926555,-0.005483660146989758,0.060857337431741265,0.006927812605723,-0.100708453465802,0.0669346571518235
individual,P19,valence,eeg,svr,20,20,5,1.6032177945768624,0.3285334063636258,1.5581458664012064,1.2709521896516291,2.1333152574348424,1.2476714793542643,0.31188246434368827,1.162585017612862,0.9750346426398908,1.7508208322120906,-0.029684849849396937,0.052514363271649975,-0.0053367933905852,-0.1221727640668106,0.0039199363324223,-0.012229462500645058,0.05871445493860989,0.0088133665945903,-0.1163269558311528,0.0236395514180395
individual,P19,valence,eeg,svr,5,5,5,1.612102024543648,0.34956368587539827,1.559555803594936,1.251450029341754,2.1740245257981057,1.257266451110046,0.3360640187695102,1.172681789707828,0.9560326738990742,1.7985602739954845,-0.03804026315086824,0.0721726159979253,-0.0071570376760232,-0.1654094177793179,0.009781280635413,-0.022652580588516796,0.08180546331187649,-0.0033191658944331,-0.1626508575190413,0.0532918593944836
individual,P19,valence,eeg,svr,all,all,5,1.604571409379815,0.29467797692976655,1.5646456202620846,1.298102299251033,2.063517515057253,1.2465688395649126,0.2911590028081395,1.1482026293068854,0.9961119674577016,1.6939472162188187,-0.03652342255418578,0.026745124959699856,-0.0499435839597957,-0.0654226977923067,-0.0029210456225532,-0.0016114059072410015,0.005343142545895155,-2.1679968256194115e-06,-0.0099418093037721,0.0045858588068468
individual,P19,valence,face,knn,10,10,5,1.6702285224726023,0.20595524449726163,1.6114475124556336,1.4882459585222636,1.9642042360734704,1.3137284815244257,0.22593993581325736,1.2992424242424243,1.053030303030303,1.644936032459798,-0.15350348768649388,0.20968456439991048,-0.1074380165289257,-0.4097243308154537,0.0486880950936799,-0.09253042010056312,0.17127368091580694,-0.0947830578512396,-0.3286351718997335,0.0968134733143336
individual,P19,valence,face,knn,20,10,5,1.6702285224726023,0.20595524449726163,1.6114475124556336,1.4882459585222636,1.9642042360734704,1.3137284815244257,0.22593993581325736,1.2992424242424243,1.053030303030303,1.644936032459798,-0.15350348768649388,0.20968456439991048,-0.1074380165289257,-0.4097243308154537,0.0486880950936799,-0.09253042010056312,0.17127368091580694,-0.0947830578512396,-0.3286351718997335,0.0968134733143336
individual,P19,valence,face,knn,5,5,5,1.6550018336327377,0.2265428359645718,1.6499853910364202,1.4042573750955356,1.9513644275869384,1.2999476904665712,0.2335549808861984,1.2803030303030305,1.0773809523809523,1.6190476190476188,-0.12398389289050911,0.16577866984976086,-0.081611570247934,-0.3395851609118048,0.061084707855745,-0.0748215970912374,0.1441860544824047,-0.0693563923923026,-0.3051464456269974,0.0847078557450377
individual,P19,valence,face,knn,all,all,5,1.6702285224726023,0.20595524449726163,1.6114475124556336,1.4882459585222636,1.9642042360734704,1.3137284815244257,0.22593993581325736,1.2992424242424243,1.053030303030303,1.644936032459798,-0.15350348768649388,0.20968456439991048,-0.1074380165289257,-0.4097243308154537,0.0486880950936799,-0.09253042010056312,0.17127368091580694,-0.0947830578512396,-0.3286351718997335,0.0968134733143336
individual,P19,valence,face,ridge,10,10,5,1.5816938303946555,0.26733035074938605,1.6416220882668104,1.276824340566964,1.9643325546582624,1.2659946259207224,0.26055083646381555,1.2746573705138629,1.0086010358350828,1.6495380953203649,-0.01173209527445252,0.06691661987737098,-0.0033906894422641,-0.115942267774866,0.0485637954078824,0.025801785265506298,0.06105540135310745,0.0430668414735547,-0.0805127117853274,0.072647802393938
individual,P19,valence,face,ridge,20,10,5,1.5816938303946555,0.26733035074938605,1.6416220882668104,1.276824340566964,1.9643325546582624,1.2659946259207224,0.26055083646381555,1.2746573705138629,1.0086010358350828,1.6495380953203649,-0.01173209527445252,0.06691661987737098,-0.0033906894422641,-0.115942267774866,0.0485637954078824,0.025801785265506298,0.06105540135310745,0.0430668414735547,-0.0805127117853274,0.072647802393938
individual,P19,valence,face,ridge,5,5,5,1.5665801640438395,0.2701550419609077,1.6303903010154612,1.250347426634901,1.947115859344792,1.2484419565434137,0.2610993515275223,1.262338774581654,0.981862182381137,1.6283581618138685,0.00853861508331924,0.06688686048041748,0.0115253963990216,-0.1007242123506,0.0651687252764914,0.046759919803768105,0.06467996212655244,0.0608494056120835,-0.0624505829870045,0.0996287780091387
individual,P19,valence,face,ridge,all,all,5,1.5816938303946555,0.26733035074938605,1.6416220882668104,1.276824340566964,1.9643325546582624,1.2659946259207224,0.26055083646381555,1.2746573705138629,1.0086010358350828,1.6495380953203649,-0.01173209527445252,0.06691661987737098,-0.0033906894422641,-0.115942267774866,0.0485637954078824,0.025801785265506298,0.06105540135310745,0.0430668414735547,-0.0805127117853274,0.072647802393938
individual,P19,valence,face,svr,10,10,5,1.6308413467933047,0.2519974409992898,1.6312304862986846,1.402399137009804,2.0333679538891203,1.2904676216833155,0.24693404673242664,1.2598833013732105,1.007870952194206,1.6756323551814305,-0.0842251267169838,0.12713951508236404,-0.0194867704966863,-0.2979143739895813,0.0166383302570783,-0.044816796793680565,0.08844520850197769,0.0061515663102095,-0.1876605410985421,0.0167493773229784
individual,P19,valence,face,svr,20,10,5,1.6308413467933047,0.2519974409992898,1.6312304862986846,1.402399137009804,2.0333679538891203,1.2904676216833155,0.24693404673242664,1.2598833013732105,1.007870952194206,1.6756323551814305,-0.0842251267169838,0.12713951508236404,-0.0194867704966863,-0.2979143739895813,0.0166383302570783,-0.044816796793680565,0.08844520850197769,0.0061515663102095,-0.1876605410985421,0.0167493773229784
individual,P19,valence,face,svr,5,5,5,1.5970895593448273,0.3056108016638482,1.6513266919036622,1.2278899240235308,2.031585719898497,1.2541130128151916,0.2867735017184431,1.2915637847714911,0.9642188225912122,1.6740292576679758,-0.02538298486818876,0.08146256963167169,-0.0146529649836253,-0.1630402983789229,0.0467145210333004,0.001450804175569742,0.09237841929215762,0.017306663424509,-0.1483520769325585,0.1060845440805297
individual,P19,valence,face,svr,all,all,5,1.6308413467933047,0.2519974409992898,1.6312304862986846,1.402399137009804,2.0333679538891203,1.2904676216833155,0.24693404673242664,1.2598833013732105,1.007870952194206,1.6756323551814305,-0.0842251267169838,0.12713951508236404,-0.0194867704966863,-0.2979143739895813,0.0166383302570783,-0.044816796793680565,0.08844520850197769,0.0061515663102095,-0.1876605410985421,0.0167493773229784
individual,P19,valence,multimodal,knn,10,10,5,1.713375881999394,0.26740213814978153,1.776511113260255,1.3611225614852775,2.074511704606691,1.3622428031246339,0.24286706894166418,1.3522727272727273,1.140151515151515,1.7307269314315228,-0.19121143849802308,0.08926568795456993,-0.1909241758403634,-0.3068664555495481,-0.061161351039765,-0.13848371758071953,0.1054388830687821,-0.1505947829923755,-0.2532454800933985,-0.0042965710184148
individual,P19,valence,multimodal,knn,20,20,5,1.6735984499792695,0.3338397410416821,1.598682308642634,1.2515830196580724,2.1684803247370468,1.3194783849871612,0.2868138226874957,1.25,1.0492424242424243,1.7585405507250662,-0.12433677612457177,0.10132904383181927,-0.1594729388752107,-0.2512846592458986,0.0095708103890918,-0.0446536422750355,0.19702983902684196,-0.1026356589147285,-0.248256092626796,0.268672152116918
individual,P19,valence,multimodal,knn,5,5,5,1.7228049466926432,0.3518817233924695,1.7436463954624408,1.27170529421496,2.195035721390843,1.4165154217809601,0.3248370400524831,1.4383632229960843,1.0570926737875042,1.840909090909091,-0.18894810921458188,0.11386147568777129,-0.1880448318804481,-0.3228265744121981,-0.0225323695637655,-0.14925246423089877,0.1601703447960584,-0.1871391373259368,-0.2903453136011278,0.1215553405701141
individual,P19,valence,multimodal,knn,all,all,5,1.6663985077662904,0.24209437175193896,1.6544835970900231,1.4506339452029953,2.0631390403277523,1.3143769431772334,0.2217849734820079,1.230975624977076,1.1401515151515151,1.6856060606060608,-0.13331258260768414,0.11735948939706985,-0.1134641873278234,-0.3305150093893734,-0.0395284771606125,-0.059311779332750225,0.04742049507310058,-0.0818457600757098,-0.1074308425160699,0.0005412940110948
individual,P19,valence,multimodal,ridge,10,10,5,1.646361961411111,0.35215001483733305,1.7001610867259211,1.2100029990487406,2.1288920305357943,1.3011787541691309,0.3183992271183207,1.314848855642349,0.9646528882450776,1.7576125932717936,-0.08347606672347915,0.11584271589866461,-0.1175241506605304,-0.1969485889220916,0.0742856416693729,-0.03691576919714386,0.1369012445343989,-0.1066387558035599,-0.1485756181280786,0.1877038589868592
individual,P19,valence,multimodal,ridge,20,20,5,1.6768178791378037,0.37709891031543646,1.6628803634469445,1.2307619383815656,2.2614735979549656,1.3238024650640325,0.31342083176709284,1.3357318611767932,0.9816423288423608,1.8160663110475936,-0.12234546939532272,0.12717202988838458,-0.1466022167505092,-0.2610511098144217,0.0422498676114166,-0.06655352881484104,0.16605448924550312,-0.1316669182940903,-0.2423165101059206,0.1875692395991258
individual,P19,valence,multimodal,ridge,5,5,5,1.6720512934708178,0.3406008961813845,1.720772499370384,1.2457389480585703,2.147853244783816,1.3297819541755485,0.31123744536501174,1.342390888964321,0.9860419367172808,1.781820199283091,-0.11967346019590967,0.09500766684053796,-0.1375195082234328,-0.2261462292476586,0.0187985253732135,-0.08236329487986876,0.11716467670858392,-0.1252076877093582,-0.1742420090740015,0.1164038598424229
individual,P19,valence,multimodal,ridge,all,all,5,1.7762931062145753,0.341921585527878,1.8130412575584256,1.249255730950033,2.198706716242208,1.4663488017307453,0.2765727282408784,1.4862571236110556,1.0478949683258147,1.826141206896973,-0.2860034568165796,0.29357414074335425,-0.1920219456558174,-0.75336076582519,0.0132507446372945,-0.2152387472416025,0.3475245780204526,-0.1846902046634477,-0.7363308287850703,0.2248860546492339
individual,P19,valence,multimodal,svr,10,10,5,1.59949860459287,0.3379782739795687,1.5755501349047756,1.2347300546004505,2.128789185440066,1.2420630161038833,0.32779697948401343,1.1619776390892207,0.9477561758040504,1.7620917893131391,-0.02254180521101032,0.05967481217070372,-0.0230758490739639,-0.1174161798471018,0.0360641215646856,-0.0010867182039584367,0.0657654896958291,-4.567085661388859e-05,-0.100708453465802,0.0819616325812127
individual,P19,valence,multimodal,svr,20,20,5,1.6031073994649714,0.35292837521258025,1.5681397072968624,1.239774677218927,2.1742855466741147,1.2469777307249772,0.32924591947955484,1.1677953358367752,0.9587097023284916,1.7800927150136012,-0.02598029283159964,0.079946840329361,0.0093976481206379,-0.165689280720098,0.0281715036691351,-0.003298881609879639,0.08797391099211199,0.0094091730006304,-0.1491535770737118,0.0840534596164425
individual,P19,valence,multimodal,svr,5,5,5,1.6364539113591952,0.3524218595467217,1.6625427884871449,1.2430636863653852,2.1740245257981057,1.2882926095500769,0.3364202349900669,1.3354851443552276,0.953306129285203,1.7985602739954845,-0.07027134839731447,0.09598877294429467,-0.0284831715537157,-0.1812295991380128,0.0230083192804243,-0.05305937666555795,0.10206631212744563,-0.0069869661717936,-0.1626508575190413,0.0626166793817007
individual,P19,valence,multimodal,svr,all,all,5,1.604673833502894,0.29421368418316757,1.568398830398284,1.298101844545007,2.0619442939817896,1.2456759617381414,0.2926714727329548,1.1484980321382745,0.996111817149969,1.6950044812052871,-0.03670487616666534,0.026397454612781528,-0.0483432450234673,-0.0654219513888281,-0.0005540501036391,-0.001485256679313281,0.003862571727749256,-2.467351561064035e-06,-0.0083309598729401,0.0011214140921605
