participant,target,old_best_ba,new_best_ba,delta_ba,improved,old_ge_060,old_ge_065,new_ge_060,new_ge_065
P01,arousal,0.5414529914529915,0.5818070818070817,0.04035409035409021,True,False,False,False,False
P02,arousal,0.525915750915751,0.4967032967032967,-0.02921245421245433,False,False,False,False,False
P03,arousal,0.5716666666666667,0.5833333333333334,0.011666666666666714,True,False,False,False,False
P04,arousal,0.6112637362637362,0.5157051282051283,-0.09555860805860794,False,True,False,False,False
P05,arousal,0.6007936507936508,0.6428571428571429,0.042063492063492136,True,True,False,True,False
P06,arousal,0.6171728271728272,0.6549950049950051,0.037822177822177894,True,True,False,True,True
P07,arousal,0.51,0.5566666666666666,0.046666666666666634,True,False,False,False,False
P08,arousal,0.5604545454545454,0.5687878787878787,0.008333333333333304,True,False,False,False,False
P09,arousal,0.6535714285714286,0.6473214285714286,-0.006249999999999978,False,True,True,True,False
P10,arousal,0.509965034965035,0.5016899766899767,-0.008275058275058256,False,False,False,False,False
P11,arousal,0.5576723276723277,0.5851448551448551,0.027472527472527486,True,False,False,False,False
P12,arousal,0.5,0.5862068965517242,0.0862068965517242,True,False,False,False,False
P13,arousal,0.6559090909090909,0.6392929292929292,-0.01661616161616164,False,True,True,True,False
P14,arousal,0.558076923076923,0.6201282051282051,0.062051282051282075,True,False,False,True,False
P15,arousal,0.5790196078431371,0.5216666666666667,-0.057352941176470384,False,False,False,False,False
P16,arousal,0.6255555555555555,0.6788888888888889,0.053333333333333344,True,True,False,True,True
P17,arousal,0.619000933706816,0.626890756302521,0.007889822595705032,True,True,False,True,False
P18,arousal,0.5847902097902098,0.5952797202797203,0.010489510489510523,True,False,False,False,False
P19,arousal,0.6573426573426573,0.7041958041958042,0.0468531468531469,True,True,True,True,True
P20,arousal,0.562948717948718,0.5215384615384615,-0.04141025641025653,False,False,False,False,False
P21,arousal,0.5792735042735042,0.6003205128205128,0.021047008547008583,True,False,False,True,False
P22,arousal,0.5841269841269842,0.594920634920635,0.0107936507936508,True,False,False,False,False
P23,arousal,0.480672268907563,0.5131827731092437,0.03251050420168067,True,False,False,False,False
P24,arousal,0.5969463869463869,0.5647086247086247,-0.0322377622377622,False,False,False,False,False
P25,arousal,0.5947852147852147,0.6008691308691309,0.006083916083916119,True,False,False,True,False
P26,arousal,0.5819047619047619,0.6258730158730159,0.04396825396825399,True,False,False,True,False
P27,arousal,0.5381318681318682,0.5831318681318681,0.04499999999999993,True,False,False,False,False
P28,arousal,0.5092857142857142,0.5294642857142857,0.02017857142857149,True,False,False,False,False
P29,arousal,0.5754761904761905,0.5428571428571429,-0.03261904761904755,False,False,False,False,False
P30,arousal,0.5022222222222222,0.5,-0.0022222222222222365,False,False,False,False,False
P31,arousal,0.5371794871794872,0.5,-0.03717948717948716,False,False,False,False,False
P32,arousal,0.5378571428571428,0.6264285714285714,0.08857142857142863,True,False,False,True,False
P33,arousal,0.5098039215686274,0.515546218487395,0.005742296918767598,True,False,False,False,False
P34,arousal,0.5661239495798319,0.6445903361344538,0.0784663865546219,True,False,False,True,False
P35,arousal,0.5796428571428571,0.5876785714285714,0.008035714285714257,True,False,False,False,False
P36,arousal,0.6525000000000001,0.70375,0.05124999999999991,True,True,True,True,True
P37,arousal,0.5527777777777778,0.5598039215686275,0.007026143790849648,True,False,False,False,False
P38,arousal,0.5606349206349206,0.5726984126984127,0.01206349206349211,True,False,False,False,False
P39,arousal,0.5654761904761905,0.6564285714285714,0.0909523809523809,True,False,False,True,True
P40,arousal,0.5407936507936508,0.5503174603174603,0.00952380952380949,True,False,False,False,False
P41,arousal,0.5874236874236874,0.5877411477411478,0.00031746031746038295,True,False,False,False,False
P42,arousal,0.5742857142857143,0.5642857142857143,-0.010000000000000009,False,False,False,False,False
P43,arousal,0.5473015873015873,0.5688888888888888,0.02158730158730149,True,False,False,False,False
P44,arousal,0.5591108891108891,0.6272627372627373,0.06815184815184816,True,False,False,True,False
P45,arousal,0.5203396603396604,0.5583616383616384,0.03802197802197804,True,False,False,False,False
P46,arousal,0.6009803921568627,0.5866946778711485,-0.014285714285714235,False,True,False,False,False
P01,valence,0.5461538461538462,0.5632051282051282,0.017051282051282035,True,False,False,False,False
P02,valence,0.6618181818181819,0.6842424242424243,0.022424242424242458,True,True,True,True,True
P03,valence,0.6564285714285715,0.5961904761904762,-0.06023809523809531,False,True,True,False,False
P04,valence,0.5960164835164836,0.6718864468864469,0.07586996336996332,True,False,False,True,True
P05,valence,0.5494755244755245,0.6117132867132867,0.06223776223776223,True,False,False,True,False
P06,valence,0.6041269841269841,0.6123809523809524,0.008253968253968291,True,True,False,True,False
P07,valence,0.5180701754385965,0.5411111111111111,0.02304093567251464,True,False,False,False,False
P08,valence,0.5521212121212121,0.6448484848484848,0.09272727272727266,True,False,False,True,False
P09,valence,0.5425396825396825,0.5658730158730159,0.023333333333333317,True,False,False,False,False
P10,valence,0.55,0.5242857142857142,-0.0257142857142858,False,False,False,False,False
P11,valence,0.5354895104895105,0.525874125874126,-0.009615384615384581,False,False,False,False,False
P12,valence,0.535189075630252,0.605672268907563,0.07048319327731101,True,False,False,True,False
P13,valence,0.58003663003663,0.547985347985348,-0.03205128205128194,False,False,False,False,False
P14,valence,0.6037878787878788,0.5869696969696969,-0.016818181818181843,False,True,False,False,False
P15,valence,0.5958333333333333,0.6254761904761905,0.029642857142857193,True,False,False,True,False
P16,valence,0.5600582750582751,0.6021328671328672,0.042074592074592077,True,False,False,True,False
P17,valence,0.6412887112887112,0.648951048951049,0.007662337662337815,True,True,False,True,False
P18,valence,0.6342657342657343,0.6289627039627039,-0.005303030303030365,False,True,False,True,False
P19,valence,0.6015277777777778,0.6229166666666667,0.0213888888888889,True,True,False,True,False
P20,valence,0.5900000000000001,0.5811111111111111,-0.008888888888888946,False,False,False,False,False
P21,valence,0.5636764705882353,0.5868382352941176,0.02316176470588227,True,False,False,False,False
P22,valence,0.5806837606837607,0.6198046398046398,0.03912087912087914,True,False,False,True,False
P23,valence,0.5482783882783883,0.622942612942613,0.07466422466422473,True,False,False,True,False
P24,valence,0.5470862470862471,0.5273892773892774,-0.019696969696969657,False,False,False,False,False
P25,valence,0.5960739260739261,0.5546653346653346,-0.04140859140859143,False,False,False,False,False
P26,valence,0.5757042957042957,0.5666233766233766,-0.009080919080919125,False,False,False,False,False
P27,valence,0.5833333333333333,0.5766666666666667,-0.006666666666666599,False,False,False,False,False
P28,valence,0.6086904761904762,0.5761904761904761,-0.032500000000000084,False,True,False,False,False
P29,valence,0.6076923076923076,0.6713675213675214,0.06367521367521378,True,True,False,True,True
P30,valence,0.5196386946386947,0.5361888111888111,0.0165501165501164,True,False,False,False,False
P31,valence,0.4993006993006993,0.4916083916083916,-0.0076923076923077205,False,False,False,False,False
P32,valence,0.61497668997669,0.5995920745920745,-0.015384615384615441,False,True,False,False,False
P33,valence,0.5492424242424242,0.521969696969697,-0.027272727272727226,False,False,False,False,False
P34,valence,0.5005128205128205,0.5205128205128206,0.020000000000000018,True,False,False,False,False
P35,valence,0.6482983682983683,0.6201748251748251,-0.02812354312354315,False,True,False,True,False
P36,valence,0.5872222222222222,0.613989898989899,0.026767676767676774,True,False,False,True,False
P37,valence,0.5517094017094017,0.5933760683760684,0.04166666666666663,True,False,False,False,False
P38,valence,0.5411111111111111,0.5749206349206349,0.033809523809523845,True,False,False,False,False
P39,valence,0.657843137254902,0.7042016806722688,0.04635854341736689,True,True,True,True,True
P40,valence,0.6157042957042956,0.5957042957042957,-0.019999999999999907,False,True,False,False,False
P41,valence,0.6013286713286714,0.5816783216783217,-0.01965034965034973,False,True,False,False,False
P42,valence,0.5675824175824176,0.5746953046953047,0.007112887112887156,True,False,False,False,False
P43,valence,0.5456944444444445,0.5515277777777777,0.005833333333333246,True,False,False,False,False
P44,valence,0.530094537815126,0.5185924369747898,-0.011502100840336205,False,False,False,False,False
P45,valence,0.5363888888888889,0.5845833333333333,0.04819444444444443,True,False,False,False,False
P46,valence,0.5852747252747253,0.6252747252747253,0.039999999999999925,True,False,False,True,False
