participant,target,modality,old_best_ba,new_best_ba,delta_ba,improved,old_ge_060,new_ge_060,old_ge_065,new_ge_065
P01,arousal,eeg,0.5414529914529915,0.5818070818070817,0.04035409035409021,True,False,False,False,False
P02,arousal,eeg,0.525915750915751,0.4967032967032967,-0.02921245421245433,False,False,False,False,False
P03,arousal,eeg,0.5716666666666667,0.5833333333333334,0.011666666666666714,True,False,False,False,False
P04,arousal,eeg,0.6112637362637362,0.5157051282051283,-0.09555860805860794,False,True,False,False,False
P05,arousal,eeg,0.6007936507936508,0.6428571428571429,0.042063492063492136,True,True,True,False,False
P06,arousal,eeg,0.6171728271728272,0.6549950049950051,0.037822177822177894,True,True,True,False,True
P07,arousal,eeg,0.51,0.5566666666666666,0.046666666666666634,True,False,False,False,False
P08,arousal,eeg,0.5604545454545454,0.5687878787878787,0.008333333333333304,True,False,False,False,False
P09,arousal,eeg,0.6535714285714286,0.6473214285714286,-0.006249999999999978,False,True,True,True,False
P10,arousal,eeg,0.509965034965035,0.5016899766899767,-0.008275058275058256,False,False,False,False,False
P11,arousal,eeg,0.5576723276723277,0.5851448551448551,0.027472527472527486,True,False,False,False,False
P12,arousal,eeg,0.5,0.5862068965517242,0.0862068965517242,True,False,False,False,False
P13,arousal,eeg,0.6559090909090909,0.6392929292929292,-0.01661616161616164,False,True,True,True,False
P14,arousal,eeg,0.558076923076923,0.6201282051282051,0.062051282051282075,True,False,True,False,False
P15,arousal,eeg,0.5790196078431371,0.5216666666666667,-0.057352941176470384,False,False,False,False,False
P16,arousal,eeg,0.6255555555555555,0.6788888888888889,0.053333333333333344,True,True,True,False,True
P17,arousal,eeg,0.619000933706816,0.626890756302521,0.007889822595705032,True,True,True,False,False
P18,arousal,eeg,0.5847902097902098,0.5952797202797203,0.010489510489510523,True,False,False,False,False
P19,arousal,eeg,0.6573426573426573,0.7041958041958042,0.0468531468531469,True,True,True,True,True
P20,arousal,eeg,0.562948717948718,0.5215384615384615,-0.04141025641025653,False,False,False,False,False
P21,arousal,eeg,0.5792735042735042,0.6003205128205128,0.021047008547008583,True,False,True,False,False
P22,arousal,eeg,0.5841269841269842,0.594920634920635,0.0107936507936508,True,False,False,False,False
P23,arousal,eeg,0.480672268907563,0.5131827731092437,0.03251050420168067,True,False,False,False,False
P24,arousal,eeg,0.5969463869463869,0.5647086247086247,-0.0322377622377622,False,False,False,False,False
P25,arousal,eeg,0.5947852147852147,0.6008691308691309,0.006083916083916119,True,False,True,False,False
P26,arousal,eeg,0.5819047619047619,0.6258730158730159,0.04396825396825399,True,False,True,False,False
P27,arousal,eeg,0.5381318681318682,0.5831318681318681,0.04499999999999993,True,False,False,False,False
P28,arousal,eeg,0.5092857142857142,0.5294642857142857,0.02017857142857149,True,False,False,False,False
P29,arousal,eeg,0.5754761904761905,0.5428571428571429,-0.03261904761904755,False,False,False,False,False
P30,arousal,eeg,0.5022222222222222,0.5,-0.0022222222222222365,False,False,False,False,False
P31,arousal,eeg,0.5371794871794872,0.5,-0.03717948717948716,False,False,False,False,False
P32,arousal,eeg,0.5378571428571428,0.6264285714285714,0.08857142857142863,True,False,True,False,False
P33,arousal,eeg,0.5098039215686274,0.515546218487395,0.005742296918767598,True,False,False,False,False
P34,arousal,eeg,0.5661239495798319,0.6445903361344538,0.0784663865546219,True,False,True,False,False
P35,arousal,eeg,0.5796428571428571,0.5876785714285714,0.008035714285714257,True,False,False,False,False
P36,arousal,eeg,0.6525000000000001,0.70375,0.05124999999999991,True,True,True,True,True
P37,arousal,eeg,0.5527777777777778,0.5598039215686275,0.007026143790849648,True,False,False,False,False
P38,arousal,eeg,0.5606349206349206,0.5726984126984127,0.01206349206349211,True,False,False,False,False
P39,arousal,eeg,0.5654761904761905,0.6564285714285714,0.0909523809523809,True,False,True,False,True
P40,arousal,eeg,0.5407936507936508,0.5503174603174603,0.00952380952380949,True,False,False,False,False
P41,arousal,eeg,0.5874236874236874,0.5877411477411478,0.00031746031746038295,True,False,False,False,False
P42,arousal,eeg,0.5742857142857143,0.5642857142857143,-0.010000000000000009,False,False,False,False,False
P43,arousal,eeg,0.5473015873015873,0.5688888888888888,0.02158730158730149,True,False,False,False,False
P44,arousal,eeg,0.5591108891108891,0.6272627372627373,0.06815184815184816,True,False,True,False,False
P45,arousal,eeg,0.5203396603396604,0.5583616383616384,0.03802197802197804,True,False,False,False,False
P46,arousal,eeg,0.6009803921568627,0.5866946778711485,-0.014285714285714235,False,True,False,False,False
P01,arousal,face,0.6065079365079364,0.6090476190476191,0.0025396825396826195,True,True,True,False,False
P02,arousal,face,0.5068376068376068,0.5078296703296703,0.0009920634920634885,True,False,False,False,False
P03,arousal,face,0.575,0.575,0.0,False,False,False,False,False
P04,arousal,face,0.5977777777777777,0.6088888888888888,0.011111111111111072,True,False,True,False,False
P05,arousal,face,0.5215873015873015,0.5215873015873015,0.0,False,False,False,False,False
P06,arousal,face,0.5706793206793207,0.5706793206793207,0.0,False,False,False,False,False
P07,arousal,face,0.5390476190476191,0.5390476190476191,0.0,False,False,False,False,False
P08,arousal,face,0.5242424242424242,0.5242424242424242,0.0,False,False,False,False,False
P09,arousal,face,0.4944852941176471,0.4944852941176471,0.0,False,False,False,False,False
P10,arousal,face,0.5697552447552447,0.5629370629370629,-0.006818181818181834,False,False,False,False,False
P11,arousal,face,0.5822277722277722,0.5953046953046953,0.013076923076923097,True,False,False,False,False
P12,arousal,face,0.5,0.5,0.0,False,False,False,False,False
P13,arousal,face,0.5924908424908425,0.5416239316239316,-0.050866910866910864,False,False,False,False,False
P14,arousal,face,0.5682717282717282,0.5682717282717282,0.0,False,False,False,False,False
P15,arousal,face,0.587953216374269,0.587953216374269,0.0,False,False,False,False,False
P16,arousal,face,0.5662499999999999,0.6334722222222222,0.0672222222222223,True,False,True,False,False
P17,arousal,face,0.5450513538748833,0.580532212885154,0.03548085901027065,True,False,False,False,False
P18,arousal,face,0.6015151515151516,0.6148601398601399,0.013344988344988318,True,True,True,False,False
P19,arousal,face,0.5335664335664336,0.6013986013986015,0.06783216783216783,True,False,True,False,False
P20,arousal,face,0.5142857142857142,0.4986869747899159,-0.01559873949579832,False,False,False,False,False
P21,arousal,face,0.6172127872127872,0.6177322677322677,0.0005194805194805863,True,True,True,False,False
P22,arousal,face,0.6777777777777778,0.6777777777777778,0.0,False,True,True,True,True
P23,arousal,face,0.5983193277310924,0.5321428571428571,-0.06617647058823528,False,False,False,False,False
P24,arousal,face,0.5664335664335665,0.5664335664335665,0.0,False,False,False,False,False
P25,arousal,face,0.5562437562437562,0.5528371628371629,-0.003406593406593328,False,False,False,False,False
P26,arousal,face,0.5,0.5533333333333333,0.053333333333333344,True,False,False,False,False
P27,arousal,face,0.4944444444444444,0.5754970760233917,0.08105263157894732,True,False,False,False,False
P28,arousal,face,0.59593837535014,0.630812324929972,0.03487394957983192,True,False,True,False,False
P29,arousal,face,0.5125,0.50625,-0.006249999999999978,False,False,False,False,False
P30,arousal,face,0.5852777777777778,0.5852777777777778,0.0,False,False,False,False,False
P31,arousal,face,0.5466200466200466,0.550058275058275,0.0034382284382283856,True,False,False,False,False
P32,arousal,face,0.5333333333333333,0.5330952380952381,-0.00023809523809525945,False,False,False,False,False
P33,arousal,face,0.5686741363211951,0.488702147525677,-0.07997198879551815,False,False,False,False,False
P34,arousal,face,0.5183940242763772,0.5267507002801121,0.008356676003734909,True,False,False,False,False
P35,arousal,face,0.476313025210084,0.4664915966386554,-0.009821428571428592,False,False,False,False,False
P36,arousal,face,0.5228291316526611,0.5932773109243697,0.07044817927170866,True,False,False,False,False
P37,arousal,face,0.6235714285714286,0.6288095238095238,0.005238095238095264,True,True,True,False,False
P38,arousal,face,0.5852380952380952,0.6071428571428571,0.02190476190476187,True,False,True,False,False
P39,arousal,face,0.4954545454545455,0.4761904761904761,-0.019264069264069372,False,False,False,False,False
P40,arousal,face,0.6541269841269841,0.6382539682539683,-0.015873015873015817,False,True,True,True,False
P41,arousal,face,0.5321278721278722,0.5466333666333666,0.014505494505494432,True,False,False,False,False
P42,arousal,face,0.5942857142857143,0.5814285714285715,-0.01285714285714279,False,False,False,False,False
P43,arousal,face,0.5242857142857142,0.5584126984126984,0.03412698412698412,True,False,False,False,False
P44,arousal,face,0.6382417582417583,0.6324975024975025,-0.005744255744255855,False,True,True,False,False
P45,arousal,face,0.574985014985015,0.5812787212787213,0.0062937062937062915,True,False,False,False,False
P46,arousal,face,0.5217086834733894,0.46531279178338,-0.056395891690009414,False,False,False,False,False
P01,arousal,multimodal,0.6357753357753357,0.6086080586080586,-0.027167277167277182,False,True,True,False,False
P02,arousal,multimodal,0.5197802197802198,0.5004120879120879,-0.01936813186813191,False,False,False,False,False
P03,arousal,multimodal,0.555,0.5466666666666666,-0.008333333333333415,False,False,False,False,False
P04,arousal,multimodal,0.5771520146520146,0.5487637362637363,-0.028388278388278287,False,False,False,False,False
P05,arousal,multimodal,0.5674603174603174,0.6238095238095238,0.05634920634920637,True,False,True,False,False
P06,arousal,multimodal,0.6779420579420579,0.6821378621378621,0.004195804195804231,True,True,True,True,True
P07,arousal,multimodal,0.5083333333333333,0.5900000000000001,0.08166666666666678,True,False,False,False,False
P08,arousal,multimodal,0.5513636363636364,0.5206060606060606,-0.03075757575757576,False,False,False,False,False
P09,arousal,multimodal,0.6598214285714286,0.6178571428571429,-0.041964285714285676,False,True,True,True,False
P10,arousal,multimodal,0.546969696969697,0.5365384615384615,-0.010431235431235475,False,False,False,False,False
P11,arousal,multimodal,0.5405794205794205,0.5405794205794205,0.0,False,False,False,False,False
P12,arousal,multimodal,0.5,0.5,0.0,False,False,False,False,False
P13,arousal,multimodal,0.6581818181818182,0.6581818181818182,0.0,False,True,True,True,True
P14,arousal,multimodal,0.5807692307692307,0.583076923076923,0.002307692307692344,True,False,False,False,False
P15,arousal,multimodal,0.6210130718954249,0.6190196078431371,-0.00199346405228773,False,True,True,False,False
P16,arousal,multimodal,0.6302777777777777,0.6183333333333334,-0.011944444444444313,False,True,True,False,False
P17,arousal,multimodal,0.565452847805789,0.5929038281979458,0.027450980392156876,True,False,False,False,False
P18,arousal,multimodal,0.5756993006993006,0.5794871794871795,0.0037878787878788955,True,False,False,False,False
P19,arousal,multimodal,0.6573426573426573,0.7041958041958042,0.0468531468531469,True,True,True,True,True
P20,arousal,multimodal,0.585,0.5053846153846153,-0.07961538461538464,False,False,False,False,False
P21,arousal,multimodal,0.5852564102564102,0.5673076923076923,-0.017948717948717885,False,False,False,False,False
P22,arousal,multimodal,0.613968253968254,0.597936507936508,-0.016031746031746064,False,True,False,False,False
P23,arousal,multimodal,0.5004726890756303,0.4485819327731092,-0.051890756302521046,False,False,False,False,False
P24,arousal,multimodal,0.5935198135198135,0.6065034965034964,0.01298368298368291,True,False,True,False,False
P25,arousal,multimodal,0.5577622377622378,0.5577622377622378,0.0,False,False,False,False,False
P26,arousal,multimodal,0.5819047619047619,0.608095238095238,0.026190476190476097,True,False,True,False,False
P27,arousal,multimodal,0.5571428571428572,0.5556043956043956,-0.0015384615384615996,False,False,False,False,False
P28,arousal,multimodal,0.5280952380952381,0.5101785714285715,-0.01791666666666658,False,False,False,False,False
P29,arousal,multimodal,0.5665476190476191,0.5267857142857142,-0.03976190476190489,False,False,False,False,False
P30,arousal,multimodal,0.4951388888888889,0.507638888888889,0.012500000000000067,True,False,False,False,False
P31,arousal,multimodal,0.5136363636363637,0.4796037296037296,-0.03403263403263407,False,False,False,False,False
P32,arousal,multimodal,0.5378571428571428,0.5976190476190476,0.059761904761904794,True,False,False,False,False
P33,arousal,multimodal,0.5380952380952381,0.5380952380952381,0.0,False,False,False,False,False
P34,arousal,multimodal,0.5553396358543418,0.579796918767507,0.02445728291316529,True,False,False,False,False
P35,arousal,multimodal,0.5864285714285714,0.5883333333333334,0.0019047619047619646,True,False,False,False,False
P36,arousal,multimodal,0.635,0.66625,0.03125,True,True,True,False,True
P37,arousal,multimodal,0.5527777777777778,0.5372549019607844,-0.015522875816993409,False,False,False,False,False
P38,arousal,multimodal,0.6033333333333333,0.5517460317460318,-0.051587301587301515,False,True,False,False,False
P39,arousal,multimodal,0.5711904761904762,0.5952380952380952,0.024047619047618984,True,False,False,False,False
P40,arousal,multimodal,0.6019047619047619,0.5492063492063493,-0.05269841269841269,False,True,False,False,False
P41,arousal,multimodal,0.5874236874236874,0.5764346764346765,-0.01098901098901095,False,False,False,False,False
P42,arousal,multimodal,0.5742857142857143,0.5714285714285714,-0.0028571428571428914,False,False,False,False,False
P43,arousal,multimodal,0.5782539682539682,0.5636507936507936,-0.014603174603174618,False,False,False,False,False
P44,arousal,multimodal,0.6292707292707294,0.661058941058941,0.03178821178821167,True,True,True,False,True
P45,arousal,multimodal,0.5356943056943057,0.5596503496503497,0.023956043956044004,True,False,False,False,False
P46,arousal,multimodal,0.6009803921568627,0.6009803921568627,0.0,False,True,True,False,False
P01,valence,eeg,0.5461538461538462,0.5632051282051282,0.017051282051282035,True,False,False,False,False
P02,valence,eeg,0.6618181818181819,0.6842424242424243,0.022424242424242458,True,True,True,True,True
P03,valence,eeg,0.6564285714285715,0.5961904761904762,-0.06023809523809531,False,True,False,True,False
P04,valence,eeg,0.5960164835164836,0.6718864468864469,0.07586996336996332,True,False,True,False,True
P05,valence,eeg,0.5494755244755245,0.6117132867132867,0.06223776223776223,True,False,True,False,False
P06,valence,eeg,0.6041269841269841,0.6123809523809524,0.008253968253968291,True,True,True,False,False
P07,valence,eeg,0.5180701754385965,0.5411111111111111,0.02304093567251464,True,False,False,False,False
P08,valence,eeg,0.5521212121212121,0.6448484848484848,0.09272727272727266,True,False,True,False,False
P09,valence,eeg,0.5425396825396825,0.5658730158730159,0.023333333333333317,True,False,False,False,False
P10,valence,eeg,0.55,0.5242857142857142,-0.0257142857142858,False,False,False,False,False
P11,valence,eeg,0.5354895104895105,0.525874125874126,-0.009615384615384581,False,False,False,False,False
P12,valence,eeg,0.535189075630252,0.605672268907563,0.07048319327731101,True,False,True,False,False
P13,valence,eeg,0.58003663003663,0.547985347985348,-0.03205128205128194,False,False,False,False,False
P14,valence,eeg,0.6037878787878788,0.5869696969696969,-0.016818181818181843,False,True,False,False,False
P15,valence,eeg,0.5958333333333333,0.6254761904761905,0.029642857142857193,True,False,True,False,False
P16,valence,eeg,0.5600582750582751,0.6021328671328672,0.042074592074592077,True,False,True,False,False
P17,valence,eeg,0.6412887112887112,0.648951048951049,0.007662337662337815,True,True,True,False,False
P18,valence,eeg,0.6342657342657343,0.6289627039627039,-0.005303030303030365,False,True,True,False,False
P19,valence,eeg,0.6015277777777778,0.6229166666666667,0.0213888888888889,True,True,True,False,False
P20,valence,eeg,0.5900000000000001,0.5811111111111111,-0.008888888888888946,False,False,False,False,False
P21,valence,eeg,0.5636764705882353,0.5868382352941176,0.02316176470588227,True,False,False,False,False
P22,valence,eeg,0.5806837606837607,0.6198046398046398,0.03912087912087914,True,False,True,False,False
P23,valence,eeg,0.5482783882783883,0.622942612942613,0.07466422466422473,True,False,True,False,False
P24,valence,eeg,0.5470862470862471,0.5273892773892774,-0.019696969696969657,False,False,False,False,False
P25,valence,eeg,0.5960739260739261,0.5546653346653346,-0.04140859140859143,False,False,False,False,False
P26,valence,eeg,0.5757042957042957,0.5666233766233766,-0.009080919080919125,False,False,False,False,False
P27,valence,eeg,0.5833333333333333,0.5766666666666667,-0.006666666666666599,False,False,False,False,False
P28,valence,eeg,0.6086904761904762,0.5761904761904761,-0.032500000000000084,False,True,False,False,False
P29,valence,eeg,0.6076923076923076,0.6713675213675214,0.06367521367521378,True,True,True,False,True
P30,valence,eeg,0.5196386946386947,0.5361888111888111,0.0165501165501164,True,False,False,False,False
P31,valence,eeg,0.4993006993006993,0.4916083916083916,-0.0076923076923077205,False,False,False,False,False
P32,valence,eeg,0.61497668997669,0.5995920745920745,-0.015384615384615441,False,True,False,False,False
P33,valence,eeg,0.5492424242424242,0.521969696969697,-0.027272727272727226,False,False,False,False,False
P34,valence,eeg,0.5005128205128205,0.5205128205128206,0.020000000000000018,True,False,False,False,False
P35,valence,eeg,0.6482983682983683,0.6201748251748251,-0.02812354312354315,False,True,True,False,False
P36,valence,eeg,0.5872222222222222,0.613989898989899,0.026767676767676774,True,False,True,False,False
P37,valence,eeg,0.5517094017094017,0.5933760683760684,0.04166666666666663,True,False,False,False,False
P38,valence,eeg,0.5411111111111111,0.5749206349206349,0.033809523809523845,True,False,False,False,False
P39,valence,eeg,0.657843137254902,0.7042016806722688,0.04635854341736689,True,True,True,True,True
P40,valence,eeg,0.6157042957042956,0.5957042957042957,-0.019999999999999907,False,True,False,False,False
P41,valence,eeg,0.6013286713286714,0.5816783216783217,-0.01965034965034973,False,True,False,False,False
P42,valence,eeg,0.5675824175824176,0.5746953046953047,0.007112887112887156,True,False,False,False,False
P43,valence,eeg,0.5456944444444445,0.5515277777777777,0.005833333333333246,True,False,False,False,False
P44,valence,eeg,0.530094537815126,0.5185924369747898,-0.011502100840336205,False,False,False,False,False
P45,valence,eeg,0.5363888888888889,0.5845833333333333,0.04819444444444443,True,False,False,False,False
P46,valence,eeg,0.5852747252747253,0.6252747252747253,0.039999999999999925,True,False,True,False,False
P01,valence,face,0.5744555444555445,0.576003996003996,0.0015484515484515127,True,False,False,False,False
P02,valence,face,0.5871794871794872,0.5674358974358975,-0.019743589743589696,False,False,False,False,False
P03,valence,face,0.6097619047619048,0.6097619047619048,0.0,False,True,True,False,False
P04,valence,face,0.6222222222222222,0.6022222222222222,-0.020000000000000018,False,True,True,False,False
P05,valence,face,0.6033799533799533,0.6117132867132866,0.008333333333333304,True,True,True,False,False
P06,valence,face,0.6336507936507937,0.6336507936507937,0.0,False,True,True,False,False
P07,valence,face,0.5335672514619884,0.5335672514619884,0.0,False,False,False,False,False
P08,valence,face,0.5424242424242424,0.5765151515151515,0.03409090909090917,True,False,False,False,False
P09,valence,face,0.597936507936508,0.5768253968253969,-0.02111111111111108,False,False,False,False,False
P10,valence,face,0.5714285714285714,0.5157142857142858,-0.055714285714285605,False,False,False,False,False
P11,valence,face,0.6155594405594406,0.6155594405594406,0.0,False,True,True,False,False
P12,valence,face,0.5,0.5033613445378151,0.003361344537815114,True,False,False,False,False
P13,valence,face,0.5947023809523809,0.5947023809523809,0.0,False,False,False,False,False
P14,valence,face,0.5521561771561772,0.5612470862470862,0.009090909090909038,True,False,False,False,False
P15,valence,face,0.6125,0.63125,0.018749999999999933,True,True,True,False,False
P16,valence,face,0.5874125874125874,0.6286713286713287,0.041258741258741294,True,False,True,False,False
P17,valence,face,0.6882917082917083,0.6491708291708292,-0.039120879120879026,False,True,True,True,False
P18,valence,face,0.4796620046620046,0.4796620046620046,0.0,False,False,False,False,False
P19,valence,face,0.5,0.5900000000000001,0.09000000000000008,True,False,False,False,False
P20,valence,face,0.6055644355644356,0.5465734265734266,-0.058991008991009064,False,True,False,False,False
P21,valence,face,0.5785714285714285,0.5785714285714285,0.0,False,False,False,False,False
P22,valence,face,0.6385814185814185,0.6414085914085914,0.00282717282717293,True,True,True,False,False
P23,valence,face,0.5837462537462537,0.5860839160839161,0.002337662337662416,True,False,False,False,False
P24,valence,face,0.5571678321678322,0.541083916083916,-0.016083916083916128,False,False,False,False,False
P25,valence,face,0.5133466533466533,0.4911188811188811,-0.022227772227772225,False,False,False,False,False
P26,valence,face,0.5602697302697303,0.5782617382617382,0.017992007992007952,True,False,False,False,False
P27,valence,face,0.5391281512605042,0.5209033613445377,-0.018224789915966433,False,False,False,False,False
P28,valence,face,0.5702777777777778,0.6181944444444445,0.04791666666666672,True,False,True,False,False
P29,valence,face,0.5193606393606394,0.4800499500499501,-0.03931068931068926,False,False,False,False,False
P30,valence,face,0.5903263403263403,0.5903263403263403,0.0,False,False,False,False,False
P31,valence,face,0.5362470862470863,0.5089743589743589,-0.027272727272727337,False,False,False,False,False
P32,valence,face,0.5891608391608392,0.5891608391608392,0.0,False,False,False,False,False
P33,valence,face,0.6583333333333333,0.6583333333333334,1.1102230246251565e-16,True,True,True,True,True
P34,valence,face,0.4866666666666667,0.4982539682539683,0.01158730158730159,True,False,False,False,False
P35,valence,face,0.6029670329670329,0.6302397602397602,0.027272727272727337,True,True,True,False,False
P36,valence,face,0.6345654345654346,0.6446253746253746,0.010059940059940042,True,True,True,False,False
P37,valence,face,0.5838761238761239,0.5838761238761239,0.0,False,False,False,False,False
P38,valence,face,0.53,0.5295238095238095,-0.0004761904761905189,False,False,False,False,False
P39,valence,face,0.5467320261437909,0.5782446311858076,0.031512605042016695,True,False,False,False,False
P40,valence,face,0.60004995004995,0.6029070929070929,0.0028571428571428914,True,True,True,False,False
P41,valence,face,0.5884715284715284,0.5535764235764236,-0.034895104895104834,False,False,False,False,False
P42,valence,face,0.5993506493506493,0.5993506493506493,0.0,False,False,False,False,False
P43,valence,face,0.5276388888888889,0.5990277777777778,0.07138888888888895,True,False,False,False,False
P44,valence,face,0.595063025210084,0.5621848739495798,-0.032878151260504196,False,False,False,False,False
P45,valence,face,0.5936111111111111,0.5797222222222222,-0.01388888888888884,False,False,False,False,False
P46,valence,face,0.6009490509490509,0.6009490509490509,0.0,False,True,True,False,False
P01,valence,multimodal,0.5705128205128205,0.5628205128205128,-0.007692307692307665,False,False,False,False,False
P02,valence,multimodal,0.6301515151515151,0.6643939393939393,0.034242424242424185,True,True,True,False,True
P03,valence,multimodal,0.6054761904761905,0.6054761904761905,0.0,False,True,True,False,False
P04,valence,multimodal,0.606456043956044,0.606456043956044,0.0,False,True,True,False,False
P05,valence,multimodal,0.526981351981352,0.5358391608391608,0.008857808857808847,True,False,False,False,False
P06,valence,multimodal,0.611904761904762,0.611904761904762,0.0,False,True,True,False,False
P07,valence,multimodal,0.5202631578947369,0.4870760233918128,-0.0331871345029241,False,False,False,False,False
P08,valence,multimodal,0.5521212121212121,0.5521212121212121,0.0,False,False,False,False,False
P09,valence,multimodal,0.5615873015873015,0.5525396825396826,-0.009047619047618971,False,False,False,False,False
P10,valence,multimodal,0.5457142857142857,0.5042857142857142,-0.04142857142857148,False,False,False,False,False
P11,valence,multimodal,0.582983682983683,0.582983682983683,0.0,False,False,False,False,False
P12,valence,multimodal,0.546953781512605,0.519485294117647,-0.027468487394957997,False,False,False,False,False
P13,valence,multimodal,0.5802197802197802,0.5802197802197802,0.0,False,False,False,False,False
P14,valence,multimodal,0.5907575757575758,0.5574242424242424,-0.03333333333333344,False,False,False,False,False
P15,valence,multimodal,0.6195238095238096,0.6286904761904761,0.009166666666666545,True,True,True,False,False
P16,valence,multimodal,0.6078088578088578,0.6305361305361306,0.022727272727272707,True,True,True,False,False
P17,valence,multimodal,0.6361538461538461,0.6522077922077922,0.016053946053946166,True,True,True,False,True
P18,valence,multimodal,0.6342657342657343,0.6342657342657343,0.0,False,True,True,False,False
P19,valence,multimodal,0.6197222222222222,0.6219444444444444,0.0022222222222222365,True,True,True,False,False
P20,valence,multimodal,0.5677777777777777,0.5577777777777777,-0.010000000000000009,False,False,False,False,False
P21,valence,multimodal,0.5836764705882354,0.6102941176470589,0.026617647058823524,True,False,True,False,False
P22,valence,multimodal,0.6009157509157509,0.5880708180708181,-0.012844932844932822,False,True,False,False,False
P23,valence,multimodal,0.5518315018315019,0.5518315018315019,0.0,False,False,False,False,False
P24,valence,multimodal,0.5525058275058276,0.5287878787878788,-0.023717948717948745,False,False,False,False,False
P25,valence,multimodal,0.5665634365634367,0.5812987012987013,0.014735264735264653,True,False,False,False,False
P26,valence,multimodal,0.5370629370629371,0.5170929070929071,-0.019970029970029946,False,False,False,False,False
P27,valence,multimodal,0.5650000000000001,0.5983333333333333,0.033333333333333215,True,False,False,False,False
P28,valence,multimodal,0.5961904761904762,0.5961904761904762,0.0,False,False,False,False,False
P29,valence,multimodal,0.6076923076923076,0.6198717948717949,0.012179487179487247,True,True,True,False,False
P30,valence,multimodal,0.5159673659673659,0.3914918414918415,-0.1244755244755244,False,False,False,False,False
P31,valence,multimodal,0.518006993006993,0.4793706293706293,-0.038636363636363746,False,False,False,False,False
P32,valence,multimodal,0.6058857808857809,0.6065268065268066,0.0006410256410256387,True,True,True,False,False
P33,valence,multimodal,0.5878787878787879,0.6053030303030302,0.017424242424242342,True,False,True,False,False
P34,valence,multimodal,0.5382051282051281,0.4978266178266178,-0.04037851037851031,False,False,False,False,False
P35,valence,multimodal,0.6110256410256409,0.5635547785547785,-0.04747086247086241,False,True,False,False,False
P36,valence,multimodal,0.7144444444444444,0.7075252525252524,-0.0069191919191919915,False,True,True,True,True
P37,valence,multimodal,0.5971794871794872,0.514017094017094,-0.08316239316239327,False,False,False,False,False
P38,valence,multimodal,0.5433333333333333,0.5904761904761905,0.04714285714285715,True,False,False,False,False
P39,valence,multimodal,0.6672268907563025,0.6945378151260504,0.027310924369747913,True,True,True,True,True
P40,valence,multimodal,0.642887112887113,0.6281418581418581,-0.014745254745254899,False,True,True,False,False
P41,valence,multimodal,0.5852447552447553,0.5852447552447553,0.0,False,False,False,False,False
P42,valence,multimodal,0.5908591408591408,0.547032967032967,-0.04382617382617382,False,False,False,False,False
P43,valence,multimodal,0.5261111111111111,0.5418055555555557,0.015694444444444566,True,False,False,False,False
P44,valence,multimodal,0.5316701680672269,0.5465336134453781,0.014863445378151208,True,False,False,False,False
P45,valence,multimodal,0.5294444444444444,0.5256944444444445,-0.00374999999999992,False,False,False,False,False
P46,valence,multimodal,0.559010989010989,0.5818681318681318,0.022857142857142798,True,False,False,False,False
