mode,participant,held_out_participant,target,modality,classifier,feature_count_request,feature_count_resolved,fold,training_participants,sample_size,train_size,test_size,low_count,high_count,balanced_accuracy,accuracy,precision,recall,f1,tn,fp,fn,tp
general,COHORT,P10,valence,eeg,knn,all,all,1,P11;P19;P22;P25;P32;P40;P42;P43;P45,1200,1080,120,522,678,0.5414285714285715,0.5583333333333333,0.6164383561643836,0.6428571428571429,0.6293706293706294,22,28,25,45
general,COHORT,P11,valence,eeg,knn,all,all,2,P10;P19;P22;P25;P32;P40;P42;P43;P45,1200,1080,120,522,678,0.5027808676307007,0.5166666666666667,0.5181818181818182,0.9193548387096774,0.6627906976744186,5,53,5,57
general,COHORT,P19,valence,eeg,knn,all,all,3,P10;P11;P22;P25;P32;P40;P42;P43;P45,1200,1080,120,522,678,0.5066445182724253,0.525,0.6470588235294118,0.5714285714285714,0.6068965517241379,19,24,33,44
general,COHORT,P22,valence,eeg,knn,all,all,4,P10;P11;P19;P25;P32;P40;P42;P43;P45,1200,1080,120,522,678,0.4756787330316742,0.475,0.4098360655737705,0.4807692307692308,0.4424778761061947,32,36,27,25
general,COHORT,P25,valence,eeg,knn,all,all,5,P10;P11;P19;P22;P32;P40;P42;P43;P45,1200,1080,120,522,678,0.45538720538720534,0.475,0.5180722891566265,0.6515151515151515,0.5771812080536913,14,40,23,43
general,COHORT,P32,valence,eeg,knn,all,all,6,P10;P11;P19;P22;P25;P40;P42;P43;P45,1200,1080,120,522,678,0.5088987764182424,0.5166666666666667,0.5227272727272727,0.7419354838709677,0.6133333333333333,16,42,16,46
general,COHORT,P40,valence,eeg,knn,all,all,7,P10;P11;P19;P22;P25;P32;P42;P43;P45,1200,1080,120,522,678,0.5117845117845118,0.5,0.5652173913043478,0.3939393939393939,0.4642857142857143,34,20,40,26
general,COHORT,P42,valence,eeg,knn,all,all,8,P10;P11;P19;P22;P25;P32;P40;P43;P45,1200,1080,120,522,678,0.5311085972850679,0.525,0.6,0.4852941176470588,0.5365853658536586,30,22,35,33
general,COHORT,P43,valence,eeg,knn,all,all,9,P10;P11;P19;P22;P25;P32;P40;P42;P45,1200,1080,120,522,678,0.41362126245847175,0.4583333333333333,0.5789473684210527,0.5714285714285714,0.5751633986928104,11,32,33,44
general,COHORT,P45,valence,eeg,knn,all,all,10,P10;P11;P19;P22;P25;P32;P40;P42;P43,1200,1080,120,522,678,0.47527472527472525,0.475,0.6271186440677966,0.47435897435897434,0.5401459854014599,20,22,41,37
general,COHORT,P10,valence,eeg,knn,5,5,1,P11;P19;P22;P25;P32;P40;P42;P43;P45,1200,1080,120,522,678,0.47,0.425,0.5185185185185185,0.2,0.28865979381443296,37,13,56,14
general,COHORT,P11,valence,eeg,knn,5,5,2,P10;P19;P22;P25;P32;P40;P42;P43;P45,1200,1080,120,522,678,0.5008342602892102,0.5083333333333333,0.5172413793103449,0.7258064516129032,0.6040268456375839,16,42,17,45
general,COHORT,P19,valence,eeg,knn,5,5,3,P10;P11;P22;P25;P32;P40;P42;P43;P45,1200,1080,120,522,678,0.5572334642102084,0.5833333333333334,0.684931506849315,0.6493506493506493,0.6666666666666666,20,23,27,50
general,COHORT,P22,valence,eeg,knn,5,5,4,P10;P11;P19;P25;P32;P40;P42;P43;P45,1200,1080,120,522,678,0.4881221719457014,0.4583333333333333,0.42528735632183906,0.7115384615384616,0.5323741007194245,18,50,15,37
general,COHORT,P25,valence,eeg,knn,5,5,5,P10;P11;P19;P22;P32;P40;P42;P43;P45,1200,1080,120,522,678,0.5218855218855218,0.5333333333333333,0.5675675675675675,0.6363636363636364,0.6,22,32,24,42
general,COHORT,P32,valence,eeg,knn,5,5,6,P10;P11;P19;P22;P25;P40;P42;P43;P45,1200,1080,120,522,678,0.4824805339265851,0.49166666666666664,0.5053763440860215,0.7580645161290323,0.6064516129032258,12,46,15,47
general,COHORT,P40,valence,eeg,knn,5,5,7,P10;P11;P19;P22;P25;P32;P42;P43;P45,1200,1080,120,522,678,0.46380471380471383,0.475,0.5205479452054794,0.5757575757575758,0.5467625899280576,19,35,28,38
general,COHORT,P42,valence,eeg,knn,5,5,8,P10;P11;P19;P22;P25;P32;P40;P43;P45,1200,1080,120,522,678,0.44739819004524883,0.4583333333333333,0.5217391304347826,0.5294117647058824,0.5255474452554745,19,33,32,36
general,COHORT,P43,valence,eeg,knn,5,5,9,P10;P11;P19;P22;P25;P32;P40;P42;P45,1200,1080,120,522,678,0.514799154334038,0.575,0.6511627906976745,0.7272727272727273,0.6871165644171779,13,30,21,56
general,COHORT,P45,valence,eeg,knn,5,5,10,P10;P11;P19;P22;P25;P32;P40;P42;P43,1200,1080,120,522,678,0.48260073260073255,0.49166666666666664,0.6349206349206349,0.5128205128205128,0.5673758865248227,19,23,38,40
general,COHORT,P10,valence,eeg,knn,10,10,1,P11;P19;P22;P25;P32;P40;P42;P43;P45,1200,1080,120,522,678,0.4842857142857143,0.475,0.5660377358490566,0.42857142857142855,0.4878048780487805,27,23,40,30
general,COHORT,P11,valence,eeg,knn,10,10,2,P10;P19;P22;P25;P32;P40;P42;P43;P45,1200,1080,120,522,678,0.48303670745272526,0.49166666666666664,0.5054945054945055,0.7419354838709677,0.6013071895424836,13,45,16,46
general,COHORT,P19,valence,eeg,knn,10,10,3,P10;P11;P22;P25;P32;P40;P42;P43;P45,1200,1080,120,522,678,0.5131380247659317,0.5333333333333333,0.6521739130434783,0.5844155844155844,0.6164383561643836,19,24,32,45
general,COHORT,P22,valence,eeg,knn,10,10,4,P10;P11;P19;P25;P32;P40;P42;P43;P45,1200,1080,120,522,678,0.5294117647058824,0.5,0.45348837209302323,0.75,0.5652173913043478,21,47,13,39
general,COHORT,P25,valence,eeg,knn,10,10,5,P10;P11;P19;P22;P32;P40;P42;P43;P45,1200,1080,120,522,678,0.48063973063973064,0.49166666666666664,0.5342465753424658,0.5909090909090909,0.5611510791366906,20,34,27,39
general,COHORT,P32,valence,eeg,knn,10,10,6,P10;P11;P19;P22;P25;P40;P42;P43;P45,1200,1080,120,522,678,0.42825361512791993,0.43333333333333335,0.46153846153846156,0.5806451612903226,0.5142857142857142,16,42,26,36
general,COHORT,P40,valence,eeg,knn,10,10,7,P10;P11;P19;P22;P25;P32;P42;P43;P45,1200,1080,120,522,678,0.47895622895622897,0.49166666666666664,0.5333333333333333,0.6060606060606061,0.5673758865248227,19,35,26,40
general,COHORT,P42,valence,eeg,knn,10,10,8,P10;P11;P19;P22;P25;P32;P40;P43;P45,1200,1080,120,522,678,0.44966063348416285,0.4583333333333333,0.5223880597014925,0.5147058823529411,0.5185185185185185,20,32,33,35
general,COHORT,P43,valence,eeg,knn,10,10,9,P10;P11;P19;P22;P25;P32;P40;P42;P45,1200,1080,120,522,678,0.38659015403201447,0.45,0.5662650602409639,0.6103896103896104,0.5875,7,36,30,47
general,COHORT,P45,valence,eeg,knn,10,10,10,P10;P11;P19;P22;P25;P32;P40;P42;P43,1200,1080,120,522,678,0.5247252747252747,0.525,0.6721311475409836,0.5256410256410257,0.5899280575539568,22,20,37,41
general,COHORT,P10,valence,eeg,knn,20,20,1,P11;P19;P22;P25;P32;P40;P42;P43;P45,1200,1080,120,522,678,0.5657142857142857,0.55,0.66,0.4714285714285714,0.55,33,17,37,33
general,COHORT,P11,valence,eeg,knn,20,20,2,P10;P19;P22;P25;P32;P40;P42;P43;P45,1200,1080,120,522,678,0.5739710789766407,0.5833333333333334,0.5638297872340425,0.8548387096774194,0.6794871794871795,17,41,9,53
general,COHORT,P19,valence,eeg,knn,20,20,3,P10;P11;P22;P25;P32;P40;P42;P43;P45,1200,1080,120,522,678,0.562367864693446,0.5833333333333334,0.6901408450704225,0.6363636363636364,0.6621621621621622,21,22,28,49
general,COHORT,P22,valence,eeg,knn,20,20,4,P10;P11;P19;P25;P32;P40;P42;P43;P45,1200,1080,120,522,678,0.5356334841628959,0.525,0.463768115942029,0.6153846153846154,0.5289256198347108,31,37,20,32
general,COHORT,P25,valence,eeg,knn,20,20,5,P10;P11;P19;P22;P32;P40;P42;P43;P45,1200,1080,120,522,678,0.4436026936026936,0.4583333333333333,0.5064935064935064,0.5909090909090909,0.5454545454545454,16,38,27,39
general,COHORT,P32,valence,eeg,knn,20,20,6,P10;P11;P19;P22;P25;P40;P42;P43;P45,1200,1080,120,522,678,0.4905450500556173,0.5,0.5106382978723404,0.7741935483870968,0.6153846153846154,12,46,14,48
general,COHORT,P40,valence,eeg,knn,20,20,7,P10;P11;P19;P22;P25;P32;P42;P43;P45,1200,1080,120,522,678,0.5707070707070707,0.5833333333333334,0.6052631578947368,0.696969696969697,0.647887323943662,24,30,20,46
general,COHORT,P42,valence,eeg,knn,20,20,8,P10;P11;P19;P22;P25;P32;P40;P43;P45,1200,1080,120,522,678,0.45418552036199095,0.4583333333333333,0.5238095238095238,0.4852941176470588,0.5038167938931297,22,30,35,33
general,COHORT,P43,valence,eeg,knn,20,20,9,P10;P11;P19;P22;P25;P32;P40;P42;P45,1200,1080,120,522,678,0.5209906372697071,0.55,0.6575342465753424,0.6233766233766234,0.64,18,25,29,48
general,COHORT,P45,valence,eeg,knn,20,20,10,P10;P11;P19;P22;P25;P32;P40;P42;P43,1200,1080,120,522,678,0.5457875457875458,0.5666666666666667,0.6857142857142857,0.6153846153846154,0.6486486486486487,20,22,30,48
general,COHORT,P10,valence,eeg,svm,all,all,1,P11;P19;P22;P25;P32;P40;P42;P43;P45,1200,1080,120,522,678,0.5,0.5833333333333334,0.5833333333333334,1.0,0.7368421052631579,0,50,0,70
general,COHORT,P11,valence,eeg,svm,all,all,2,P10;P19;P22;P25;P32;P40;P42;P43;P45,1200,1080,120,522,678,0.5,0.5166666666666667,0.5166666666666667,1.0,0.6813186813186813,0,58,0,62
general,COHORT,P19,valence,eeg,svm,all,all,3,P10;P11;P22;P25;P32;P40;P42;P43;P45,1200,1080,120,522,678,0.5,0.6416666666666667,0.6416666666666667,1.0,0.7817258883248731,0,43,0,77
general,COHORT,P22,valence,eeg,svm,all,all,4,P10;P11;P19;P25;P32;P40;P42;P43;P45,1200,1080,120,522,678,0.43042986425339363,0.375,0.3963963963963964,0.8461538461538461,0.5398773006134969,1,67,8,44
general,COHORT,P25,valence,eeg,svm,all,all,5,P10;P11;P19;P22;P32;P40;P42;P43;P45,1200,1080,120,522,678,0.42003367003367004,0.44166666666666665,0.49411764705882355,0.6363636363636364,0.5562913907284768,11,43,24,42
general,COHORT,P32,valence,eeg,svm,all,all,6,P10;P11;P19;P22;P25;P40;P42;P43;P45,1200,1080,120,522,678,0.49416017797552836,0.5083333333333333,0.5135135135135135,0.9193548387096774,0.6589595375722543,4,54,5,57
general,COHORT,P40,valence,eeg,svm,all,all,7,P10;P11;P19;P22;P25;P32;P42;P43;P45,1200,1080,120,522,678,0.4124579124579124,0.4166666666666667,0.46875,0.45454545454545453,0.46153846153846156,20,34,36,30
general,COHORT,P42,valence,eeg,svm,all,all,8,P10;P11;P19;P22;P25;P32;P40;P43;P45,1200,1080,120,522,678,0.5,0.5666666666666667,0.5666666666666667,1.0,0.723404255319149,0,52,0,68
general,COHORT,P43,valence,eeg,svm,all,all,9,P10;P11;P19;P22;P25;P32;P40;P42;P45,1200,1080,120,522,678,0.5,0.6416666666666667,0.6416666666666667,1.0,0.7817258883248731,0,43,0,77
general,COHORT,P45,valence,eeg,svm,all,all,10,P10;P11;P19;P22;P25;P32;P40;P42;P43,1200,1080,120,522,678,0.5,0.65,0.65,1.0,0.7878787878787878,0,42,0,78
general,COHORT,P10,valence,eeg,svm,5,5,1,P11;P19;P22;P25;P32;P40;P42;P43;P45,1200,1080,120,522,678,0.5,0.5833333333333334,0.5833333333333334,1.0,0.7368421052631579,0,50,0,70
general,COHORT,P11,valence,eeg,svm,5,5,2,P10;P19;P22;P25;P32;P40;P42;P43;P45,1200,1080,120,522,678,0.5,0.5166666666666667,0.5166666666666667,1.0,0.6813186813186813,0,58,0,62
general,COHORT,P19,valence,eeg,svm,5,5,3,P10;P11;P22;P25;P32;P40;P42;P43;P45,1200,1080,120,522,678,0.5,0.6416666666666667,0.6416666666666667,1.0,0.7817258883248731,0,43,0,77
general,COHORT,P22,valence,eeg,svm,5,5,4,P10;P11;P19;P25;P32;P40;P42;P43;P45,1200,1080,120,522,678,0.49038461538461536,0.425,0.42857142857142855,0.9807692307692307,0.5964912280701754,0,68,1,51
general,COHORT,P25,valence,eeg,svm,5,5,5,P10;P11;P19;P22;P32;P40;P42;P43;P45,1200,1080,120,522,678,0.484006734006734,0.5083333333333333,0.5393258426966292,0.7272727272727273,0.6193548387096774,13,41,18,48
general,COHORT,P32,valence,eeg,svm,5,5,6,P10;P11;P19;P22;P25;P40;P42;P43;P45,1200,1080,120,522,678,0.474972191323693,0.48333333333333334,0.5,0.7258064516129032,0.5921052631578947,13,45,17,45
general,COHORT,P40,valence,eeg,svm,5,5,7,P10;P11;P19;P22;P25;P32;P42;P43;P45,1200,1080,120,522,678,0.5,0.55,0.55,1.0,0.7096774193548387,0,54,0,66
general,COHORT,P42,valence,eeg,svm,5,5,8,P10;P11;P19;P22;P25;P32;P40;P43;P45,1200,1080,120,522,678,0.4632352941176471,0.49166666666666664,0.5411764705882353,0.6764705882352942,0.6013071895424836,13,39,22,46
general,COHORT,P43,valence,eeg,svm,5,5,9,P10;P11;P19;P22;P25;P32;P40;P42;P45,1200,1080,120,522,678,0.4699486559951676,0.5833333333333334,0.6261682242990654,0.8701298701298701,0.7282608695652174,3,40,10,67
general,COHORT,P45,valence,eeg,svm,5,5,10,P10;P11;P19;P22;P25;P32;P40;P42;P43,1200,1080,120,522,678,0.5,0.65,0.65,1.0,0.7878787878787878,0,42,0,78
general,COHORT,P10,valence,eeg,svm,10,10,1,P11;P19;P22;P25;P32;P40;P42;P43;P45,1200,1080,120,522,678,0.5042857142857143,0.5583333333333333,0.5858585858585859,0.8285714285714286,0.6863905325443787,9,41,12,58
general,COHORT,P11,valence,eeg,svm,10,10,2,P10;P19;P22;P25;P32;P40;P42;P43;P45,1200,1080,120,522,678,0.5,0.5166666666666667,0.5166666666666667,1.0,0.6813186813186813,0,58,0,62
general,COHORT,P19,valence,eeg,svm,10,10,3,P10;P11;P22;P25;P32;P40;P42;P43;P45,1200,1080,120,522,678,0.5,0.6416666666666667,0.6416666666666667,1.0,0.7817258883248731,0,43,0,77
general,COHORT,P22,valence,eeg,svm,10,10,4,P10;P11;P19;P25;P32;P40;P42;P43;P45,1200,1080,120,522,678,0.4807692307692308,0.4166666666666667,0.423728813559322,0.9615384615384616,0.5882352941176471,0,68,2,50
general,COHORT,P25,valence,eeg,svm,10,10,5,P10;P11;P19;P22;P32;P40;P42;P43;P45,1200,1080,120,522,678,0.43265993265993263,0.45,0.5,0.6060606060606061,0.547945205479452,14,40,26,40
general,COHORT,P32,valence,eeg,svm,10,10,6,P10;P11;P19;P22;P25;P40;P42;P43;P45,1200,1080,120,522,678,0.457174638487208,0.4666666666666667,0.48936170212765956,0.7419354838709677,0.5897435897435898,10,48,16,46
general,COHORT,P40,valence,eeg,svm,10,10,7,P10;P11;P19;P22;P25;P32;P42;P43;P45,1200,1080,120,522,678,0.5,0.55,0.55,1.0,0.7096774193548387,0,54,0,66
general,COHORT,P42,valence,eeg,svm,10,10,8,P10;P11;P19;P22;P25;P32;P40;P43;P45,1200,1080,120,522,678,0.5,0.5666666666666667,0.5666666666666667,1.0,0.723404255319149,0,52,0,68
general,COHORT,P43,valence,eeg,svm,10,10,9,P10;P11;P19;P22;P25;P32;P40;P42;P45,1200,1080,120,522,678,0.5,0.6416666666666667,0.6416666666666667,1.0,0.7817258883248731,0,43,0,77
general,COHORT,P45,valence,eeg,svm,10,10,10,P10;P11;P19;P22;P25;P32;P40;P42;P43,1200,1080,120,522,678,0.5,0.65,0.65,1.0,0.7878787878787878,0,42,0,78
general,COHORT,P10,valence,eeg,svm,20,20,1,P11;P19;P22;P25;P32;P40;P42;P43;P45,1200,1080,120,522,678,0.43428571428571433,0.5,0.5471698113207547,0.8285714285714286,0.6590909090909091,2,48,12,58
general,COHORT,P11,valence,eeg,svm,20,20,2,P10;P19;P22;P25;P32;P40;P42;P43;P45,1200,1080,120,522,678,0.5,0.5166666666666667,0.5166666666666667,1.0,0.6813186813186813,0,58,0,62
general,COHORT,P19,valence,eeg,svm,20,20,3,P10;P11;P22;P25;P32;P40;P42;P43;P45,1200,1080,120,522,678,0.5,0.6416666666666667,0.6416666666666667,1.0,0.7817258883248731,0,43,0,77
general,COHORT,P22,valence,eeg,svm,20,20,4,P10;P11;P19;P25;P32;P40;P42;P43;P45,1200,1080,120,522,678,0.49038461538461536,0.425,0.42857142857142855,0.9807692307692307,0.5964912280701754,0,68,1,51
general,COHORT,P25,valence,eeg,svm,20,20,5,P10;P11;P19;P22;P32;P40;P42;P43;P45,1200,1080,120,522,678,0.43686868686868685,0.4583333333333333,0.5058823529411764,0.6515151515151515,0.5695364238410596,12,42,23,43
general,COHORT,P32,valence,eeg,svm,20,20,6,P10;P11;P19;P22;P25;P40;P42;P43;P45,1200,1080,120,522,678,0.4738598442714127,0.48333333333333334,0.5,0.7580645161290323,0.6025641025641025,11,47,15,47
general,COHORT,P40,valence,eeg,svm,20,20,7,P10;P11;P19;P22;P25;P32;P42;P43;P45,1200,1080,120,522,678,0.4907407407407407,0.49166666666666664,0.5409836065573771,0.5,0.5196850393700787,26,28,33,33
general,COHORT,P42,valence,eeg,svm,20,20,8,P10;P11;P19;P22;P25;P32;P40;P43;P45,1200,1080,120,522,678,0.4247737556561086,0.425,0.4915254237288136,0.4264705882352941,0.4566929133858268,22,30,39,29
general,COHORT,P43,valence,eeg,svm,20,20,9,P10;P11;P19;P22;P25;P32;P40;P42;P45,1200,1080,120,522,678,0.6424041075203866,0.6333333333333333,0.7704918032786885,0.6103896103896104,0.6811594202898551,29,14,30,47
general,COHORT,P45,valence,eeg,svm,20,20,10,P10;P11;P19;P22;P25;P32;P40;P42;P43,1200,1080,120,522,678,0.5,0.65,0.65,1.0,0.7878787878787878,0,42,0,78
general,COHORT,P10,valence,eeg,gnb,all,all,1,P11;P19;P22;P25;P32;P40;P42;P43;P45,1200,1080,120,522,678,0.5314285714285714,0.5166666666666667,0.62,0.44285714285714284,0.5166666666666667,31,19,39,31
general,COHORT,P11,valence,eeg,gnb,all,all,2,P10;P19;P22;P25;P32;P40;P42;P43;P45,1200,1080,120,522,678,0.49638487208008897,0.5083333333333333,0.5145631067961165,0.8548387096774194,0.6424242424242425,8,50,9,53
general,COHORT,P19,valence,eeg,gnb,all,all,3,P10;P11;P22;P25;P32;P40;P42;P43;P45,1200,1080,120,522,678,0.4894291754756871,0.6083333333333333,0.6363636363636364,0.9090909090909091,0.7486631016042781,3,40,7,70
general,COHORT,P22,valence,eeg,gnb,all,all,4,P10;P11;P19;P25;P32;P40;P42;P43;P45,1200,1080,120,522,678,0.4021493212669683,0.35833333333333334,0.37623762376237624,0.7307692307692307,0.49673202614379086,5,63,14,38
general,COHORT,P25,valence,eeg,gnb,all,all,5,P10;P11;P19;P22;P32;P40;P42;P43;P45,1200,1080,120,522,678,0.48063973063973064,0.5083333333333333,0.5376344086021505,0.7575757575757576,0.6289308176100629,11,43,16,50
general,COHORT,P32,valence,eeg,gnb,all,all,6,P10;P11;P19;P22;P25;P40;P42;P43;P45,1200,1080,120,522,678,0.4699666295884316,0.48333333333333334,0.5,0.8709677419354839,0.6352941176470588,4,54,8,54
general,COHORT,P40,valence,eeg,gnb,all,all,7,P10;P11;P19;P22;P25;P32;P42;P43;P45,1200,1080,120,522,678,0.531986531986532,0.5666666666666667,0.5686274509803921,0.8787878787878788,0.6904761904761905,10,44,8,58
general,COHORT,P42,valence,eeg,gnb,all,all,8,P10;P11;P19;P22;P25;P32;P40;P43;P45,1200,1080,120,522,678,0.4824660633484163,0.5416666666666666,0.5575221238938053,0.9264705882352942,0.6961325966850829,2,50,5,63
general,COHORT,P43,valence,eeg,gnb,all,all,9,P10;P11;P19;P22;P25;P32;P40;P42;P45,1200,1080,120,522,678,0.5,0.6416666666666667,0.6416666666666667,1.0,0.7817258883248731,0,43,0,77
general,COHORT,P45,valence,eeg,gnb,all,all,10,P10;P11;P19;P22;P25;P32;P40;P42;P43,1200,1080,120,522,678,0.5,0.65,0.65,1.0,0.7878787878787878,0,42,0,78
general,COHORT,P10,valence,eeg,gnb,5,5,1,P11;P19;P22;P25;P32;P40;P42;P43;P45,1200,1080,120,522,678,0.47285714285714286,0.425,0.52,0.18571428571428572,0.2736842105263158,38,12,57,13
general,COHORT,P11,valence,eeg,gnb,5,5,2,P10;P19;P22;P25;P32;P40;P42;P43;P45,1200,1080,120,522,678,0.5372636262513905,0.55,0.5377358490566038,0.9193548387096774,0.6785714285714286,9,49,5,57
general,COHORT,P19,valence,eeg,gnb,5,5,3,P10;P11;P22;P25;P32;P40;P42;P43;P45,1200,1080,120,522,678,0.49969797644216246,0.6083333333333333,0.6415094339622641,0.8831168831168831,0.7431693989071039,5,38,9,68
general,COHORT,P22,valence,eeg,gnb,5,5,4,P10;P11;P19;P25;P32;P40;P42;P43;P45,1200,1080,120,522,678,0.41628959276018096,0.36666666666666664,0.3867924528301887,0.7884615384615384,0.5189873417721519,3,65,11,41
general,COHORT,P25,valence,eeg,gnb,5,5,5,P10;P11;P19;P22;P32;P40;P42;P43;P45,1200,1080,120,522,678,0.4730639730639731,0.5,0.532608695652174,0.7424242424242424,0.620253164556962,11,43,17,49
general,COHORT,P32,valence,eeg,gnb,5,5,6,P10;P11;P19;P22;P25;P40;P42;P43;P45,1200,1080,120,522,678,0.4379866518353726,0.44166666666666665,0.4657534246575342,0.5483870967741935,0.5037037037037037,19,39,28,34
general,COHORT,P40,valence,eeg,gnb,5,5,7,P10;P11;P19;P22;P25;P32;P42;P43;P45,1200,1080,120,522,678,0.5058922558922558,0.49166666666666664,0.5581395348837209,0.36363636363636365,0.44036697247706424,35,19,42,24
general,COHORT,P42,valence,eeg,gnb,5,5,8,P10;P11;P19;P22;P25;P32;P40;P43;P45,1200,1080,120,522,678,0.46153846153846156,0.4666666666666667,0.53125,0.5,0.5151515151515151,22,30,34,34
general,COHORT,P43,valence,eeg,gnb,5,5,9,P10;P11;P19;P22;P25;P32;P40;P42;P45,1200,1080,120,522,678,0.5330715795832075,0.4666666666666667,0.696969696969697,0.2987012987012987,0.41818181818181815,33,10,54,23
general,COHORT,P45,valence,eeg,gnb,5,5,10,P10;P11;P19;P22;P25;P32;P40;P42;P43,1200,1080,120,522,678,0.48443223443223443,0.35833333333333334,0.5555555555555556,0.0641025641025641,0.11494252873563218,38,4,73,5
general,COHORT,P10,valence,eeg,gnb,10,10,1,P11;P19;P22;P25;P32;P40;P42;P43;P45,1200,1080,120,522,678,0.5214285714285715,0.4583333333333333,0.6666666666666666,0.14285714285714285,0.23529411764705882,45,5,60,10
general,COHORT,P11,valence,eeg,gnb,10,10,2,P10;P19;P22;P25;P32;P40;P42;P43;P45,1200,1080,120,522,678,0.528642936596218,0.5416666666666666,0.5327102803738317,0.9193548387096774,0.6745562130177515,8,50,5,57
general,COHORT,P19,valence,eeg,gnb,10,10,3,P10;P11;P22;P25;P32;P40;P42;P43;P45,1200,1080,120,522,678,0.4972817879794624,0.625,0.6403508771929824,0.948051948051948,0.7643979057591623,2,41,4,73
general,COHORT,P22,valence,eeg,gnb,10,10,4,P10;P11;P19;P25;P32;P40;P42;P43;P45,1200,1080,120,522,678,0.41911764705882354,0.375,0.38613861386138615,0.75,0.5098039215686274,6,62,13,39
general,COHORT,P25,valence,eeg,gnb,10,10,5,P10;P11;P19;P22;P32;P40;P42;P43;P45,1200,1080,120,522,678,0.4764309764309764,0.48333333333333334,0.5294117647058824,0.5454545454545454,0.5373134328358209,22,32,30,36
general,COHORT,P32,valence,eeg,gnb,10,10,6,P10;P11;P19;P22;P25;P40;P42;P43;P45,1200,1080,120,522,678,0.3907119021134594,0.39166666666666666,0.4126984126984127,0.41935483870967744,0.416,21,37,36,26
general,COHORT,P40,valence,eeg,gnb,10,10,7,P10;P11;P19;P22;P25;P32;P42;P43;P45,1200,1080,120,522,678,0.5143097643097643,0.5083333333333333,0.5660377358490566,0.45454545454545453,0.5042016806722689,31,23,36,30
general,COHORT,P42,valence,eeg,gnb,10,10,8,P10;P11;P19;P22;P25;P32;P40;P43;P45,1200,1080,120,522,678,0.5101809954751131,0.48333333333333334,0.5833333333333334,0.3088235294117647,0.40384615384615385,37,15,47,21
general,COHORT,P43,valence,eeg,gnb,10,10,9,P10;P11;P19;P22;P25;P32;P40;P42;P45,1200,1080,120,522,678,0.5590456055572335,0.5,0.7297297297297297,0.35064935064935066,0.47368421052631576,33,10,50,27
general,COHORT,P45,valence,eeg,gnb,10,10,10,P10;P11;P19;P22;P25;P32;P40;P42;P43,1200,1080,120,522,678,0.5,0.4,0.65,0.16666666666666666,0.2653061224489796,35,7,65,13
general,COHORT,P10,valence,eeg,gnb,20,20,1,P11;P19;P22;P25;P32;P40;P42;P43;P45,1200,1080,120,522,678,0.5357142857142857,0.475,0.7058823529411765,0.17142857142857143,0.27586206896551724,45,5,58,12
general,COHORT,P11,valence,eeg,gnb,20,20,2,P10;P19;P22;P25;P32;P40;P42;P43;P45,1200,1080,120,522,678,0.503337041156841,0.5166666666666667,0.5185185185185185,0.9032258064516129,0.6588235294117647,6,52,6,56
general,COHORT,P19,valence,eeg,gnb,20,20,3,P10;P11;P22;P25;P32;P40;P42;P43;P45,1200,1080,120,522,678,0.5,0.6416666666666667,0.6416666666666667,1.0,0.7817258883248731,0,43,0,77
general,COHORT,P22,valence,eeg,gnb,20,20,4,P10;P11;P19;P25;P32;P40;P42;P43;P45,1200,1080,120,522,678,0.4451357466063348,0.39166666666666666,0.4036697247706422,0.8461538461538461,0.546583850931677,3,65,8,44
general,COHORT,P25,valence,eeg,gnb,20,20,5,P10;P11;P19;P22;P32;P40;P42;P43;P45,1200,1080,120,522,678,0.5042087542087542,0.525,0.5529411764705883,0.7121212121212122,0.6225165562913907,16,38,19,47
general,COHORT,P32,valence,eeg,gnb,20,20,6,P10;P11;P19;P22;P25;P40;P42;P43;P45,1200,1080,120,522,678,0.41657397107897665,0.4166666666666667,0.43333333333333335,0.41935483870967744,0.4262295081967213,24,34,36,26
general,COHORT,P40,valence,eeg,gnb,20,20,7,P10;P11;P19;P22;P25;P32;P42;P43;P45,1200,1080,120,522,678,0.49410774410774405,0.525,0.5463917525773195,0.803030303030303,0.6503067484662577,10,44,13,53
general,COHORT,P42,valence,eeg,gnb,20,20,8,P10;P11;P19;P22;P25;P32;P40;P43;P45,1200,1080,120,522,678,0.4971719457013575,0.5583333333333333,0.5652173913043478,0.9558823529411765,0.7103825136612022,2,50,3,65
general,COHORT,P43,valence,eeg,gnb,20,20,9,P10;P11;P19;P22;P25;P32;P40;P42;P45,1200,1080,120,522,678,0.49365750528541225,0.5083333333333333,0.6363636363636364,0.5454545454545454,0.5874125874125874,19,24,35,42
general,COHORT,P45,valence,eeg,gnb,20,20,10,P10;P11;P19;P22;P25;P32;P40;P42;P43,1200,1080,120,522,678,0.4816849816849817,0.38333333333333336,0.6,0.15384615384615385,0.24489795918367346,34,8,66,12
