participant,target,outer_fold,outer_folds,outer_train_size,outer_test_size,low_count,high_count,classifier,feature_family,channel_subset,feature_count_request,analysis_tier,available_feature_count,selection_fold,tuning_best_parameters,tuning_inner_balanced_accuracy,selection_validation_ba_fixed_050,selected_candidate
P07,valence,1,5,92,24,24,92,logreg,all_eeg,all_channels,8,primary,120,1,"{""classifier__C"": 0.1, ""classifier__class_weight"": null}",0.5145833333333333,0.5066666666666667,False
P07,valence,1,5,92,24,24,92,logreg,all_eeg,all_channels,8,primary,120,2,"{""classifier__C"": 1, ""classifier__class_weight"": null}",0.49080882352941174,0.4791666666666667,False
P07,valence,1,5,92,24,24,92,logreg,all_eeg,all_channels,8,primary,120,3,"{""classifier__C"": 0.1, ""classifier__class_weight"": null}",0.47328431372549024,0.3958333333333333,False
P07,valence,1,5,92,24,24,92,svm,all_eeg,all_channels,8,primary,120,1,"{""classifier__C"": 1, ""classifier__class_weight"": ""balanced"", ""classifier__gamma"": 0.001, ""classifier__kernel"": ""rbf""}",0.55625,0.5,False
P07,valence,1,5,92,24,24,92,svm,all_eeg,all_channels,8,primary,120,2,"{""classifier__C"": 1, ""classifier__class_weight"": null, ""classifier__gamma"": 0.001, ""classifier__kernel"": ""rbf""}",0.5,0.5,False
P07,valence,1,5,92,24,24,92,svm,all_eeg,all_channels,8,primary,120,3,"{""classifier__C"": 1, ""classifier__class_weight"": null, ""classifier__kernel"": ""linear""}",0.5051470588235294,0.5,False
P07,valence,1,5,92,24,24,92,gnb,all_eeg,all_channels,8,primary,120,1,"{""classifier__var_smoothing"": 1e-11}",0.4583333333333333,0.38666666666666666,False
P07,valence,1,5,92,24,24,92,gnb,all_eeg,all_channels,8,primary,120,2,"{""classifier__var_smoothing"": 1e-11}",0.49264705882352944,0.5089285714285714,False
P07,valence,1,5,92,24,24,92,gnb,all_eeg,all_channels,8,primary,120,3,"{""classifier__var_smoothing"": 1e-11}",0.41053921568627455,0.6458333333333333,False
P07,valence,1,5,92,24,24,92,logreg,all_eeg,all_channels,10,primary,120,1,"{""classifier__C"": 0.01, ""classifier__class_weight"": null}",0.5479166666666667,0.4666666666666667,False
P07,valence,1,5,92,24,24,92,logreg,all_eeg,all_channels,10,primary,120,2,"{""classifier__C"": 1, ""classifier__class_weight"": null}",0.48100490196078427,0.4583333333333333,False
P07,valence,1,5,92,24,24,92,logreg,all_eeg,all_channels,10,primary,120,3,"{""classifier__C"": 0.1, ""classifier__class_weight"": null}",0.5045343137254902,0.4791666666666667,False
P07,valence,1,5,92,24,24,92,svm,all_eeg,all_channels,10,primary,120,1,"{""classifier__C"": 1, ""classifier__class_weight"": ""balanced"", ""classifier__gamma"": 0.001, ""classifier__kernel"": ""rbf""}",0.5479166666666667,0.5,False
P07,valence,1,5,92,24,24,92,svm,all_eeg,all_channels,10,primary,120,2,"{""classifier__C"": 1, ""classifier__class_weight"": null, ""classifier__gamma"": 0.001, ""classifier__kernel"": ""rbf""}",0.5,0.5,False
P07,valence,1,5,92,24,24,92,svm,all_eeg,all_channels,10,primary,120,3,"{""classifier__C"": 1, ""classifier__class_weight"": null, ""classifier__gamma"": 0.001, ""classifier__kernel"": ""rbf""}",0.5,0.5,False
P07,valence,1,5,92,24,24,92,gnb,all_eeg,all_channels,10,primary,120,1,"{""classifier__var_smoothing"": 1e-11}",0.5125000000000001,0.49,False
P07,valence,1,5,92,24,24,92,gnb,all_eeg,all_channels,10,primary,120,2,"{""classifier__var_smoothing"": 1e-11}",0.5220588235294118,0.5089285714285714,False
P07,valence,1,5,92,24,24,92,gnb,all_eeg,all_channels,10,primary,120,3,"{""classifier__var_smoothing"": 1e-11}",0.4099264705882353,0.625,False
P07,valence,1,5,92,24,24,92,logreg,hjorth,all_channels,8,primary,16,1,"{""classifier__C"": 1, ""classifier__class_weight"": ""balanced""}",0.48125,0.6333333333333333,True
P07,valence,1,5,92,24,24,92,logreg,hjorth,all_channels,8,primary,16,2,"{""classifier__C"": 1, ""classifier__class_weight"": null}",0.5318627450980392,0.5505952380952381,True
P07,valence,1,5,92,24,24,92,logreg,hjorth,all_channels,8,primary,16,3,"{""classifier__C"": 0.1, ""classifier__class_weight"": ""balanced""}",0.49031862745098037,0.5208333333333333,True
P07,valence,1,5,92,24,24,92,svm,hjorth,all_channels,8,primary,16,1,"{""classifier__C"": 1, ""classifier__class_weight"": null, ""classifier__gamma"": 0.001, ""classifier__kernel"": ""rbf""}",0.5,0.5,False
P07,valence,1,5,92,24,24,92,svm,hjorth,all_channels,8,primary,16,2,"{""classifier__C"": 10, ""classifier__class_weight"": null, ""classifier__kernel"": ""linear""}",0.5539215686274509,0.5,False
P07,valence,1,5,92,24,24,92,svm,hjorth,all_channels,8,primary,16,3,"{""classifier__C"": 1, ""classifier__class_weight"": null, ""classifier__gamma"": 0.001, ""classifier__kernel"": ""rbf""}",0.5,0.5,False
P07,valence,1,5,92,24,24,92,gnb,hjorth,all_channels,8,primary,16,1,"{""classifier__var_smoothing"": 1e-11}",0.3854166666666667,0.38,False
P07,valence,1,5,92,24,24,92,gnb,hjorth,all_channels,8,primary,16,2,"{""classifier__var_smoothing"": 1e-11}",0.5134803921568628,0.4791666666666667,False
P07,valence,1,5,92,24,24,92,gnb,hjorth,all_channels,8,primary,16,3,"{""classifier__var_smoothing"": 1e-11}",0.5047794117647059,0.5416666666666666,False
P07,valence,1,5,92,24,24,92,logreg,hjorth,all_channels,10,primary,16,1,"{""classifier__C"": 0.01, ""classifier__class_weight"": null}",0.4791666666666667,0.5,False
P07,valence,1,5,92,24,24,92,logreg,hjorth,all_channels,10,primary,16,2,"{""classifier__C"": 0.01, ""classifier__class_weight"": null}",0.5153186274509803,0.5,False
P07,valence,1,5,92,24,24,92,logreg,hjorth,all_channels,10,primary,16,3,"{""classifier__C"": 0.1, ""classifier__class_weight"": ""balanced""}",0.49031862745098037,0.5416666666666667,False
P07,valence,1,5,92,24,24,92,svm,hjorth,all_channels,10,primary,16,1,"{""classifier__C"": 1, ""classifier__class_weight"": null, ""classifier__gamma"": 0.001, ""classifier__kernel"": ""rbf""}",0.5,0.5,False
P07,valence,1,5,92,24,24,92,svm,hjorth,all_channels,10,primary,16,2,"{""classifier__C"": 1, ""classifier__class_weight"": null, ""classifier__kernel"": ""linear""}",0.5520833333333334,0.5,False
P07,valence,1,5,92,24,24,92,svm,hjorth,all_channels,10,primary,16,3,"{""classifier__C"": 1, ""classifier__class_weight"": null, ""classifier__gamma"": 0.001, ""classifier__kernel"": ""rbf""}",0.5,0.5,False
P07,valence,1,5,92,24,24,92,gnb,hjorth,all_channels,10,primary,16,1,"{""classifier__var_smoothing"": 1e-11}",0.4395833333333334,0.4033333333333333,False
P07,valence,1,5,92,24,24,92,gnb,hjorth,all_channels,10,primary,16,2,"{""classifier__var_smoothing"": 1e-11}",0.45159313725490197,0.4166666666666667,False
P07,valence,1,5,92,24,24,92,gnb,hjorth,all_channels,10,primary,16,3,"{""classifier__var_smoothing"": 1e-11}",0.5131127450980392,0.5625,False
P07,valence,1,5,92,24,24,92,logreg,time_statistical,all_channels,all,primary,8,1,"{""classifier__C"": 1, ""classifier__class_weight"": ""balanced""}",0.5354166666666667,0.4666666666666667,False
P07,valence,1,5,92,24,24,92,logreg,time_statistical,all_channels,all,primary,8,2,"{""classifier__C"": 0.01, ""classifier__class_weight"": null}",0.5104166666666666,0.5,False
P07,valence,1,5,92,24,24,92,logreg,time_statistical,all_channels,all,primary,8,3,"{""classifier__C"": 1, ""classifier__class_weight"": ""balanced""}",0.5387254901960784,0.5208333333333333,False
P07,valence,1,5,92,24,24,92,svm,time_statistical,all_channels,all,primary,8,1,"{""classifier__C"": 1, ""classifier__class_weight"": ""balanced"", ""classifier__gamma"": 0.001, ""classifier__kernel"": ""rbf""}",0.5187499999999999,0.5,False
P07,valence,1,5,92,24,24,92,svm,time_statistical,all_channels,all,primary,8,2,"{""classifier__C"": 10, ""classifier__class_weight"": null, ""classifier__kernel"": ""linear""}",0.5208333333333334,0.5,False
P07,valence,1,5,92,24,24,92,svm,time_statistical,all_channels,all,primary,8,3,"{""classifier__C"": 10, ""classifier__class_weight"": ""balanced"", ""classifier__kernel"": ""linear""}",0.560171568627451,0.5,False
P07,valence,1,5,92,24,24,92,gnb,time_statistical,all_channels,all,primary,8,1,"{""classifier__var_smoothing"": 1e-11}",0.41875,0.5333333333333333,False
P07,valence,1,5,92,24,24,92,gnb,time_statistical,all_channels,all,primary,8,2,"{""classifier__var_smoothing"": 1e-11}",0.4485294117647059,0.5892857142857143,False
P07,valence,1,5,92,24,24,92,gnb,time_statistical,all_channels,all,primary,8,3,"{""classifier__var_smoothing"": 1e-11}",0.44264705882352945,0.375,False
P07,valence,1,5,92,24,24,92,logreg,paper_compact,all_channels,8,secondary,64,1,"{""classifier__C"": 0.01, ""classifier__class_weight"": null}",0.56875,0.5066666666666667,False
P07,valence,1,5,92,24,24,92,logreg,paper_compact,all_channels,8,secondary,64,2,"{""classifier__C"": 1, ""classifier__class_weight"": null}",0.5416666666666666,0.5,False
P07,valence,1,5,92,24,24,92,logreg,paper_compact,all_channels,8,secondary,64,3,"{""classifier__C"": 1, ""classifier__class_weight"": ""balanced""}",0.47450980392156855,0.375,False
P07,valence,1,5,92,24,24,92,svm,paper_compact,all_channels,8,secondary,64,1,"{""classifier__C"": 10, ""classifier__class_weight"": null, ""classifier__kernel"": ""linear""}",0.525,0.5,False
P07,valence,1,5,92,24,24,92,svm,paper_compact,all_channels,8,secondary,64,2,"{""classifier__C"": 10, ""classifier__class_weight"": null, ""classifier__kernel"": ""linear""}",0.542279411764706,0.5,False
P07,valence,1,5,92,24,24,92,svm,paper_compact,all_channels,8,secondary,64,3,"{""classifier__C"": 1, ""classifier__class_weight"": ""balanced"", ""classifier__kernel"": ""linear""}",0.5286764705882353,0.5,False
P07,valence,1,5,92,24,24,92,gnb,paper_compact,all_channels,8,secondary,64,1,"{""classifier__var_smoothing"": 1e-11}",0.4916666666666667,0.36333333333333334,False
P07,valence,1,5,92,24,24,92,gnb,paper_compact,all_channels,8,secondary,64,2,"{""classifier__var_smoothing"": 1e-11}",0.5122549019607843,0.5178571428571428,False
P07,valence,1,5,92,24,24,92,gnb,paper_compact,all_channels,8,secondary,64,3,"{""classifier__var_smoothing"": 1e-11}",0.47450980392156855,0.5833333333333333,False
P07,valence,1,5,92,24,24,92,logreg,paper_compact,all_channels,10,secondary,64,1,"{""classifier__C"": 1, ""classifier__class_weight"": null}",0.5145833333333333,0.4433333333333333,False
P07,valence,1,5,92,24,24,92,logreg,paper_compact,all_channels,10,secondary,64,2,"{""classifier__C"": 1, ""classifier__class_weight"": null}",0.5637254901960784,0.5,False
P07,valence,1,5,92,24,24,92,logreg,paper_compact,all_channels,10,secondary,64,3,"{""classifier__C"": 0.01, ""classifier__class_weight"": ""balanced""}",0.5313725490196078,0.5,False
P07,valence,1,5,92,24,24,92,svm,paper_compact,all_channels,10,secondary,64,1,"{""classifier__C"": 10, ""classifier__class_weight"": ""balanced"", ""classifier__kernel"": ""linear""}",0.5583333333333333,0.5,False
P07,valence,1,5,92,24,24,92,svm,paper_compact,all_channels,10,secondary,64,2,"{""classifier__C"": 10, ""classifier__class_weight"": null, ""classifier__kernel"": ""linear""}",0.5428921568627451,0.5,False
P07,valence,1,5,92,24,24,92,svm,paper_compact,all_channels,10,secondary,64,3,"{""classifier__C"": 10, ""classifier__class_weight"": ""balanced"", ""classifier__gamma"": 0.001, ""classifier__kernel"": ""rbf""}",0.5188725490196079,0.5,False
P07,valence,1,5,92,24,24,92,gnb,paper_compact,all_channels,10,secondary,64,1,"{""classifier__var_smoothing"": 1e-11}",0.525,0.42333333333333334,False
P07,valence,1,5,92,24,24,92,gnb,paper_compact,all_channels,10,secondary,64,2,"{""classifier__var_smoothing"": 1e-11}",0.40870098039215685,0.48809523809523814,False
P07,valence,1,5,92,24,24,92,gnb,paper_compact,all_channels,10,secondary,64,3,"{""classifier__var_smoothing"": 1e-11}",0.432843137254902,0.5625,False
P07,valence,1,5,92,24,24,92,logreg,paper_compact,frontal_central,8,secondary,32,1,"{""classifier__C"": 1, ""classifier__class_weight"": null}",0.5145833333333333,0.5033333333333333,False
P07,valence,1,5,92,24,24,92,logreg,paper_compact,frontal_central,8,secondary,32,2,"{""classifier__C"": 0.1, ""classifier__class_weight"": null}",0.542279411764706,0.5,False
P07,valence,1,5,92,24,24,92,logreg,paper_compact,frontal_central,8,secondary,32,3,"{""classifier__C"": 1, ""classifier__class_weight"": ""balanced""}",0.5259803921568628,0.47916666666666663,False
P07,valence,1,5,92,24,24,92,svm,paper_compact,frontal_central,8,secondary,32,1,"{""classifier__C"": 1, ""classifier__class_weight"": null, ""classifier__kernel"": ""linear""}",0.5354166666666667,0.5,False
P07,valence,1,5,92,24,24,92,svm,paper_compact,frontal_central,8,secondary,32,2,"{""classifier__C"": 10, ""classifier__class_weight"": null, ""classifier__kernel"": ""linear""}",0.542279411764706,0.5,False
P07,valence,1,5,92,24,24,92,svm,paper_compact,frontal_central,8,secondary,32,3,"{""classifier__C"": 10, ""classifier__class_weight"": ""balanced"", ""classifier__gamma"": 0.001, ""classifier__kernel"": ""rbf""}",0.5317401960784314,0.5,False
P07,valence,1,5,92,24,24,92,gnb,paper_compact,frontal_central,8,secondary,32,1,"{""classifier__var_smoothing"": 1e-11}",0.47291666666666665,0.5266666666666666,False
P07,valence,1,5,92,24,24,92,gnb,paper_compact,frontal_central,8,secondary,32,2,"{""classifier__var_smoothing"": 1e-11}",0.4393382352941176,0.6101190476190476,False
P07,valence,1,5,92,24,24,92,gnb,paper_compact,frontal_central,8,secondary,32,3,"{""classifier__var_smoothing"": 1e-11}",0.48492647058823524,0.47916666666666663,False
P07,valence,1,5,92,24,24,92,logreg,paper_compact,frontal_central,10,secondary,32,1,"{""classifier__C"": 0.1, ""classifier__class_weight"": null}",0.5020833333333333,0.5233333333333333,False
P07,valence,1,5,92,24,24,92,logreg,paper_compact,frontal_central,10,secondary,32,2,"{""classifier__C"": 0.01, ""classifier__class_weight"": null}",0.5030637254901961,0.5,False
P07,valence,1,5,92,24,24,92,logreg,paper_compact,frontal_central,10,secondary,32,3,"{""classifier__C"": 1, ""classifier__class_weight"": ""balanced""}",0.5495098039215686,0.4583333333333333,False
P07,valence,1,5,92,24,24,92,svm,paper_compact,frontal_central,10,secondary,32,1,"{""classifier__C"": 1, ""classifier__class_weight"": null, ""classifier__kernel"": ""linear""}",0.5145833333333333,0.5,False
P07,valence,1,5,92,24,24,92,svm,paper_compact,frontal_central,10,secondary,32,2,"{""classifier__C"": 1, ""classifier__class_weight"": null, ""classifier__kernel"": ""linear""}",0.5337009803921569,0.5,False
P07,valence,1,5,92,24,24,92,svm,paper_compact,frontal_central,10,secondary,32,3,"{""classifier__C"": 10, ""classifier__class_weight"": ""balanced"", ""classifier__kernel"": ""linear""}",0.5186274509803921,0.5,False
P07,valence,1,5,92,24,24,92,gnb,paper_compact,frontal_central,10,secondary,32,1,"{""classifier__var_smoothing"": 1e-11}",0.49583333333333335,0.5066666666666667,False
P07,valence,1,5,92,24,24,92,gnb,paper_compact,frontal_central,10,secondary,32,2,"{""classifier__var_smoothing"": 1e-11}",0.4705882352941176,0.6101190476190476,False
P07,valence,1,5,92,24,24,92,gnb,paper_compact,frontal_central,10,secondary,32,3,"{""classifier__var_smoothing"": 1e-11}",0.4757352941176471,0.5416666666666666,False
P07,valence,2,5,93,23,24,92,logreg,all_eeg,all_channels,8,primary,120,1,"{""classifier__C"": 1, ""classifier__class_weight"": null}",0.4604166666666667,0.48333333333333334,False
P07,valence,2,5,93,23,24,92,logreg,all_eeg,all_channels,8,primary,120,2,"{""classifier__C"": 1, ""classifier__class_weight"": null}",0.5884803921568628,0.4375,False
P07,valence,2,5,93,23,24,92,logreg,all_eeg,all_channels,8,primary,120,3,"{""classifier__C"": 0.01, ""classifier__class_weight"": ""balanced""}",0.4042892156862745,0.5357142857142857,False
P07,valence,2,5,93,23,24,92,svm,all_eeg,all_channels,8,primary,120,1,"{""classifier__C"": 1, ""classifier__class_weight"": null, ""classifier__gamma"": 0.001, ""classifier__kernel"": ""rbf""}",0.5,0.5,False
P07,valence,2,5,93,23,24,92,svm,all_eeg,all_channels,8,primary,120,2,"{""classifier__C"": 1, ""classifier__class_weight"": null, ""classifier__kernel"": ""linear""}",0.5890931372549019,0.5,False
P07,valence,2,5,93,23,24,92,svm,all_eeg,all_channels,8,primary,120,3,"{""classifier__C"": 1, ""classifier__class_weight"": null, ""classifier__gamma"": 0.001, ""classifier__kernel"": ""rbf""}",0.5,0.4791666666666667,False
P07,valence,2,5,93,23,24,92,gnb,all_eeg,all_channels,8,primary,120,1,"{""classifier__var_smoothing"": 1e-11}",0.4916666666666667,0.38666666666666666,False
P07,valence,2,5,93,23,24,92,gnb,all_eeg,all_channels,8,primary,120,2,"{""classifier__var_smoothing"": 1e-11}",0.6036764705882353,0.5267857142857143,False
P07,valence,2,5,93,23,24,92,gnb,all_eeg,all_channels,8,primary,120,3,"{""classifier__var_smoothing"": 1e-11}",0.43014705882352944,0.5059523809523809,False
P07,valence,2,5,93,23,24,92,logreg,all_eeg,all_channels,10,primary,120,1,"{""classifier__C"": 0.1, ""classifier__class_weight"": null}",0.4708333333333334,0.5233333333333333,True
P07,valence,2,5,93,23,24,92,logreg,all_eeg,all_channels,10,primary,120,2,"{""classifier__C"": 0.1, ""classifier__class_weight"": null}",0.5780637254901961,0.5089285714285714,True
P07,valence,2,5,93,23,24,92,logreg,all_eeg,all_channels,10,primary,120,3,"{""classifier__C"": 1, ""classifier__class_weight"": null}",0.39767156862745096,0.6101190476190476,True
P07,valence,2,5,93,23,24,92,svm,all_eeg,all_channels,10,primary,120,1,"{""classifier__C"": 10, ""classifier__class_weight"": null, ""classifier__kernel"": ""linear""}",0.5041666666666667,0.5,False
P07,valence,2,5,93,23,24,92,svm,all_eeg,all_channels,10,primary,120,2,"{""classifier__C"": 1, ""classifier__class_weight"": null, ""classifier__kernel"": ""linear""}",0.5780637254901961,0.5,False
P07,valence,2,5,93,23,24,92,svm,all_eeg,all_channels,10,primary,120,3,"{""classifier__C"": 1, ""classifier__class_weight"": null, ""classifier__gamma"": 0.001, ""classifier__kernel"": ""rbf""}",0.5,0.4791666666666667,False
P07,valence,2,5,93,23,24,92,gnb,all_eeg,all_channels,10,primary,120,1,"{""classifier__var_smoothing"": 1e-11}",0.48125,0.4066666666666666,False
P07,valence,2,5,93,23,24,92,gnb,all_eeg,all_channels,10,primary,120,2,"{""classifier__var_smoothing"": 1e-11}",0.526593137254902,0.5267857142857143,False
P07,valence,2,5,93,23,24,92,gnb,all_eeg,all_channels,10,primary,120,3,"{""classifier__var_smoothing"": 1e-11}",0.45183823529411765,0.45535714285714285,False
P07,valence,2,5,93,23,24,92,logreg,hjorth,all_channels,8,primary,16,1,"{""classifier__C"": 0.1, ""classifier__class_weight"": ""balanced""}",0.5479166666666666,0.49,False
P07,valence,2,5,93,23,24,92,logreg,hjorth,all_channels,8,primary,16,2,"{""classifier__C"": 0.01, ""classifier__class_weight"": ""balanced""}",0.6302696078431372,0.43154761904761907,False
P07,valence,2,5,93,23,24,92,logreg,hjorth,all_channels,8,primary,16,3,"{""classifier__C"": 0.01, ""classifier__class_weight"": null}",0.4818627450980392,0.45535714285714285,False
P07,valence,2,5,93,23,24,92,svm,hjorth,all_channels,8,primary,16,1,"{""classifier__C"": 1, ""classifier__class_weight"": ""balanced"", ""classifier__kernel"": ""linear""}",0.6020833333333333,0.5,False
P07,valence,2,5,93,23,24,92,svm,hjorth,all_channels,8,primary,16,2,"{""classifier__C"": 10, ""classifier__class_weight"": ""balanced"", ""classifier__gamma"": 0.01, ""classifier__kernel"": ""rbf""}",0.6189950980392157,0.5,False
P07,valence,2,5,93,23,24,92,svm,hjorth,all_channels,8,primary,16,3,"{""classifier__C"": 10, ""classifier__class_weight"": null, ""classifier__kernel"": ""linear""}",0.5229166666666667,0.5,False
P07,valence,2,5,93,23,24,92,gnb,hjorth,all_channels,8,primary,16,1,"{""classifier__var_smoothing"": 1e-11}",0.4583333333333333,0.5433333333333333,False
P07,valence,2,5,93,23,24,92,gnb,hjorth,all_channels,8,primary,16,2,"{""classifier__var_smoothing"": 1e-11}",0.5063725490196078,0.3541666666666667,False
P07,valence,2,5,93,23,24,92,gnb,hjorth,all_channels,8,primary,16,3,"{""classifier__var_smoothing"": 1e-11}",0.4491421568627451,0.5476190476190476,False
P07,valence,2,5,93,23,24,92,logreg,hjorth,all_channels,10,primary,16,1,"{""classifier__C"": 1, ""classifier__class_weight"": ""balanced""}",0.525,0.55,False
P07,valence,2,5,93,23,24,92,logreg,hjorth,all_channels,10,primary,16,2,"{""classifier__C"": 0.01, ""classifier__class_weight"": ""balanced""}",0.6073529411764707,0.49404761904761907,False
P07,valence,2,5,93,23,24,92,logreg,hjorth,all_channels,10,primary,16,3,"{""classifier__C"": 0.01, ""classifier__class_weight"": null}",0.525,0.45535714285714285,False
P07,valence,2,5,93,23,24,92,svm,hjorth,all_channels,10,primary,16,1,"{""classifier__C"": 10, ""classifier__class_weight"": ""balanced"", ""classifier__gamma"": 0.001, ""classifier__kernel"": ""rbf""}",0.59375,0.5,False
P07,valence,2,5,93,23,24,92,svm,hjorth,all_channels,10,primary,16,2,"{""classifier__C"": 10, ""classifier__class_weight"": ""balanced"", ""classifier__gamma"": 0.001, ""classifier__kernel"": ""rbf""}",0.6017156862745098,0.5,False
P07,valence,2,5,93,23,24,92,svm,hjorth,all_channels,10,primary,16,3,"{""classifier__C"": 10, ""classifier__class_weight"": ""balanced"", ""classifier__gamma"": 0.001, ""classifier__kernel"": ""rbf""}",0.5409313725490196,0.4583333333333333,False
P07,valence,2,5,93,23,24,92,gnb,hjorth,all_channels,10,primary,16,1,"{""classifier__var_smoothing"": 1e-11}",0.46875,0.5033333333333333,False
P07,valence,2,5,93,23,24,92,gnb,hjorth,all_channels,10,primary,16,2,"{""classifier__var_smoothing"": 1e-11}",0.6424019607843138,0.3541666666666667,False
P07,valence,2,5,93,23,24,92,gnb,hjorth,all_channels,10,primary,16,3,"{""classifier__var_smoothing"": 1e-11}",0.4485294117647059,0.46726190476190477,False
P07,valence,2,5,93,23,24,92,logreg,time_statistical,all_channels,all,primary,8,1,"{""classifier__C"": 0.1, ""classifier__class_weight"": null}",0.5020833333333333,0.5,False
P07,valence,2,5,93,23,24,92,logreg,time_statistical,all_channels,all,primary,8,2,"{""classifier__C"": 0.1, ""classifier__class_weight"": ""balanced""}",0.6251225490196078,0.48511904761904756,False
P07,valence,2,5,93,23,24,92,logreg,time_statistical,all_channels,all,primary,8,3,"{""classifier__C"": 0.01, ""classifier__class_weight"": ""balanced""}",0.5602941176470587,0.4732142857142857,False
P07,valence,2,5,93,23,24,92,svm,time_statistical,all_channels,all,primary,8,1,"{""classifier__C"": 10, ""classifier__class_weight"": ""balanced"", ""classifier__kernel"": ""linear""}",0.5708333333333333,0.48,False
P07,valence,2,5,93,23,24,92,svm,time_statistical,all_channels,all,primary,8,2,"{""classifier__C"": 10, ""classifier__class_weight"": ""balanced"", ""classifier__gamma"": 0.001, ""classifier__kernel"": ""rbf""}",0.6017156862745098,0.5,False
P07,valence,2,5,93,23,24,92,svm,time_statistical,all_channels,all,primary,8,3,"{""classifier__C"": 10, ""classifier__class_weight"": ""balanced"", ""classifier__kernel"": ""linear""}",0.5102941176470588,0.5,False
P07,valence,2,5,93,23,24,92,gnb,time_statistical,all_channels,all,primary,8,1,"{""classifier__var_smoothing"": 1e-11}",0.5145833333333333,0.4066666666666666,False
P07,valence,2,5,93,23,24,92,gnb,time_statistical,all_channels,all,primary,8,2,"{""classifier__var_smoothing"": 1e-11}",0.4438725490196078,0.5476190476190476,False
P07,valence,2,5,93,23,24,92,gnb,time_statistical,all_channels,all,primary,8,3,"{""classifier__var_smoothing"": 1e-11}",0.4230392156862745,0.5982142857142857,False
P07,valence,2,5,93,23,24,92,logreg,paper_compact,all_channels,8,secondary,64,1,"{""classifier__C"": 0.01, ""classifier__class_weight"": ""balanced""}",0.50625,0.44666666666666666,False
P07,valence,2,5,93,23,24,92,logreg,paper_compact,all_channels,8,secondary,64,2,"{""classifier__C"": 0.1, ""classifier__class_weight"": ""balanced""}",0.5963235294117647,0.49404761904761907,False
P07,valence,2,5,93,23,24,92,logreg,paper_compact,all_channels,8,secondary,64,3,"{""classifier__C"": 0.1, ""classifier__class_weight"": ""balanced""}",0.46617647058823525,0.5565476190476191,False
P07,valence,2,5,93,23,24,92,svm,paper_compact,all_channels,8,secondary,64,1,"{""classifier__C"": 10, ""classifier__class_weight"": ""balanced"", ""classifier__gamma"": 0.01, ""classifier__kernel"": ""rbf""}",0.5145833333333333,0.5433333333333333,False
P07,valence,2,5,93,23,24,92,svm,paper_compact,all_channels,8,secondary,64,2,"{""classifier__C"": 1, ""classifier__class_weight"": null, ""classifier__kernel"": ""linear""}",0.5676470588235295,0.5,False
P07,valence,2,5,93,23,24,92,svm,paper_compact,all_channels,8,secondary,64,3,"{""classifier__C"": 1, ""classifier__class_weight"": null, ""classifier__gamma"": 0.001, ""classifier__kernel"": ""rbf""}",0.5,0.5386904761904762,False
P07,valence,2,5,93,23,24,92,gnb,paper_compact,all_channels,8,secondary,64,1,"{""classifier__var_smoothing"": 1e-11}",0.4791666666666667,0.5066666666666667,False
P07,valence,2,5,93,23,24,92,gnb,paper_compact,all_channels,8,secondary,64,2,"{""classifier__var_smoothing"": 1e-11}",0.6634803921568627,0.2916666666666667,False
P07,valence,2,5,93,23,24,92,gnb,paper_compact,all_channels,8,secondary,64,3,"{""classifier__var_smoothing"": 1e-11}",0.5033088235294118,0.4464285714285714,False
P07,valence,2,5,93,23,24,92,logreg,paper_compact,all_channels,10,secondary,64,1,"{""classifier__C"": 0.01, ""classifier__class_weight"": null}",0.48125,0.42333333333333334,False
P07,valence,2,5,93,23,24,92,logreg,paper_compact,all_channels,10,secondary,64,2,"{""classifier__C"": 0.01, ""classifier__class_weight"": ""balanced""}",0.565686274509804,0.4732142857142857,False
P07,valence,2,5,93,23,24,92,logreg,paper_compact,all_channels,10,secondary,64,3,"{""classifier__C"": 0.1, ""classifier__class_weight"": ""balanced""}",0.4438725490196078,0.5565476190476191,False
P07,valence,2,5,93,23,24,92,svm,paper_compact,all_channels,10,secondary,64,1,"{""classifier__C"": 1, ""classifier__class_weight"": null, ""classifier__gamma"": 0.001, ""classifier__kernel"": ""rbf""}",0.5,0.5,False
P07,valence,2,5,93,23,24,92,svm,paper_compact,all_channels,10,secondary,64,2,"{""classifier__C"": 10, ""classifier__class_weight"": ""balanced"", ""classifier__gamma"": 0.01, ""classifier__kernel"": ""rbf""}",0.5917892156862745,0.5,False
P07,valence,2,5,93,23,24,92,svm,paper_compact,all_channels,10,secondary,64,3,"{""classifier__C"": 1, ""classifier__class_weight"": null, ""classifier__gamma"": 0.001, ""classifier__kernel"": ""rbf""}",0.5,0.4583333333333333,False
P07,valence,2,5,93,23,24,92,gnb,paper_compact,all_channels,10,secondary,64,1,"{""classifier__var_smoothing"": 1e-11}",0.4895833333333333,0.4666666666666667,False
P07,valence,2,5,93,23,24,92,gnb,paper_compact,all_channels,10,secondary,64,2,"{""classifier__var_smoothing"": 1e-11}",0.6087009803921569,0.3125,False
P07,valence,2,5,93,23,24,92,gnb,paper_compact,all_channels,10,secondary,64,3,"{""classifier__var_smoothing"": 1e-11}",0.4935049019607843,0.4464285714285714,False
P07,valence,2,5,93,23,24,92,logreg,paper_compact,frontal_central,8,secondary,32,1,"{""classifier__C"": 0.1, ""classifier__class_weight"": ""balanced""}",0.4979166666666666,0.49,False
P07,valence,2,5,93,23,24,92,logreg,paper_compact,frontal_central,8,secondary,32,2,"{""classifier__C"": 1, ""classifier__class_weight"": ""balanced""}",0.6340686274509804,0.48511904761904756,False
P07,valence,2,5,93,23,24,92,logreg,paper_compact,frontal_central,8,secondary,32,3,"{""classifier__C"": 0.01, ""classifier__class_weight"": ""balanced""}",0.4674019607843137,0.6071428571428572,False
P07,valence,2,5,93,23,24,92,svm,paper_compact,frontal_central,8,secondary,32,1,"{""classifier__C"": 1, ""classifier__class_weight"": ""balanced"", ""classifier__gamma"": 0.01, ""classifier__kernel"": ""rbf""}",0.5083333333333333,0.5,False
P07,valence,2,5,93,23,24,92,svm,paper_compact,frontal_central,8,secondary,32,2,"{""classifier__C"": 10, ""classifier__class_weight"": ""balanced"", ""classifier__kernel"": ""linear""}",0.5924019607843137,0.5,False
P07,valence,2,5,93,23,24,92,svm,paper_compact,frontal_central,8,secondary,32,3,"{""classifier__C"": 1, ""classifier__class_weight"": null, ""classifier__gamma"": 0.001, ""classifier__kernel"": ""rbf""}",0.5,0.5,False
P07,valence,2,5,93,23,24,92,gnb,paper_compact,frontal_central,8,secondary,32,1,"{""classifier__var_smoothing"": 1e-11}",0.49374999999999997,0.4633333333333333,False
P07,valence,2,5,93,23,24,92,gnb,paper_compact,frontal_central,8,secondary,32,2,"{""classifier__var_smoothing"": 1e-11}",0.600735294117647,0.46726190476190477,False
P07,valence,2,5,93,23,24,92,gnb,paper_compact,frontal_central,8,secondary,32,3,"{""classifier__var_smoothing"": 1e-11}",0.38786764705882354,0.3958333333333333,False
P07,valence,2,5,93,23,24,92,logreg,paper_compact,frontal_central,10,secondary,32,1,"{""classifier__C"": 0.01, ""classifier__class_weight"": ""balanced""}",0.5083333333333333,0.4066666666666666,False
P07,valence,2,5,93,23,24,92,logreg,paper_compact,frontal_central,10,secondary,32,2,"{""classifier__C"": 0.1, ""classifier__class_weight"": ""balanced""}",0.6386029411764707,0.5565476190476191,False
P07,valence,2,5,93,23,24,92,logreg,paper_compact,frontal_central,10,secondary,32,3,"{""classifier__C"": 0.01, ""classifier__class_weight"": ""balanced""}",0.42487745098039215,0.5357142857142857,False
P07,valence,2,5,93,23,24,92,svm,paper_compact,frontal_central,10,secondary,32,1,"{""classifier__C"": 1, ""classifier__class_weight"": null, ""classifier__kernel"": ""linear""}",0.5041666666666667,0.5,False
P07,valence,2,5,93,23,24,92,svm,paper_compact,frontal_central,10,secondary,32,2,"{""classifier__C"": 1, ""classifier__class_weight"": ""balanced"", ""classifier__gamma"": 0.01, ""classifier__kernel"": ""rbf""}",0.6561274509803922,0.5,False
P07,valence,2,5,93,23,24,92,svm,paper_compact,frontal_central,10,secondary,32,3,"{""classifier__C"": 1, ""classifier__class_weight"": ""balanced"", ""classifier__gamma"": 0.001, ""classifier__kernel"": ""rbf""}",0.5145833333333333,0.5,False
P07,valence,2,5,93,23,24,92,gnb,paper_compact,frontal_central,10,secondary,32,1,"{""classifier__var_smoothing"": 1e-11}",0.4291666666666667,0.42333333333333334,False
P07,valence,2,5,93,23,24,92,gnb,paper_compact,frontal_central,10,secondary,32,2,"{""classifier__var_smoothing"": 1e-11}",0.600735294117647,0.4464285714285714,False
P07,valence,2,5,93,23,24,92,gnb,paper_compact,frontal_central,10,secondary,32,3,"{""classifier__var_smoothing"": 1e-11}",0.39889705882352944,0.375,False
P07,valence,3,5,93,23,24,92,logreg,all_eeg,all_channels,8,primary,120,1,"{""classifier__C"": 0.1, ""classifier__class_weight"": ""balanced""}",0.5013480392156863,0.43,False
P07,valence,3,5,93,23,24,92,logreg,all_eeg,all_channels,8,primary,120,2,"{""classifier__C"": 1, ""classifier__class_weight"": null}",0.48308823529411765,0.4633333333333333,False
P07,valence,3,5,93,23,24,92,logreg,all_eeg,all_channels,8,primary,120,3,"{""classifier__C"": 0.01, ""classifier__class_weight"": ""balanced""}",0.5104166666666666,0.5059523809523809,False
P07,valence,3,5,93,23,24,92,svm,all_eeg,all_channels,8,primary,120,1,"{""classifier__C"": 1, ""classifier__class_weight"": ""balanced"", ""classifier__gamma"": 0.001, ""classifier__kernel"": ""rbf""}",0.5270833333333333,0.5,False
P07,valence,3,5,93,23,24,92,svm,all_eeg,all_channels,8,primary,120,2,"{""classifier__C"": 1, ""classifier__class_weight"": ""balanced"", ""classifier__gamma"": 0.001, ""classifier__kernel"": ""rbf""}",0.5520833333333334,0.5,False
P07,valence,3,5,93,23,24,92,svm,all_eeg,all_channels,8,primary,120,3,"{""classifier__C"": 10, ""classifier__class_weight"": null, ""classifier__kernel"": ""linear""}",0.5140931372549019,0.5,False
P07,valence,3,5,93,23,24,92,gnb,all_eeg,all_channels,8,primary,120,1,"{""classifier__var_smoothing"": 1e-11}",0.47267156862745097,0.42666666666666664,False
P07,valence,3,5,93,23,24,92,gnb,all_eeg,all_channels,8,primary,120,2,"{""classifier__var_smoothing"": 1e-11}",0.4474264705882353,0.5933333333333333,False
P07,valence,3,5,93,23,24,92,gnb,all_eeg,all_channels,8,primary,120,3,"{""classifier__var_smoothing"": 1e-11}",0.5343137254901961,0.5178571428571428,False
P07,valence,3,5,93,23,24,92,logreg,all_eeg,all_channels,10,primary,120,1,"{""classifier__C"": 0.01, ""classifier__class_weight"": ""balanced""}",0.44987745098039217,0.39,False
P07,valence,3,5,93,23,24,92,logreg,all_eeg,all_channels,10,primary,120,2,"{""classifier__C"": 1, ""classifier__class_weight"": null}",0.49227941176470585,0.48333333333333334,False
P07,valence,3,5,93,23,24,92,logreg,all_eeg,all_channels,10,primary,120,3,"{""classifier__C"": 0.01, ""classifier__class_weight"": ""balanced""}",0.5306372549019608,0.41369047619047616,False
P07,valence,3,5,93,23,24,92,svm,all_eeg,all_channels,10,primary,120,1,"{""classifier__C"": 1, ""classifier__class_weight"": ""balanced"", ""classifier__gamma"": 0.001, ""classifier__kernel"": ""rbf""}",0.5270833333333333,0.5,False
P07,valence,3,5,93,23,24,92,svm,all_eeg,all_channels,10,primary,120,2,"{""classifier__C"": 1, ""classifier__class_weight"": ""balanced"", ""classifier__kernel"": ""linear""}",0.5387254901960784,0.5,False
P07,valence,3,5,93,23,24,92,svm,all_eeg,all_channels,10,primary,120,3,"{""classifier__C"": 10, ""classifier__class_weight"": null, ""classifier__kernel"": ""linear""}",0.5655637254901961,0.5,False
P07,valence,3,5,93,23,24,92,gnb,all_eeg,all_channels,10,primary,120,1,"{""classifier__var_smoothing"": 1e-11}",0.3995098039215686,0.42666666666666664,False
P07,valence,3,5,93,23,24,92,gnb,all_eeg,all_channels,10,primary,120,2,"{""classifier__var_smoothing"": 1e-11}",0.48725490196078436,0.5933333333333333,False
P07,valence,3,5,93,23,24,92,gnb,all_eeg,all_channels,10,primary,120,3,"{""classifier__var_smoothing"": 1e-11}",0.5140931372549019,0.42559523809523814,False
P07,valence,3,5,93,23,24,92,logreg,hjorth,all_channels,8,primary,16,1,"{""classifier__C"": 1, ""classifier__class_weight"": ""balanced""}",0.5227941176470589,0.5933333333333333,False
P07,valence,3,5,93,23,24,92,logreg,hjorth,all_channels,8,primary,16,2,"{""classifier__C"": 0.1, ""classifier__class_weight"": ""balanced""}",0.5224264705882353,0.45,False
P07,valence,3,5,93,23,24,92,logreg,hjorth,all_channels,8,primary,16,3,"{""classifier__C"": 0.01, ""classifier__class_weight"": null}",0.49264705882352944,0.5,False
P07,valence,3,5,93,23,24,92,svm,hjorth,all_channels,8,primary,16,1,"{""classifier__C"": 1, ""classifier__class_weight"": ""balanced"", ""classifier__gamma"": 0.001, ""classifier__kernel"": ""rbf""}",0.525,0.5,False
P07,valence,3,5,93,23,24,92,svm,hjorth,all_channels,8,primary,16,2,"{""classifier__C"": 1, ""classifier__class_weight"": ""balanced"", ""classifier__gamma"": 0.001, ""classifier__kernel"": ""rbf""}",0.5208333333333334,0.5,False
P07,valence,3,5,93,23,24,92,svm,hjorth,all_channels,8,primary,16,3,"{""classifier__C"": 10, ""classifier__class_weight"": null, ""classifier__gamma"": 0.01, ""classifier__kernel"": ""rbf""}",0.5122549019607843,0.5,False
P07,valence,3,5,93,23,24,92,gnb,hjorth,all_channels,8,primary,16,1,"{""classifier__var_smoothing"": 1e-11}",0.49742647058823525,0.4433333333333333,False
P07,valence,3,5,93,23,24,92,gnb,hjorth,all_channels,8,primary,16,2,"{""classifier__var_smoothing"": 1e-11}",0.4866421568627451,0.5466666666666666,False
P07,valence,3,5,93,23,24,92,gnb,hjorth,all_channels,8,primary,16,3,"{""classifier__var_smoothing"": 1e-11}",0.48161764705882354,0.4375,False
P07,valence,3,5,93,23,24,92,logreg,hjorth,all_channels,10,primary,16,1,"{""classifier__C"": 1, ""classifier__class_weight"": ""balanced""}",0.5644607843137255,0.5733333333333333,False
P07,valence,3,5,93,23,24,92,logreg,hjorth,all_channels,10,primary,16,2,"{""classifier__C"": 0.01, ""classifier__class_weight"": null}",0.5235294117647059,0.5666666666666667,False
P07,valence,3,5,93,23,24,92,logreg,hjorth,all_channels,10,primary,16,3,"{""classifier__C"": 0.01, ""classifier__class_weight"": null}",0.48284313725490197,0.5,False
P07,valence,3,5,93,23,24,92,svm,hjorth,all_channels,10,primary,16,1,"{""classifier__C"": 10, ""classifier__class_weight"": ""balanced"", ""classifier__kernel"": ""linear""}",0.5522058823529412,0.5,False
P07,valence,3,5,93,23,24,92,svm,hjorth,all_channels,10,primary,16,2,"{""classifier__C"": 1, ""classifier__class_weight"": ""balanced"", ""classifier__gamma"": 0.001, ""classifier__kernel"": ""rbf""}",0.5208333333333334,0.5,False
P07,valence,3,5,93,23,24,92,svm,hjorth,all_channels,10,primary,16,3,"{""classifier__C"": 10, ""classifier__class_weight"": null, ""classifier__gamma"": 0.01, ""classifier__kernel"": ""rbf""}",0.5024509803921569,0.5,False
P07,valence,3,5,93,23,24,92,gnb,hjorth,all_channels,10,primary,16,1,"{""classifier__var_smoothing"": 1e-11}",0.4968137254901961,0.42333333333333334,True
P07,valence,3,5,93,23,24,92,gnb,hjorth,all_channels,10,primary,16,2,"{""classifier__var_smoothing"": 1e-11}",0.45183823529411765,0.5466666666666666,True
P07,valence,3,5,93,23,24,92,gnb,hjorth,all_channels,10,primary,16,3,"{""classifier__var_smoothing"": 1e-11}",0.39889705882352944,0.7232142857142857,True
P07,valence,3,5,93,23,24,92,logreg,time_statistical,all_channels,all,primary,8,1,"{""classifier__C"": 1, ""classifier__class_weight"": ""balanced""}",0.5001225490196078,0.55,False
P07,valence,3,5,93,23,24,92,logreg,time_statistical,all_channels,all,primary,8,2,"{""classifier__C"": 0.1, ""classifier__class_weight"": null}",0.5,0.48,False
P07,valence,3,5,93,23,24,92,logreg,time_statistical,all_channels,all,primary,8,3,"{""classifier__C"": 1, ""classifier__class_weight"": ""balanced""}",0.4987745098039216,0.2589285714285714,False
P07,valence,3,5,93,23,24,92,svm,time_statistical,all_channels,all,primary,8,1,"{""classifier__C"": 1, ""classifier__class_weight"": ""balanced"", ""classifier__gamma"": 0.01, ""classifier__kernel"": ""rbf""}",0.5604166666666667,0.5,False
P07,valence,3,5,93,23,24,92,svm,time_statistical,all_channels,all,primary,8,2,"{""classifier__C"": 1, ""classifier__class_weight"": ""balanced"", ""classifier__gamma"": 0.001, ""classifier__kernel"": ""rbf""}",0.5083333333333333,0.5,False
P07,valence,3,5,93,23,24,92,svm,time_statistical,all_channels,all,primary,8,3,"{""classifier__C"": 10, ""classifier__class_weight"": ""balanced"", ""classifier__kernel"": ""linear""}",0.5477941176470588,0.5,False
P07,valence,3,5,93,23,24,92,gnb,time_statistical,all_channels,all,primary,8,1,"{""classifier__var_smoothing"": 1e-11}",0.45931372549019606,0.3233333333333333,False
P07,valence,3,5,93,23,24,92,gnb,time_statistical,all_channels,all,primary,8,2,"{""classifier__var_smoothing"": 1e-11}",0.43321078431372545,0.53,False
P07,valence,3,5,93,23,24,92,gnb,time_statistical,all_channels,all,primary,8,3,"{""classifier__var_smoothing"": 1e-11}",0.40686274509803927,0.37202380952380953,False
P07,valence,3,5,93,23,24,92,logreg,paper_compact,all_channels,8,secondary,64,1,"{""classifier__C"": 0.01, ""classifier__class_weight"": null}",0.48823529411764705,0.26,False
P07,valence,3,5,93,23,24,92,logreg,paper_compact,all_channels,8,secondary,64,2,"{""classifier__C"": 1, ""classifier__class_weight"": null}",0.47144607843137254,0.6066666666666667,False
P07,valence,3,5,93,23,24,92,logreg,paper_compact,all_channels,8,secondary,64,3,"{""classifier__C"": 1, ""classifier__class_weight"": null}",0.42034313725490197,0.5,False
P07,valence,3,5,93,23,24,92,svm,paper_compact,all_channels,8,secondary,64,1,"{""classifier__C"": 1, ""classifier__class_weight"": ""balanced"", ""classifier__gamma"": 0.001, ""classifier__kernel"": ""rbf""}",0.5291666666666667,0.5,False
P07,valence,3,5,93,23,24,92,svm,paper_compact,all_channels,8,secondary,64,2,"{""classifier__C"": 1, ""classifier__class_weight"": null, ""classifier__gamma"": 0.001, ""classifier__kernel"": ""rbf""}",0.5,0.5,False
P07,valence,3,5,93,23,24,92,svm,paper_compact,all_channels,8,secondary,64,3,"{""classifier__C"": 1, ""classifier__class_weight"": null, ""classifier__gamma"": 0.001, ""classifier__kernel"": ""rbf""}",0.5,0.5,False
P07,valence,3,5,93,23,24,92,gnb,paper_compact,all_channels,8,secondary,64,1,"{""classifier__var_smoothing"": 1e-11}",0.40012254901960786,0.24,False
P07,valence,3,5,93,23,24,92,gnb,paper_compact,all_channels,8,secondary,64,2,"{""classifier__var_smoothing"": 1e-11}",0.46642156862745104,0.53,False
P07,valence,3,5,93,23,24,92,gnb,paper_compact,all_channels,8,secondary,64,3,"{""classifier__var_smoothing"": 1e-11}",0.4215686274509804,0.41369047619047616,False
P07,valence,3,5,93,23,24,92,logreg,paper_compact,all_channels,10,secondary,64,1,"{""classifier__C"": 0.01, ""classifier__class_weight"": null}",0.43468137254901956,0.22,False
P07,valence,3,5,93,23,24,92,logreg,paper_compact,all_channels,10,secondary,64,2,"{""classifier__C"": 0.1, ""classifier__class_weight"": null}",0.5033088235294118,0.6266666666666667,False
P07,valence,3,5,93,23,24,92,logreg,paper_compact,all_channels,10,secondary,64,3,"{""classifier__C"": 1, ""classifier__class_weight"": null}",0.42953431372549017,0.5,False
P07,valence,3,5,93,23,24,92,svm,paper_compact,all_channels,10,secondary,64,1,"{""classifier__C"": 1, ""classifier__class_weight"": ""balanced"", ""classifier__gamma"": 0.001, ""classifier__kernel"": ""rbf""}",0.5291666666666667,0.5,False
P07,valence,3,5,93,23,24,92,svm,paper_compact,all_channels,10,secondary,64,2,"{""classifier__C"": 1, ""classifier__class_weight"": ""balanced"", ""classifier__kernel"": ""linear""}",0.528921568627451,0.48,False
P07,valence,3,5,93,23,24,92,svm,paper_compact,all_channels,10,secondary,64,3,"{""classifier__C"": 1, ""classifier__class_weight"": null, ""classifier__gamma"": 0.001, ""classifier__kernel"": ""rbf""}",0.5,0.5,False
P07,valence,3,5,93,23,24,92,gnb,paper_compact,all_channels,10,secondary,64,1,"{""classifier__var_smoothing"": 1e-11}",0.44509803921568625,0.24,False
P07,valence,3,5,93,23,24,92,gnb,paper_compact,all_channels,10,secondary,64,2,"{""classifier__var_smoothing"": 1e-11}",0.4462009803921569,0.53,False
P07,valence,3,5,93,23,24,92,gnb,paper_compact,all_channels,10,secondary,64,3,"{""classifier__var_smoothing"": 1e-11}",0.431985294117647,0.5476190476190476,False
P07,valence,3,5,93,23,24,92,logreg,paper_compact,frontal_central,8,secondary,32,1,"{""classifier__C"": 0.01, ""classifier__class_weight"": null}",0.48161764705882354,0.44,False
P07,valence,3,5,93,23,24,92,logreg,paper_compact,frontal_central,8,secondary,32,2,"{""classifier__C"": 0.1, ""classifier__class_weight"": ""balanced""}",0.5557598039215687,0.4933333333333333,False
P07,valence,3,5,93,23,24,92,logreg,paper_compact,frontal_central,8,secondary,32,3,"{""classifier__C"": 0.1, ""classifier__class_weight"": null}",0.48223039215686275,0.5,False
P07,valence,3,5,93,23,24,92,svm,paper_compact,frontal_central,8,secondary,32,1,"{""classifier__C"": 1, ""classifier__class_weight"": null, ""classifier__gamma"": 0.001, ""classifier__kernel"": ""rbf""}",0.5,0.5,False
P07,valence,3,5,93,23,24,92,svm,paper_compact,frontal_central,8,secondary,32,2,"{""classifier__C"": 1, ""classifier__class_weight"": ""balanced"", ""classifier__gamma"": 0.001, ""classifier__kernel"": ""rbf""}",0.5416666666666666,0.5,False
P07,valence,3,5,93,23,24,92,svm,paper_compact,frontal_central,8,secondary,32,3,"{""classifier__C"": 1, ""classifier__class_weight"": null, ""classifier__gamma"": 0.001, ""classifier__kernel"": ""rbf""}",0.5,0.5,False
P07,valence,3,5,93,23,24,92,gnb,paper_compact,frontal_central,8,secondary,32,1,"{""classifier__var_smoothing"": 1e-11}",0.49142156862745096,0.4433333333333333,False
P07,valence,3,5,93,23,24,92,gnb,paper_compact,frontal_central,8,secondary,32,2,"{""classifier__var_smoothing"": 1e-11}",0.5087009803921568,0.43,False
P07,valence,3,5,93,23,24,92,gnb,paper_compact,frontal_central,8,secondary,32,3,"{""classifier__var_smoothing"": 1e-11}",0.3713235294117647,0.42559523809523814,False
P07,valence,3,5,93,23,24,92,logreg,paper_compact,frontal_central,10,secondary,32,1,"{""classifier__C"": 0.01, ""classifier__class_weight"": null}",0.48161764705882354,0.44,False
P07,valence,3,5,93,23,24,92,logreg,paper_compact,frontal_central,10,secondary,32,2,"{""classifier__C"": 0.1, ""classifier__class_weight"": ""balanced""}",0.5257352941176471,0.47333333333333333,False
P07,valence,3,5,93,23,24,92,logreg,paper_compact,frontal_central,10,secondary,32,3,"{""classifier__C"": 0.1, ""classifier__class_weight"": null}",0.4405637254901961,0.4791666666666667,False
P07,valence,3,5,93,23,24,92,svm,paper_compact,frontal_central,10,secondary,32,1,"{""classifier__C"": 1, ""classifier__class_weight"": null, ""classifier__gamma"": 0.001, ""classifier__kernel"": ""rbf""}",0.5,0.5,False
P07,valence,3,5,93,23,24,92,svm,paper_compact,frontal_central,10,secondary,32,2,"{""classifier__C"": 1, ""classifier__class_weight"": ""balanced"", ""classifier__kernel"": ""linear""}",0.5316176470588235,0.5,False
P07,valence,3,5,93,23,24,92,svm,paper_compact,frontal_central,10,secondary,32,3,"{""classifier__C"": 1, ""classifier__class_weight"": null, ""classifier__gamma"": 0.001, ""classifier__kernel"": ""rbf""}",0.5,0.5,False
P07,valence,3,5,93,23,24,92,gnb,paper_compact,frontal_central,10,secondary,32,1,"{""classifier__var_smoothing"": 1e-11}",0.45098039215686275,0.48333333333333334,False
P07,valence,3,5,93,23,24,92,gnb,paper_compact,frontal_central,10,secondary,32,2,"{""classifier__var_smoothing"": 1e-11}",0.4411764705882353,0.4933333333333333,False
P07,valence,3,5,93,23,24,92,gnb,paper_compact,frontal_central,10,secondary,32,3,"{""classifier__var_smoothing"": 1e-11}",0.32965686274509803,0.3333333333333333,False
P07,valence,4,5,93,23,24,92,logreg,all_eeg,all_channels,8,primary,120,1,"{""classifier__C"": 1, ""classifier__class_weight"": ""balanced""}",0.4932598039215686,0.3233333333333333,False
P07,valence,4,5,93,23,24,92,logreg,all_eeg,all_channels,8,primary,120,2,"{""classifier__C"": 0.1, ""classifier__class_weight"": ""balanced""}",0.4965686274509804,0.44666666666666666,False
P07,valence,4,5,93,23,24,92,logreg,all_eeg,all_channels,8,primary,120,3,"{""classifier__C"": 1, ""classifier__class_weight"": ""balanced""}",0.46629901960784315,0.46726190476190477,False
P07,valence,4,5,93,23,24,92,svm,all_eeg,all_channels,8,primary,120,1,"{""classifier__C"": 1, ""classifier__class_weight"": null, ""classifier__kernel"": ""linear""}",0.5006127450980392,0.5,False
P07,valence,4,5,93,23,24,92,svm,all_eeg,all_channels,8,primary,120,2,"{""classifier__C"": 10, ""classifier__class_weight"": null, ""classifier__kernel"": ""linear""}",0.5006127450980392,0.5,False
P07,valence,4,5,93,23,24,92,svm,all_eeg,all_channels,8,primary,120,3,"{""classifier__C"": 1, ""classifier__class_weight"": ""balanced"", ""classifier__kernel"": ""linear""}",0.5067401960784313,0.5,False
P07,valence,4,5,93,23,24,92,gnb,all_eeg,all_channels,8,primary,120,1,"{""classifier__var_smoothing"": 1e-11}",0.4705882352941176,0.32,False
P07,valence,4,5,93,23,24,92,gnb,all_eeg,all_channels,8,primary,120,2,"{""classifier__var_smoothing"": 1e-11}",0.3995098039215686,0.42333333333333334,False
P07,valence,4,5,93,23,24,92,gnb,all_eeg,all_channels,8,primary,120,3,"{""classifier__var_smoothing"": 1e-11}",0.400735294117647,0.4375,False
P07,valence,4,5,93,23,24,92,logreg,all_eeg,all_channels,10,primary,120,1,"{""classifier__C"": 0.01, ""classifier__class_weight"": null}",0.46078431372549017,0.5033333333333333,False
P07,valence,4,5,93,23,24,92,logreg,all_eeg,all_channels,10,primary,120,2,"{""classifier__C"": 0.01, ""classifier__class_weight"": ""balanced""}",0.5096813725490196,0.38666666666666666,False
P07,valence,4,5,93,23,24,92,logreg,all_eeg,all_channels,10,primary,120,3,"{""classifier__C"": 1, ""classifier__class_weight"": ""balanced""}",0.45588235294117646,0.375,False
P07,valence,4,5,93,23,24,92,svm,all_eeg,all_channels,10,primary,120,1,"{""classifier__C"": 1, ""classifier__class_weight"": null, ""classifier__gamma"": 0.001, ""classifier__kernel"": ""rbf""}",0.5,0.5,False
P07,valence,4,5,93,23,24,92,svm,all_eeg,all_channels,10,primary,120,2,"{""classifier__C"": 10, ""classifier__class_weight"": null, ""classifier__kernel"": ""linear""}",0.5051470588235294,0.5,False
P07,valence,4,5,93,23,24,92,svm,all_eeg,all_channels,10,primary,120,3,"{""classifier__C"": 1, ""classifier__class_weight"": null, ""classifier__gamma"": 0.001, ""classifier__kernel"": ""rbf""}",0.5,0.5,False
P07,valence,4,5,93,23,24,92,gnb,all_eeg,all_channels,10,primary,120,1,"{""classifier__var_smoothing"": 1e-11}",0.4705882352941176,0.42333333333333334,False
P07,valence,4,5,93,23,24,92,gnb,all_eeg,all_channels,10,primary,120,2,"{""classifier__var_smoothing"": 1e-11}",0.4307598039215686,0.4433333333333333,False
P07,valence,4,5,93,23,24,92,gnb,all_eeg,all_channels,10,primary,120,3,"{""classifier__var_smoothing"": 1e-11}",0.400735294117647,0.4375,False
P07,valence,4,5,93,23,24,92,logreg,hjorth,all_channels,8,primary,16,1,"{""classifier__C"": 0.1, ""classifier__class_weight"": ""balanced""}",0.5313725490196078,0.49,False
P07,valence,4,5,93,23,24,92,logreg,hjorth,all_channels,8,primary,16,2,"{""classifier__C"": 1, ""classifier__class_weight"": ""balanced""}",0.5007352941176471,0.4666666666666667,False
P07,valence,4,5,93,23,24,92,logreg,hjorth,all_channels,8,primary,16,3,"{""classifier__C"": 0.1, ""classifier__class_weight"": null}",0.46017156862745096,0.5,False
P07,valence,4,5,93,23,24,92,svm,hjorth,all_channels,8,primary,16,1,"{""classifier__C"": 1, ""classifier__class_weight"": null, ""classifier__gamma"": 0.001, ""classifier__kernel"": ""rbf""}",0.5,0.5,False
P07,valence,4,5,93,23,24,92,svm,hjorth,all_channels,8,primary,16,2,"{""classifier__C"": 10, ""classifier__class_weight"": ""balanced"", ""classifier__kernel"": ""linear""}",0.5822303921568628,0.5,False
P07,valence,4,5,93,23,24,92,svm,hjorth,all_channels,8,primary,16,3,"{""classifier__C"": 1, ""classifier__class_weight"": null, ""classifier__gamma"": 0.001, ""classifier__kernel"": ""rbf""}",0.5,0.5,False
P07,valence,4,5,93,23,24,92,gnb,hjorth,all_channels,8,primary,16,1,"{""classifier__var_smoothing"": 1e-11}",0.40036764705882355,0.5433333333333333,False
P07,valence,4,5,93,23,24,92,gnb,hjorth,all_channels,8,primary,16,2,"{""classifier__var_smoothing"": 1e-11}",0.5345588235294118,0.3,False
P07,valence,4,5,93,23,24,92,gnb,hjorth,all_channels,8,primary,16,3,"{""classifier__var_smoothing"": 1e-11}",0.42340686274509803,0.5386904761904762,False
P07,valence,4,5,93,23,24,92,logreg,hjorth,all_channels,10,primary,16,1,"{""classifier__C"": 0.01, ""classifier__class_weight"": ""balanced""}",0.48762254901960783,0.47,False
P07,valence,4,5,93,23,24,92,logreg,hjorth,all_channels,10,primary,16,2,"{""classifier__C"": 1, ""classifier__class_weight"": null}",0.547671568627451,0.5233333333333333,False
P07,valence,4,5,93,23,24,92,logreg,hjorth,all_channels,10,primary,16,3,"{""classifier__C"": 1, ""classifier__class_weight"": null}",0.4724264705882353,0.5,False
P07,valence,4,5,93,23,24,92,svm,hjorth,all_channels,10,primary,16,1,"{""classifier__C"": 10, ""classifier__class_weight"": ""balanced"", ""classifier__gamma"": 0.001, ""classifier__kernel"": ""rbf""}",0.5120098039215687,0.5,False
P07,valence,4,5,93,23,24,92,svm,hjorth,all_channels,10,primary,16,2,"{""classifier__C"": 10, ""classifier__class_weight"": ""balanced"", ""classifier__kernel"": ""linear""}",0.5724264705882353,0.5,False
P07,valence,4,5,93,23,24,92,svm,hjorth,all_channels,10,primary,16,3,"{""classifier__C"": 1, ""classifier__class_weight"": null, ""classifier__gamma"": 0.001, ""classifier__kernel"": ""rbf""}",0.5,0.5,False
P07,valence,4,5,93,23,24,92,gnb,hjorth,all_channels,10,primary,16,1,"{""classifier__var_smoothing"": 1e-11}",0.42120098039215687,0.6266666666666667,True
P07,valence,4,5,93,23,24,92,gnb,hjorth,all_channels,10,primary,16,2,"{""classifier__var_smoothing"": 1e-11}",0.5455882352941176,0.3,True
P07,valence,4,5,93,23,24,92,gnb,hjorth,all_channels,10,primary,16,3,"{""classifier__var_smoothing"": 1e-11}",0.41421568627450983,0.6815476190476191,True
P07,valence,4,5,93,23,24,92,logreg,time_statistical,all_channels,all,primary,8,1,"{""classifier__C"": 0.01, ""classifier__class_weight"": ""balanced""}",0.5325980392156863,0.3666666666666667,False
P07,valence,4,5,93,23,24,92,logreg,time_statistical,all_channels,all,primary,8,2,"{""classifier__C"": 1, ""classifier__class_weight"": ""balanced""}",0.5926470588235294,0.4066666666666666,False
P07,valence,4,5,93,23,24,92,logreg,time_statistical,all_channels,all,primary,8,3,"{""classifier__C"": 0.1, ""classifier__class_weight"": null}",0.5,0.5,False
P07,valence,4,5,93,23,24,92,svm,time_statistical,all_channels,all,primary,8,1,"{""classifier__C"": 1, ""classifier__class_weight"": ""balanced"", ""classifier__gamma"": 0.001, ""classifier__kernel"": ""rbf""}",0.53125,0.5,False
P07,valence,4,5,93,23,24,92,svm,time_statistical,all_channels,all,primary,8,2,"{""classifier__C"": 10, ""classifier__class_weight"": ""balanced"", ""classifier__kernel"": ""linear""}",0.5620098039215686,0.5,False
P07,valence,4,5,93,23,24,92,svm,time_statistical,all_channels,all,primary,8,3,"{""classifier__C"": 1, ""classifier__class_weight"": null, ""classifier__kernel"": ""linear""}",0.5,0.5,False
P07,valence,4,5,93,23,24,92,gnb,time_statistical,all_channels,all,primary,8,1,"{""classifier__var_smoothing"": 1e-11}",0.44656862745098036,0.51,False
P07,valence,4,5,93,23,24,92,gnb,time_statistical,all_channels,all,primary,8,2,"{""classifier__var_smoothing"": 1e-11}",0.5226715686274509,0.49,False
P07,valence,4,5,93,23,24,92,gnb,time_statistical,all_channels,all,primary,8,3,"{""classifier__var_smoothing"": 1e-11}",0.352328431372549,0.5267857142857143,False
P07,valence,4,5,93,23,24,92,logreg,paper_compact,all_channels,8,secondary,64,1,"{""classifier__C"": 0.01, ""classifier__class_weight"": null}",0.4797794117647059,0.4,False
P07,valence,4,5,93,23,24,92,logreg,paper_compact,all_channels,8,secondary,64,2,"{""classifier__C"": 0.01, ""classifier__class_weight"": ""balanced""}",0.48823529411764705,0.5733333333333333,False
P07,valence,4,5,93,23,24,92,logreg,paper_compact,all_channels,8,secondary,64,3,"{""classifier__C"": 0.1, ""classifier__class_weight"": ""balanced""}",0.4276960784313726,0.5565476190476191,False
P07,valence,4,5,93,23,24,92,svm,paper_compact,all_channels,8,secondary,64,1,"{""classifier__C"": 1, ""classifier__class_weight"": null, ""classifier__gamma"": 0.001, ""classifier__kernel"": ""rbf""}",0.5,0.5,False
P07,valence,4,5,93,23,24,92,svm,paper_compact,all_channels,8,secondary,64,2,"{""classifier__C"": 1, ""classifier__class_weight"": null, ""classifier__gamma"": 0.001, ""classifier__kernel"": ""rbf""}",0.5,0.5,False
P07,valence,4,5,93,23,24,92,svm,paper_compact,all_channels,8,secondary,64,3,"{""classifier__C"": 1, ""classifier__class_weight"": null, ""classifier__gamma"": 0.001, ""classifier__kernel"": ""rbf""}",0.5,0.5,False
P07,valence,4,5,93,23,24,92,gnb,paper_compact,all_channels,8,secondary,64,1,"{""classifier__var_smoothing"": 1e-11}",0.49142156862745096,0.5066666666666667,False
P07,valence,4,5,93,23,24,92,gnb,paper_compact,all_channels,8,secondary,64,2,"{""classifier__var_smoothing"": 1e-11}",0.34803921568627455,0.5266666666666666,False
P07,valence,4,5,93,23,24,92,gnb,paper_compact,all_channels,8,secondary,64,3,"{""classifier__var_smoothing"": 1e-11}",0.4754901960784314,0.5386904761904762,False
P07,valence,4,5,93,23,24,92,logreg,paper_compact,all_channels,10,secondary,64,1,"{""classifier__C"": 1, ""classifier__class_weight"": null}",0.5333333333333333,0.44,False
P07,valence,4,5,93,23,24,92,logreg,paper_compact,all_channels,10,secondary,64,2,"{""classifier__C"": 0.01, ""classifier__class_weight"": ""balanced""}",0.5613970588235294,0.5533333333333333,False
P07,valence,4,5,93,23,24,92,logreg,paper_compact,all_channels,10,secondary,64,3,"{""classifier__C"": 0.01, ""classifier__class_weight"": null}",0.41421568627450983,0.4375,False
P07,valence,4,5,93,23,24,92,svm,paper_compact,all_channels,10,secondary,64,1,"{""classifier__C"": 10, ""classifier__class_weight"": null, ""classifier__kernel"": ""linear""}",0.5020833333333333,0.5,False
P07,valence,4,5,93,23,24,92,svm,paper_compact,all_channels,10,secondary,64,2,"{""classifier__C"": 1, ""classifier__class_weight"": null, ""classifier__gamma"": 0.001, ""classifier__kernel"": ""rbf""}",0.5,0.5,False
P07,valence,4,5,93,23,24,92,svm,paper_compact,all_channels,10,secondary,64,3,"{""classifier__C"": 1, ""classifier__class_weight"": null, ""classifier__gamma"": 0.001, ""classifier__kernel"": ""rbf""}",0.5,0.5,False
P07,valence,4,5,93,23,24,92,gnb,paper_compact,all_channels,10,secondary,64,1,"{""classifier__var_smoothing"": 1e-11}",0.48161764705882354,0.5066666666666667,False
P07,valence,4,5,93,23,24,92,gnb,paper_compact,all_channels,10,secondary,64,2,"{""classifier__var_smoothing"": 1e-11}",0.37745098039215685,0.42666666666666664,False
P07,valence,4,5,93,23,24,92,gnb,paper_compact,all_channels,10,secondary,64,3,"{""classifier__var_smoothing"": 1e-11}",0.3817401960784314,0.6309523809523809,False
P07,valence,4,5,93,23,24,92,logreg,paper_compact,frontal_central,8,secondary,32,1,"{""classifier__C"": 1, ""classifier__class_weight"": null}",0.4791666666666667,0.42,False
P07,valence,4,5,93,23,24,92,logreg,paper_compact,frontal_central,8,secondary,32,2,"{""classifier__C"": 1, ""classifier__class_weight"": ""balanced""}",0.6253676470588235,0.55,False
P07,valence,4,5,93,23,24,92,logreg,paper_compact,frontal_central,8,secondary,32,3,"{""classifier__C"": 0.1, ""classifier__class_weight"": null}",0.4215686274509804,0.4583333333333333,False
P07,valence,4,5,93,23,24,92,svm,paper_compact,frontal_central,8,secondary,32,1,"{""classifier__C"": 1, ""classifier__class_weight"": null, ""classifier__gamma"": 0.001, ""classifier__kernel"": ""rbf""}",0.5,0.5,False
P07,valence,4,5,93,23,24,92,svm,paper_compact,frontal_central,8,secondary,32,2,"{""classifier__C"": 1, ""classifier__class_weight"": ""balanced"", ""classifier__kernel"": ""linear""}",0.6351715686274509,0.48,False
P07,valence,4,5,93,23,24,92,svm,paper_compact,frontal_central,8,secondary,32,3,"{""classifier__C"": 1, ""classifier__class_weight"": null, ""classifier__gamma"": 0.001, ""classifier__kernel"": ""rbf""}",0.5,0.5,False
P07,valence,4,5,93,23,24,92,gnb,paper_compact,frontal_central,8,secondary,32,1,"{""classifier__var_smoothing"": 1e-11}",0.48161764705882354,0.5066666666666667,False
P07,valence,4,5,93,23,24,92,gnb,paper_compact,frontal_central,8,secondary,32,2,"{""classifier__var_smoothing"": 1e-11}",0.5384803921568627,0.3833333333333333,False
P07,valence,4,5,93,23,24,92,gnb,paper_compact,frontal_central,8,secondary,32,3,"{""classifier__var_smoothing"": 1e-11}",0.4834558823529412,0.48809523809523814,False
P07,valence,4,5,93,23,24,92,logreg,paper_compact,frontal_central,10,secondary,32,1,"{""classifier__C"": 1, ""classifier__class_weight"": null}",0.46875,0.42,False
P07,valence,4,5,93,23,24,92,logreg,paper_compact,frontal_central,10,secondary,32,2,"{""classifier__C"": 1, ""classifier__class_weight"": ""balanced""}",0.6247549019607843,0.4433333333333333,False
P07,valence,4,5,93,23,24,92,logreg,paper_compact,frontal_central,10,secondary,32,3,"{""classifier__C"": 0.1, ""classifier__class_weight"": null}",0.4215686274509804,0.4583333333333333,False
P07,valence,4,5,93,23,24,92,svm,paper_compact,frontal_central,10,secondary,32,1,"{""classifier__C"": 1, ""classifier__class_weight"": null, ""classifier__gamma"": 0.001, ""classifier__kernel"": ""rbf""}",0.5,0.5,False
P07,valence,4,5,93,23,24,92,svm,paper_compact,frontal_central,10,secondary,32,2,"{""classifier__C"": 10, ""classifier__class_weight"": ""balanced"", ""classifier__kernel"": ""linear""}",0.6006127450980392,0.5,False
P07,valence,4,5,93,23,24,92,svm,paper_compact,frontal_central,10,secondary,32,3,"{""classifier__C"": 1, ""classifier__class_weight"": null, ""classifier__gamma"": 0.001, ""classifier__kernel"": ""rbf""}",0.5,0.5,False
P07,valence,4,5,93,23,24,92,gnb,paper_compact,frontal_central,10,secondary,32,1,"{""classifier__var_smoothing"": 1e-11}",0.46078431372549017,0.5266666666666666,False
P07,valence,4,5,93,23,24,92,gnb,paper_compact,frontal_central,10,secondary,32,2,"{""classifier__var_smoothing"": 1e-11}",0.5247549019607843,0.36333333333333334,False
P07,valence,4,5,93,23,24,92,gnb,paper_compact,frontal_central,10,secondary,32,3,"{""classifier__var_smoothing"": 1e-11}",0.4424019607843137,0.4464285714285714,False
P07,valence,5,5,93,23,24,92,logreg,all_eeg,all_channels,8,primary,120,1,"{""classifier__C"": 0.1, ""classifier__class_weight"": null}",0.38786764705882354,0.48333333333333334,False
P07,valence,5,5,93,23,24,92,logreg,all_eeg,all_channels,8,primary,120,2,"{""classifier__C"": 0.1, ""classifier__class_weight"": ""balanced""}",0.5632352941176471,0.4933333333333333,False
P07,valence,5,5,93,23,24,92,logreg,all_eeg,all_channels,8,primary,120,3,"{""classifier__C"": 1, ""classifier__class_weight"": null}",0.4950980392156863,0.5089285714285714,False
P07,valence,5,5,93,23,24,92,svm,all_eeg,all_channels,8,primary,120,1,"{""classifier__C"": 1, ""classifier__class_weight"": null, ""classifier__gamma"": 0.001, ""classifier__kernel"": ""rbf""}",0.5,0.5,False
P07,valence,5,5,93,23,24,92,svm,all_eeg,all_channels,8,primary,120,2,"{""classifier__C"": 1, ""classifier__class_weight"": ""balanced"", ""classifier__gamma"": 0.01, ""classifier__kernel"": ""rbf""}",0.5834558823529412,0.3833333333333333,False
P07,valence,5,5,93,23,24,92,svm,all_eeg,all_channels,8,primary,120,3,"{""classifier__C"": 10, ""classifier__class_weight"": null, ""classifier__gamma"": 0.01, ""classifier__kernel"": ""rbf""}",0.5447303921568628,0.5,False
P07,valence,5,5,93,23,24,92,gnb,all_eeg,all_channels,8,primary,120,1,"{""classifier__var_smoothing"": 1e-11}",0.31495098039215685,0.48333333333333334,False
P07,valence,5,5,93,23,24,92,gnb,all_eeg,all_channels,8,primary,120,2,"{""classifier__var_smoothing"": 1e-11}",0.4751225490196078,0.3466666666666667,False
P07,valence,5,5,93,23,24,92,gnb,all_eeg,all_channels,8,primary,120,3,"{""classifier__var_smoothing"": 1e-11}",0.5049019607843137,0.40476190476190477,False
P07,valence,5,5,93,23,24,92,logreg,all_eeg,all_channels,10,primary,120,1,"{""classifier__C"": 1, ""classifier__class_weight"": null}",0.38725490196078427,0.4433333333333333,False
P07,valence,5,5,93,23,24,92,logreg,all_eeg,all_channels,10,primary,120,2,"{""classifier__C"": 0.1, ""classifier__class_weight"": ""balanced""}",0.605514705882353,0.4933333333333333,False
P07,valence,5,5,93,23,24,92,logreg,all_eeg,all_channels,10,primary,120,3,"{""classifier__C"": 0.01, ""classifier__class_weight"": ""balanced""}",0.5416666666666666,0.41369047619047616,False
P07,valence,5,5,93,23,24,92,svm,all_eeg,all_channels,10,primary,120,1,"{""classifier__C"": 1, ""classifier__class_weight"": null, ""classifier__gamma"": 0.001, ""classifier__kernel"": ""rbf""}",0.5,0.5,False
P07,valence,5,5,93,23,24,92,svm,all_eeg,all_channels,10,primary,120,2,"{""classifier__C"": 1, ""classifier__class_weight"": ""balanced"", ""classifier__gamma"": 0.01, ""classifier__kernel"": ""rbf""}",0.6238970588235294,0.4033333333333333,False
P07,valence,5,5,93,23,24,92,svm,all_eeg,all_channels,10,primary,120,3,"{""classifier__C"": 1, ""classifier__class_weight"": ""balanced"", ""classifier__kernel"": ""linear""}",0.5508578431372549,0.4791666666666667,False
P07,valence,5,5,93,23,24,92,gnb,all_eeg,all_channels,10,primary,120,1,"{""classifier__var_smoothing"": 1e-11}",0.31495098039215685,0.4433333333333333,False
P07,valence,5,5,93,23,24,92,gnb,all_eeg,all_channels,10,primary,120,2,"{""classifier__var_smoothing"": 1e-11}",0.44325980392156866,0.3466666666666667,False
P07,valence,5,5,93,23,24,92,gnb,all_eeg,all_channels,10,primary,120,3,"{""classifier__var_smoothing"": 1e-11}",0.494485294117647,0.40476190476190477,False
P07,valence,5,5,93,23,24,92,logreg,hjorth,all_channels,8,primary,16,1,"{""classifier__C"": 0.01, ""classifier__class_weight"": null}",0.4895833333333333,0.48,False
P07,valence,5,5,93,23,24,92,logreg,hjorth,all_channels,8,primary,16,2,"{""classifier__C"": 1, ""classifier__class_weight"": ""balanced""}",0.6093137254901961,0.38666666666666666,False
P07,valence,5,5,93,23,24,92,logreg,hjorth,all_channels,8,primary,16,3,"{""classifier__C"": 0.01, ""classifier__class_weight"": ""balanced""}",0.6629901960784313,0.40476190476190477,False
P07,valence,5,5,93,23,24,92,svm,hjorth,all_channels,8,primary,16,1,"{""classifier__C"": 1, ""classifier__class_weight"": null, ""classifier__kernel"": ""linear""}",0.5,0.5,False
P07,valence,5,5,93,23,24,92,svm,hjorth,all_channels,8,primary,16,2,"{""classifier__C"": 10, ""classifier__class_weight"": ""balanced"", ""classifier__gamma"": 0.01, ""classifier__kernel"": ""rbf""}",0.6634803921568627,0.48,False
P07,valence,5,5,93,23,24,92,svm,hjorth,all_channels,8,primary,16,3,"{""classifier__C"": 1, ""classifier__class_weight"": ""balanced"", ""classifier__gamma"": 0.01, ""classifier__kernel"": ""rbf""}",0.6623774509803922,0.5,False
P07,valence,5,5,93,23,24,92,gnb,hjorth,all_channels,8,primary,16,1,"{""classifier__var_smoothing"": 1e-11}",0.40220588235294114,0.4633333333333333,False
P07,valence,5,5,93,23,24,92,gnb,hjorth,all_channels,8,primary,16,2,"{""classifier__var_smoothing"": 1e-11}",0.597671568627451,0.5066666666666667,False
P07,valence,5,5,93,23,24,92,gnb,hjorth,all_channels,8,primary,16,3,"{""classifier__var_smoothing"": 1e-11}",0.6495098039215687,0.5089285714285714,False
P07,valence,5,5,93,23,24,92,logreg,hjorth,all_channels,10,primary,16,1,"{""classifier__C"": 0.01, ""classifier__class_weight"": null}",0.4797794117647059,0.48,False
P07,valence,5,5,93,23,24,92,logreg,hjorth,all_channels,10,primary,16,2,"{""classifier__C"": 0.1, ""classifier__class_weight"": ""balanced""}",0.6099264705882352,0.45,False
P07,valence,5,5,93,23,24,92,logreg,hjorth,all_channels,10,primary,16,3,"{""classifier__C"": 0.01, ""classifier__class_weight"": ""balanced""}",0.7046568627450981,0.40476190476190477,False
P07,valence,5,5,93,23,24,92,svm,hjorth,all_channels,10,primary,16,1,"{""classifier__C"": 1, ""classifier__class_weight"": null, ""classifier__gamma"": 0.001, ""classifier__kernel"": ""rbf""}",0.5,0.5,False
P07,valence,5,5,93,23,24,92,svm,hjorth,all_channels,10,primary,16,2,"{""classifier__C"": 10, ""classifier__class_weight"": ""balanced"", ""classifier__gamma"": 0.01, ""classifier__kernel"": ""rbf""}",0.6212009803921569,0.5,False
P07,valence,5,5,93,23,24,92,svm,hjorth,all_channels,10,primary,16,3,"{""classifier__C"": 1, ""classifier__class_weight"": ""balanced"", ""classifier__gamma"": 0.01, ""classifier__kernel"": ""rbf""}",0.6825980392156863,0.5,False
P07,valence,5,5,93,23,24,92,gnb,hjorth,all_channels,10,primary,16,1,"{""classifier__var_smoothing"": 1e-11}",0.43161764705882355,0.4,False
P07,valence,5,5,93,23,24,92,gnb,hjorth,all_channels,10,primary,16,2,"{""classifier__var_smoothing"": 1e-11}",0.5462009803921569,0.5066666666666667,False
P07,valence,5,5,93,23,24,92,gnb,hjorth,all_channels,10,primary,16,3,"{""classifier__var_smoothing"": 1e-11}",0.6397058823529411,0.5089285714285714,False
P07,valence,5,5,93,23,24,92,logreg,time_statistical,all_channels,all,primary,8,1,"{""classifier__C"": 0.01, ""classifier__class_weight"": null}",0.5,0.5,False
P07,valence,5,5,93,23,24,92,logreg,time_statistical,all_channels,all,primary,8,2,"{""classifier__C"": 0.1, ""classifier__class_weight"": null}",0.5,0.5,False
P07,valence,5,5,93,23,24,92,logreg,time_statistical,all_channels,all,primary,8,3,"{""classifier__C"": 0.01, ""classifier__class_weight"": null}",0.5,0.5,False
P07,valence,5,5,93,23,24,92,svm,time_statistical,all_channels,all,primary,8,1,"{""classifier__C"": 1, ""classifier__class_weight"": null, ""classifier__kernel"": ""linear""}",0.5,0.5,False
P07,valence,5,5,93,23,24,92,svm,time_statistical,all_channels,all,primary,8,2,"{""classifier__C"": 1, ""classifier__class_weight"": null, ""classifier__kernel"": ""linear""}",0.5,0.5,False
P07,valence,5,5,93,23,24,92,svm,time_statistical,all_channels,all,primary,8,3,"{""classifier__C"": 1, ""classifier__class_weight"": ""balanced"", ""classifier__gamma"": 0.001, ""classifier__kernel"": ""rbf""}",0.5367647058823529,0.5,False
P07,valence,5,5,93,23,24,92,gnb,time_statistical,all_channels,all,primary,8,1,"{""classifier__var_smoothing"": 1e-11}",0.4602941176470588,0.3,False
P07,valence,5,5,93,23,24,92,gnb,time_statistical,all_channels,all,primary,8,2,"{""classifier__var_smoothing"": 1e-11}",0.3736519607843138,0.5533333333333333,False
P07,valence,5,5,93,23,24,92,gnb,time_statistical,all_channels,all,primary,8,3,"{""classifier__var_smoothing"": 1e-11}",0.4001225490196078,0.4791666666666667,False
P07,valence,5,5,93,23,24,92,logreg,paper_compact,all_channels,8,secondary,64,1,"{""classifier__C"": 1, ""classifier__class_weight"": null}",0.4797794117647059,0.48333333333333334,False
P07,valence,5,5,93,23,24,92,logreg,paper_compact,all_channels,8,secondary,64,2,"{""classifier__C"": 1, ""classifier__class_weight"": null}",0.5839460784313726,0.4633333333333333,False
P07,valence,5,5,93,23,24,92,logreg,paper_compact,all_channels,8,secondary,64,3,"{""classifier__C"": 0.1, ""classifier__class_weight"": ""balanced""}",0.5196078431372549,0.49702380952380953,False
P07,valence,5,5,93,23,24,92,svm,paper_compact,all_channels,8,secondary,64,1,"{""classifier__C"": 10, ""classifier__class_weight"": null, ""classifier__gamma"": 0.01, ""classifier__kernel"": ""rbf""}",0.511029411764706,0.5,False
P07,valence,5,5,93,23,24,92,svm,paper_compact,all_channels,8,secondary,64,2,"{""classifier__C"": 1, ""classifier__class_weight"": null, ""classifier__kernel"": ""linear""}",0.5750000000000001,0.48,False
P07,valence,5,5,93,23,24,92,svm,paper_compact,all_channels,8,secondary,64,3,"{""classifier__C"": 10, ""classifier__class_weight"": ""balanced"", ""classifier__gamma"": 0.001, ""classifier__kernel"": ""rbf""}",0.5502450980392157,0.5,False
P07,valence,5,5,93,23,24,92,gnb,paper_compact,all_channels,8,secondary,64,1,"{""classifier__var_smoothing"": 1e-11}",0.49289215686274507,0.48333333333333334,False
P07,valence,5,5,93,23,24,92,gnb,paper_compact,all_channels,8,secondary,64,2,"{""classifier__var_smoothing"": 1e-11}",0.5572303921568628,0.3666666666666667,False
P07,valence,5,5,93,23,24,92,gnb,paper_compact,all_channels,8,secondary,64,3,"{""classifier__var_smoothing"": 1e-11}",0.5140931372549019,0.6220238095238095,False
P07,valence,5,5,93,23,24,92,logreg,paper_compact,all_channels,10,secondary,64,1,"{""classifier__C"": 1, ""classifier__class_weight"": null}",0.5339460784313725,0.48333333333333334,False
P07,valence,5,5,93,23,24,92,logreg,paper_compact,all_channels,10,secondary,64,2,"{""classifier__C"": 0.01, ""classifier__class_weight"": ""balanced""}",0.6278186274509804,0.43333333333333335,False
P07,valence,5,5,93,23,24,92,logreg,paper_compact,all_channels,10,secondary,64,3,"{""classifier__C"": 0.01, ""classifier__class_weight"": ""balanced""}",0.5079656862745098,0.5267857142857143,False
P07,valence,5,5,93,23,24,92,svm,paper_compact,all_channels,10,secondary,64,1,"{""classifier__C"": 10, ""classifier__class_weight"": null, ""classifier__gamma"": 0.01, ""classifier__kernel"": ""rbf""}",0.511029411764706,0.5,True
P07,valence,5,5,93,23,24,92,svm,paper_compact,all_channels,10,secondary,64,2,"{""classifier__C"": 1, ""classifier__class_weight"": ""balanced"", ""classifier__gamma"": 0.01, ""classifier__kernel"": ""rbf""}",0.6251225490196078,0.5233333333333333,True
P07,valence,5,5,93,23,24,92,svm,paper_compact,all_channels,10,secondary,64,3,"{""classifier__C"": 1, ""classifier__class_weight"": ""balanced"", ""classifier__gamma"": 0.01, ""classifier__kernel"": ""rbf""}",0.5477941176470589,0.5,True
P07,valence,5,5,93,23,24,92,gnb,paper_compact,all_channels,10,secondary,64,1,"{""classifier__var_smoothing"": 1e-11}",0.4506127450980392,0.4633333333333333,False
P07,valence,5,5,93,23,24,92,gnb,paper_compact,all_channels,10,secondary,64,2,"{""classifier__var_smoothing"": 1e-11}",0.5599264705882353,0.4066666666666666,False
P07,valence,5,5,93,23,24,92,gnb,paper_compact,all_channels,10,secondary,64,3,"{""classifier__var_smoothing"": 1e-11}",0.5655637254901961,0.5297619047619048,False
P07,valence,5,5,93,23,24,92,logreg,paper_compact,frontal_central,8,secondary,32,1,"{""classifier__C"": 1, ""classifier__class_weight"": null}",0.5345588235294118,0.44,False
P07,valence,5,5,93,23,24,92,logreg,paper_compact,frontal_central,8,secondary,32,2,"{""classifier__C"": 0.01, ""classifier__class_weight"": ""balanced""}",0.6343137254901962,0.5366666666666666,False
P07,valence,5,5,93,23,24,92,logreg,paper_compact,frontal_central,8,secondary,32,3,"{""classifier__C"": 1, ""classifier__class_weight"": null}",0.5539215686274509,0.5,False
P07,valence,5,5,93,23,24,92,svm,paper_compact,frontal_central,8,secondary,32,1,"{""classifier__C"": 1, ""classifier__class_weight"": ""balanced"", ""classifier__kernel"": ""linear""}",0.5170343137254901,0.5,False
P07,valence,5,5,93,23,24,92,svm,paper_compact,frontal_central,8,secondary,32,2,"{""classifier__C"": 10, ""classifier__class_weight"": ""balanced"", ""classifier__gamma"": 0.001, ""classifier__kernel"": ""rbf""}",0.6275735294117647,0.5,False
P07,valence,5,5,93,23,24,92,svm,paper_compact,frontal_central,8,secondary,32,3,"{""classifier__C"": 1, ""classifier__class_weight"": null, ""classifier__kernel"": ""linear""}",0.5428921568627451,0.5,False
P07,valence,5,5,93,23,24,92,gnb,paper_compact,frontal_central,8,secondary,32,1,"{""classifier__var_smoothing"": 1e-11}",0.4408088235294117,0.4666666666666667,False
P07,valence,5,5,93,23,24,92,gnb,paper_compact,frontal_central,8,secondary,32,2,"{""classifier__var_smoothing"": 1e-11}",0.5428921568627451,0.47,False
P07,valence,5,5,93,23,24,92,gnb,paper_compact,frontal_central,8,secondary,32,3,"{""classifier__var_smoothing"": 1e-11}",0.5055147058823529,0.4583333333333333,False
P07,valence,5,5,93,23,24,92,logreg,paper_compact,frontal_central,10,secondary,32,1,"{""classifier__C"": 1, ""classifier__class_weight"": ""balanced""}",0.4947303921568627,0.42666666666666664,False
P07,valence,5,5,93,23,24,92,logreg,paper_compact,frontal_central,10,secondary,32,2,"{""classifier__C"": 0.01, ""classifier__class_weight"": ""balanced""}",0.614093137254902,0.5366666666666666,False
P07,valence,5,5,93,23,24,92,logreg,paper_compact,frontal_central,10,secondary,32,3,"{""classifier__C"": 0.01, ""classifier__class_weight"": null}",0.5851715686274509,0.5,False
P07,valence,5,5,93,23,24,92,svm,paper_compact,frontal_central,10,secondary,32,1,"{""classifier__C"": 1, ""classifier__class_weight"": null, ""classifier__gamma"": 0.001, ""classifier__kernel"": ""rbf""}",0.5,0.5,False
P07,valence,5,5,93,23,24,92,svm,paper_compact,frontal_central,10,secondary,32,2,"{""classifier__C"": 10, ""classifier__class_weight"": ""balanced"", ""classifier__gamma"": 0.001, ""classifier__kernel"": ""rbf""}",0.5498774509803921,0.5,False
P07,valence,5,5,93,23,24,92,svm,paper_compact,frontal_central,10,secondary,32,3,"{""classifier__C"": 10, ""classifier__class_weight"": null, ""classifier__gamma"": 0.01, ""classifier__kernel"": ""rbf""}",0.5631127450980392,0.5,False
P07,valence,5,5,93,23,24,92,gnb,paper_compact,frontal_central,10,secondary,32,1,"{""classifier__var_smoothing"": 1e-11}",0.4720588235294117,0.4866666666666667,False
P07,valence,5,5,93,23,24,92,gnb,paper_compact,frontal_central,10,secondary,32,2,"{""classifier__var_smoothing"": 1e-11}",0.5220588235294118,0.47,False
P07,valence,5,5,93,23,24,92,gnb,paper_compact,frontal_central,10,secondary,32,3,"{""classifier__var_smoothing"": 1e-11}",0.5661764705882353,0.4375,False
