mode,participant,target,modality,classifier,feature_count_request,feature_count_resolved,folds,balanced_accuracy_mean,accuracy_mean,macro_precision_mean,macro_recall_mean,macro_f1_mean,recall_low_mean,recall_neutral_mean,recall_high_mean,balanced_accuracy_sd
individual,P19,arousal,multimodal,gnb,5,5,5,0.3734920634920635,0.55,0.4169189313152161,0.3734920634920635,0.364904309686257,0.3142857142857143,0.7561904761904762,0.05,0.10189623165602921
individual,P19,arousal,eeg,gnb,5,5,5,0.37317460317460316,0.5333333333333333,0.4159665503628352,0.37317460317460316,0.3604294071941131,0.35238095238095235,0.7171428571428571,0.05,0.09958088032285888
individual,P19,arousal,multimodal,knn,20,20,5,0.3676190476190476,0.5166666666666666,0.3868915343915344,0.3676190476190476,0.36390014107756047,0.35238095238095235,0.6838095238095238,0.06666666666666667,0.09208127906991971
individual,P19,arousal,eeg,gnb,20,20,5,0.36476190476190473,0.4666666666666666,0.3325611099140511,0.36476190476190473,0.3425381504404493,0.47619047619047616,0.5514285714285714,0.06666666666666667,0.11075566729628968
individual,P19,arousal,eeg,gnb,10,10,5,0.3577777777777777,0.4666666666666666,0.32640941846824195,0.3577777777777777,0.3353194256957698,0.4428571428571429,0.5638095238095238,0.06666666666666667,0.09762614505106135
individual,P19,arousal,eeg,svm,5,5,5,0.3546031746031746,0.5666666666666667,0.3032287157287157,0.3546031746031746,0.3155250961702574,0.13333333333333333,0.8638095238095238,0.06666666666666667,0.0863847965870193
individual,P19,arousal,face,svm,5,5,5,0.35238095238095235,0.525,0.36238095238095236,0.35238095238095235,0.33801966345576895,0.15714285714285708,0.7666666666666667,0.13333333333333333,0.04856209060564557
individual,P19,arousal,eeg,knn,5,5,5,0.3514285714285714,0.55,0.3160192147034252,0.3514285714285714,0.3221079138726197,0.2571428571428571,0.7971428571428572,0.0,0.05406853428378538
individual,P19,arousal,eeg,gnb,all,all,5,0.3482539682539682,0.45833333333333337,0.32719576719576715,0.3482539682539682,0.3351228252377677,0.41428571428571426,0.5638095238095238,0.06666666666666667,0.10826630288617028
individual,P19,arousal,multimodal,gnb,10,10,5,0.3476190476190476,0.4833333333333333,0.31457779693073806,0.3476190476190476,0.32824874945842686,0.34285714285714286,0.6333333333333333,0.06666666666666667,0.1174656798432763
individual,P19,arousal,eeg,knn,20,20,5,0.34666666666666657,0.5333333333333334,0.3061248710010319,0.34666666666666657,0.3223096348096348,0.2857142857142857,0.7542857142857142,0.0,0.07418491329471391
individual,P19,arousal,multimodal,gnb,20,20,5,0.34380952380952384,0.4416666666666666,0.36957190957190955,0.34380952380952384,0.3417564177336473,0.3476190476190476,0.5504761904761905,0.13333333333333333,0.11798787575806563
individual,P19,arousal,face,knn,5,5,5,0.3428571428571428,0.525,0.3187213540386915,0.3428571428571428,0.3243807118807119,0.1952380952380952,0.7666666666666666,0.06666666666666667,0.0503577526324295
individual,P19,arousal,eeg,svm,20,20,5,0.33555555555555555,0.5416666666666667,0.2559290382819794,0.33555555555555555,0.28364507090006175,0.1,0.8400000000000001,0.06666666666666667,0.019876159799998138
individual,P19,arousal,multimodal,svm,all,all,5,0.3352380952380952,0.5166666666666666,0.2564845782237087,0.3352380952380952,0.28481784271257954,0.16666666666666666,0.7723809523809524,0.06666666666666667,0.07646610197876345
individual,P19,arousal,face,gnb,5,5,5,0.3325396825396825,0.5333333333333333,0.2854880256196045,0.3325396825396825,0.301444133208839,0.05714285714285714,0.8238095238095238,0.11666666666666665,0.06685536409096092
individual,P19,arousal,face,knn,10,10,5,0.3314285714285714,0.55,0.33665347298339626,0.3314285714285714,0.3056407559633366,0.15714285714285708,0.8371428571428572,0.0,0.04695837990374757
individual,P19,arousal,face,knn,20,10,5,0.3314285714285714,0.55,0.33665347298339626,0.3314285714285714,0.3056407559633366,0.15714285714285708,0.8371428571428572,0.0,0.04695837990374757
individual,P19,arousal,face,knn,all,all,5,0.3314285714285714,0.55,0.33665347298339626,0.3314285714285714,0.3056407559633366,0.15714285714285708,0.8371428571428572,0.0,0.04695837990374757
individual,P19,arousal,multimodal,gnb,all,all,5,0.33079365079365075,0.4583333333333333,0.3093915343915344,0.33079365079365075,0.31818384255165866,0.41428571428571426,0.5780952380952381,0.0,0.10498773158959358
individual,P19,arousal,eeg,svm,all,all,5,0.32666666666666666,0.5583333333333333,0.2211111111111111,0.32666666666666666,0.2578097165991902,0.1,0.8800000000000001,0.0,0.014907119849998597
individual,P19,arousal,multimodal,svm,20,20,5,0.32396825396825396,0.475,0.3067158839126803,0.32396825396825396,0.3079132975727403,0.1857142857142857,0.6695238095238095,0.11666666666666665,0.06805619186152623
individual,P19,arousal,multimodal,knn,5,5,5,0.3234920634920635,0.5083333333333333,0.2811019378511639,0.3234920634920635,0.2948274019868447,0.13333333333333333,0.7704761904761904,0.06666666666666667,0.04675674278344039
individual,P19,arousal,eeg,knn,all,all,5,0.32158730158730153,0.5083333333333333,0.2799299719887955,0.32158730158730153,0.2947237472959035,0.22380952380952382,0.740952380952381,0.0,0.04074142787849036
individual,P19,arousal,multimodal,knn,all,all,5,0.3206349206349206,0.4916666666666667,0.2925709996917427,0.3206349206349206,0.2960343226946643,0.2619047619047619,0.7,0.0,0.0787835840236722
individual,P19,arousal,eeg,knn,10,10,5,0.3142857142857142,0.5166666666666666,0.2686018968991105,0.3142857142857142,0.2865192213436995,0.16190476190476186,0.780952380952381,0.0,0.05748355226105338
individual,P19,arousal,multimodal,svm,10,10,5,0.30142857142857143,0.4916666666666667,0.2546825396825397,0.30142857142857143,0.2695256695116188,0.09999999999999999,0.7542857142857142,0.05,0.042637591661890656
individual,P19,arousal,face,svm,10,10,5,0.2965079365079365,0.5333333333333333,0.21573503917897505,0.2965079365079365,0.24855720030909523,0.02857142857142856,0.8609523809523809,0.0,0.030929987829618328
individual,P19,arousal,face,svm,20,10,5,0.2965079365079365,0.5333333333333333,0.21573503917897505,0.2965079365079365,0.24855720030909523,0.02857142857142856,0.8609523809523809,0.0,0.030929987829618328
individual,P19,arousal,face,svm,all,all,5,0.2965079365079365,0.5333333333333333,0.21573503917897505,0.2965079365079365,0.24855720030909523,0.02857142857142856,0.8609523809523809,0.0,0.030929987829618328
individual,P19,arousal,eeg,svm,10,10,5,0.2833333333333333,0.45,0.23254049445865302,0.2833333333333333,0.25142158557312816,0.03333333333333332,0.7,0.11666666666666665,0.05241100628920338
individual,P19,arousal,multimodal,knn,10,10,5,0.2828571428571428,0.45833333333333337,0.24732600732600735,0.2828571428571428,0.25735421441303796,0.1619047619047619,0.6866666666666668,0.0,0.0710607815090876
individual,P19,arousal,face,gnb,10,10,5,0.28095238095238095,0.4583333333333333,0.23488455988455986,0.28095238095238095,0.2530531478807341,0.061904761904761886,0.7142857142857142,0.06666666666666667,0.021236647873428063
individual,P19,arousal,face,gnb,20,10,5,0.28095238095238095,0.4583333333333333,0.23488455988455986,0.28095238095238095,0.2530531478807341,0.061904761904761886,0.7142857142857142,0.06666666666666667,0.021236647873428063
individual,P19,arousal,face,gnb,all,all,5,0.28095238095238095,0.4583333333333333,0.23488455988455986,0.28095238095238095,0.2530531478807341,0.061904761904761886,0.7142857142857142,0.06666666666666667,0.021236647873428063
individual,P19,arousal,multimodal,svm,5,5,5,0.266031746031746,0.475,0.21286043391306547,0.266031746031746,0.2315151515151515,0.02857142857142857,0.7695238095238095,0.0,0.04678637060810296
individual,P19,valence,face,svm,10,10,5,0.4311111111111111,0.5833333333333333,0.39942761945083927,0.4311111111111111,0.40713603425178374,0.36,0.7733333333333333,0.16,0.11156850301136756
individual,P19,valence,face,svm,20,10,5,0.4311111111111111,0.5833333333333333,0.39942761945083927,0.4311111111111111,0.40713603425178374,0.36,0.7733333333333333,0.16,0.11156850301136756
individual,P19,valence,face,svm,all,all,5,0.4311111111111111,0.5833333333333333,0.39942761945083927,0.4311111111111111,0.40713603425178374,0.36,0.7733333333333333,0.16,0.11156850301136756
individual,P19,valence,face,knn,5,5,5,0.4188888888888889,0.6,0.38687022042285196,0.4188888888888889,0.3932373522885856,0.22000000000000003,0.8266666666666665,0.21000000000000002,0.1887908242172855
individual,P19,valence,face,gnb,10,10,5,0.37222222222222223,0.4666666666666666,0.3909882927529986,0.37222222222222223,0.36945823560117214,0.36,0.5866666666666667,0.17,0.11069366025095152
individual,P19,valence,face,gnb,20,10,5,0.37222222222222223,0.4666666666666666,0.3909882927529986,0.37222222222222223,0.36945823560117214,0.36,0.5866666666666667,0.17,0.11069366025095152
individual,P19,valence,face,gnb,all,all,5,0.37222222222222223,0.4666666666666666,0.3909882927529986,0.37222222222222223,0.36945823560117214,0.36,0.5866666666666667,0.17,0.11069366025095152
individual,P19,valence,face,knn,10,10,5,0.3555555555555555,0.5083333333333333,0.3759869370395686,0.3555555555555555,0.3417100471461526,0.22999999999999998,0.7066666666666667,0.13,0.05746711351549222
individual,P19,valence,face,knn,20,10,5,0.3555555555555555,0.5083333333333333,0.3759869370395686,0.3555555555555555,0.3417100471461526,0.22999999999999998,0.7066666666666667,0.13,0.05746711351549222
individual,P19,valence,face,knn,all,all,5,0.3555555555555555,0.5083333333333333,0.3759869370395686,0.3555555555555555,0.3417100471461526,0.22999999999999998,0.7066666666666667,0.13,0.05746711351549222
individual,P19,valence,face,gnb,5,5,5,0.3488888888888889,0.5083333333333334,0.31164954870837225,0.3488888888888889,0.31866004036749307,0.08,0.7066666666666667,0.26,0.06459751934999393
individual,P19,valence,face,svm,5,5,5,0.3466666666666667,0.6,0.25597235843231264,0.3466666666666667,0.2929787767558665,0.0,0.9199999999999999,0.12,0.09375565826546213
individual,P19,valence,eeg,knn,5,5,5,0.34444444444444444,0.5333333333333333,0.31424963924963917,0.34444444444444444,0.32089987557729494,0.18,0.7733333333333332,0.08,0.04212708580028641
individual,P19,valence,multimodal,svm,10,10,5,0.34444444444444444,0.6,0.22910052910052903,0.34444444444444444,0.2716180371352785,0.1,0.9333333333333332,0.0,0.024845199749997632
individual,P19,valence,eeg,gnb,10,10,5,0.34111111111111103,0.4916666666666666,0.31646825396825395,0.34111111111111103,0.31649555355450787,0.19,0.6933333333333334,0.13999999999999999,0.08094732321579551
individual,P19,valence,multimodal,gnb,10,10,5,0.33888888888888885,0.4583333333333333,0.29136113886113885,0.33888888888888885,0.29925168631064064,0.24,0.6266666666666667,0.15,0.07463904912524666
individual,P19,valence,multimodal,knn,10,10,5,0.33777777777777773,0.5666666666666667,0.2885426731078905,0.33777777777777773,0.3023481002428371,0.08,0.8533333333333333,0.08,0.024343224778007346
individual,P19,valence,multimodal,svm,all,all,5,0.33666666666666667,0.5166666666666666,0.24733860910331495,0.33666666666666667,0.2767091242091242,0.2,0.76,0.05,0.07501028736031172
individual,P19,valence,multimodal,svm,5,5,5,0.3333333333333333,0.5916666666666667,0.2431699346405228,0.3333333333333333,0.278997668997669,0.0,0.9199999999999999,0.08,0.0471404520791032
individual,P19,valence,multimodal,knn,all,all,5,0.3322222222222222,0.5833333333333334,0.2697317569285532,0.3322222222222222,0.2883040179634606,0.0,0.9066666666666666,0.09,0.027329719724997408
individual,P19,valence,eeg,svm,5,5,5,0.3288888888888889,0.5833333333333333,0.24460091107149928,0.3288888888888889,0.2786028686028686,0.0,0.9066666666666666,0.08,0.059628479399994404
individual,P19,valence,multimodal,gnb,5,5,5,0.3288888888888889,0.5083333333333333,0.2996978557504873,0.3288888888888889,0.31073009849100924,0.05,0.7466666666666667,0.19,0.09241278838337322
individual,P19,valence,eeg,svm,20,20,5,0.32555555555555554,0.5083333333333334,0.2676731940031173,0.32555555555555554,0.2852980206927575,0.13999999999999999,0.7466666666666667,0.09,0.02876039801232173
individual,P19,valence,eeg,svm,all,all,5,0.31777777777777777,0.55,0.23120349182134076,0.31777777777777777,0.26360531797064296,0.1,0.8533333333333333,0.0,0.0345607355888795
individual,P19,valence,eeg,knn,all,all,5,0.3144444444444444,0.5666666666666667,0.22307189542483657,0.3144444444444444,0.2600641025641025,0.0,0.8933333333333333,0.05,0.020637972912229668
individual,P19,valence,multimodal,knn,5,5,5,0.3144444444444444,0.5,0.28037037037037027,0.3144444444444444,0.2916365073836338,0.04,0.7333333333333334,0.17,0.07366088463985432
individual,P19,valence,eeg,knn,10,10,5,0.31111111111111106,0.5333333333333333,0.2509088079676315,0.31111111111111106,0.2746522251694665,0.08,0.8133333333333332,0.04,0.058794473579213136
individual,P19,valence,eeg,svm,10,10,5,0.30666666666666664,0.5583333333333333,0.22062643239113822,0.30666666666666664,0.25450354200354197,0.04,0.8800000000000001,0.0,0.02897423291201179
individual,P19,valence,eeg,gnb,5,5,5,0.30333333333333334,0.5,0.2676510721247563,0.30333333333333334,0.28317018563697877,0.0,0.76,0.15,0.09857002273874164
individual,P19,valence,eeg,knn,20,20,5,0.29333333333333333,0.5,0.25995543672014254,0.29333333333333333,0.2682193053967247,0.08,0.76,0.04,0.05752079602464352
individual,P19,valence,multimodal,svm,20,20,5,0.29333333333333333,0.55,0.19917620137299769,0.29333333333333333,0.2367289263883691,0.0,0.8799999999999999,0.0,0.04554200340426488
individual,P19,valence,eeg,gnb,20,20,5,0.2899999999999999,0.425,0.2951283846872082,0.2899999999999999,0.28281385548905014,0.18,0.6,0.09,0.11826941413986822
individual,P19,valence,multimodal,knn,20,20,5,0.28888888888888886,0.525,0.23687051676182108,0.28888888888888886,0.25213061715608404,0.04,0.8266666666666665,0.0,0.07027283689263067
individual,P19,valence,multimodal,gnb,20,20,5,0.2677777777777777,0.38333333333333336,0.27548211048211046,0.2677777777777777,0.26681515164273784,0.13,0.5333333333333333,0.13999999999999999,0.12078702816461505
individual,P19,valence,multimodal,gnb,all,all,5,0.2544444444444444,0.3416666666666667,0.2607122507122507,0.2544444444444444,0.2491202871202871,0.13999999999999999,0.4533333333333333,0.17,0.09241278838337325
individual,P19,valence,eeg,gnb,all,all,5,0.2533333333333333,0.33333333333333337,0.2511952861952862,0.2533333333333333,0.24141365683301164,0.1,0.44000000000000006,0.22000000000000003,0.06474069836425432
