held_out_participant,train_rows,validation_rows,test_rows,best_epoch,best_validation_mse,validation_rmse,validation_mae,test_rmse,test_mae,dummy_validation_rmse,dummy_validation_mae,dummy_test_rmse,dummy_test_mae,validation_rmse_delta,test_rmse_delta,validation_ba,test_ba,test_accuracy
P01,4065,991,114,49,3.4597601890563965,1.8600430488586426,1.583838939666748,1.4874807596206665,1.2620030641555786,1.8501526568366586,1.5466177144112507,1.4683211412518886,1.246455622450961,0.00989039202198394,0.019159618368777886,0.5074488404967857,0.5505583126550868,0.5701754385964912
P02,4095,991,84,66,3.4639763832092285,1.8611761331558228,1.578728437423706,1.6818373203277588,1.4529845714569092,1.8514470943059869,1.5489604240361052,1.7387427627727245,1.4615733472876329,0.009729038849835892,-0.05690544244496576,0.5007509844838612,0.5061016949152543,0.6785714285714286
P03,4113,1004,53,37,3.3452813625335693,1.8290109634399414,1.520721197128296,2.1492762565612793,1.9361114501953125,1.8046420004109633,1.4808466111241878,2.16897363634741,1.9454146768873657,0.024368963028978063,-0.019697379786130842,0.5069812861322075,0.5,0.6037735849056604
P04,4043,1025,102,44,3.386590003967285,1.8402690887451172,1.5716485977172852,1.931496262550354,1.6203359365463257,1.869626864189889,1.5847823700101953,1.9389756533197653,1.6080492548243634,-0.029357775444771805,-0.007479390769411287,0.5419831021457719,0.45238095238095233,0.4803921568627451
P05,4049,1004,117,35,3.357304096221924,1.8322947025299072,1.5259989500045776,1.8820587396621704,1.6792935132980347,1.8043188641742227,1.480113381986994,1.8582313419230354,1.6577798042357192,0.027975838355684512,0.023827397739135003,0.5022115270204289,0.5008797653958944,0.47863247863247865
P06,4026,1025,119,53,3.364187002182007,1.834172010421753,1.5667933225631714,1.834426760673523,1.463897943496704,1.8677709049247258,1.5821969394060558,1.807470052744874,1.4349897932347304,-0.03359889450297282,0.026956707928649015,0.5396632407784512,0.48271276595744683,0.5126050420168067
P07,4087,967,116,45,3.4600918292999268,1.8601322174072266,1.5655182600021362,0.8184404969215393,0.5600801706314087,1.8479177925958197,1.5407060346461363,0.8159536961458831,0.49998523493330427,0.012214424811406888,0.002486800775656217,0.5120950121730445,0.5226449275362319,0.5603448275862069
P08,4054,1006,110,44,3.4890146255493164,1.8678903579711914,1.5835349559783936,1.5052863359451294,1.3162356615066528,1.8584643718649065,1.549833706198919,1.3979289223450984,1.2177243575368883,0.009425986106284867,0.10735741360003104,0.5146843634714866,0.44146825396825395,0.43636363636363634
P09,4019,1034,117,48,3.444563627243042,1.855953574180603,1.5980151891708374,2.063474655151367,1.8579093217849731,1.9051456623035983,1.623196249151155,2.093802258084512,1.8675160508950015,-0.04919208812299525,-0.03032760293314496,0.5472401476131273,0.4819148936170213,0.5641025641025641
P10,4016,1034,120,47,3.450761079788208,1.8576223850250244,1.59342360496521,1.9643983840942383,1.679693341255188,1.905842168434815,1.624003020798816,2.002760055650818,1.6697875166002656,-0.048219783409790606,-0.03836167155657977,0.5463619679119057,0.49,0.525
P11,4047,1003,120,36,2.9895968437194824,1.729045033454895,1.4324766397476196,2.156651735305786,1.8962215185165405,1.7091823698322044,1.4018601472577574,2.1488999326389404,1.8870933201548472,0.019862663622690624,0.00775180266684572,0.48080784582608904,0.5011123470522802,0.5
P12,4026,1024,120,42,3.389193534851074,1.8409762382507324,1.5438326597213745,1.9612765312194824,1.5980886220932007,1.8298091272592851,1.5146169041852957,1.8975107386641097,1.5350140751780097,0.011167110991447293,0.06376579255537274,0.4829680123797771,0.45634920634920634,0.2833333333333333
P13,4063,1012,95,55,3.0558390617370605,1.7480958700180054,1.47451913356781,1.2796932458877563,0.995083212852478,1.74962043703368,1.4605394872652948,1.2813819477083817,0.9265075067683977,-0.001524567015674716,-0.0016887018206253046,0.5377427184466019,0.5420866935483871,0.6631578947368421
P14,4031,1027,112,51,3.4021553993225098,1.8444932699203491,1.5567089319229126,2.5053980350494385,2.356112241744995,1.8178189334753512,1.5230923343117133,2.485942049256849,2.3397995889003087,0.026674336444997948,0.01945598579258956,0.4691990544989313,0.4496322353693636,0.44642857142857145
P15,3988,1070,112,68,3.034822463989258,1.7420742511749268,1.424538016319275,1.739945650100708,1.3718055486679077,1.7333578657435598,1.4026598487049937,1.774066414276276,1.3651355853274107,0.00871638543136699,-0.034120764175568086,0.5056989247311828,0.5704125177809388,0.6607142857142857
P16,4027,1027,116,30,3.6641242504119873,1.9141902923583984,1.6275928020477295,1.736280083656311,1.5401722192764282,1.8982238544954877,1.5931094614758363,1.693713865451383,1.475525119238245,0.015966437862910743,0.04256621820492801,0.49745828988529717,0.4519115890083632,0.47413793103448276
P17,4020,1031,119,39,3.4395434856414795,1.8546005487442017,1.554039716720581,1.8506228923797607,1.6040587425231934,1.8554744676580246,1.5513028938720557,1.8136893044699538,1.5884422425686688,-0.0008739189138229353,0.03693358790980694,0.5153509442617937,0.5071756601607348,0.4789915966386555
P18,4086,966,118,62,3.0603091716766357,1.7493739128112793,1.474237084388733,2.2092020511627197,1.8518155813217163,1.7485813307943934,1.4555331592297693,1.8136621614386939,1.627699378614036,0.0007925820168859232,0.3955398897240259,0.5143794023693156,0.4003451251078516,0.4067796610169492
P19,4084,966,120,33,3.6400725841522217,1.9078974723815918,1.6400091648101807,1.6186423301696777,1.261468529701233,1.9026512721461701,1.623918417173112,1.6124015157344231,1.2187234737185766,0.005246200235421661,0.0062408144352545936,0.5036231884057971,0.5007550588945938,0.5833333333333334
P20,4046,1031,93,38,3.5947656631469727,1.895986795425415,1.6029154062271118,1.6527575254440308,1.399743676185608,1.8770055211357255,1.565694561044592,1.6556467933346593,1.3870834861458814,0.018981274289689543,-0.0028892678906284885,0.485562144452486,0.5048566142460684,0.5053763440860215
P21,4038,1024,108,31,3.637242078781128,1.9071555137634277,1.6144108772277832,2.074758529663086,1.8783676624298096,1.9088589996263754,1.5993423802005944,2.1041738310143794,1.9129932309724285,-0.0017034858629476624,-0.029415301351293444,0.5283324518618636,0.4734939759036144,0.6203703703703703
P22,4006,1047,117,67,3.6421756744384766,1.908448576927185,1.6147514581680298,2.307614803314209,2.0801804065704346,1.8866983768482548,1.5981614970095004,2.3240026649917955,2.091793933032076,0.02175020007893025,-0.016387861677586546,0.4859779526626342,0.4492797118847539,0.49572649572649574
P23,4005,1047,118,60,3.649317741394043,1.9103187322616577,1.615687608718872,2.0451133251190186,1.8258023262023926,1.886712456179604,1.5983959878232439,2.122450853383917,1.879959372817876,0.02360627608205368,-0.07733752826489848,0.4942345990686518,0.5598935226264419,0.6271186440677966
P24,3995,1058,117,42,3.4790713787078857,1.8652268648147583,1.5482953786849976,2.461688995361328,2.3416075706481934,1.8509586638305118,1.5077734218813215,2.447783132445076,2.3333932372730866,0.014268200984246526,0.013905862916252065,0.5047059262576503,0.5099706744868036,0.48717948717948717
P25,3988,1062,120,2,3.8265085220336914,1.9561463594436646,1.6450104713439941,1.8382600545883179,1.6253206729888916,1.9086567014166795,1.5999892332364325,1.804960660318738,1.6415830825810767,0.047489658026985015,0.03329939426957984,0.5267350172090397,0.49242424242424243,0.49166666666666664
P26,4006,1046,118,58,3.3517494201660156,1.8307783603668213,1.5245318412780762,2.2231128215789795,1.98086416721344,1.8322026444649209,1.516344985389984,2.2328251236656924,1.9868756187752272,-0.001424284098099582,-0.00971230208671292,0.5123014339163818,0.5233100233100233,0.5169491525423728
P27,4094,987,89,61,2.7323412895202637,1.6529794931411743,1.3356115818023682,1.6224013566970825,1.3385165929794312,1.6469228049705893,1.3116882441945585,1.6072844564301414,1.3165470982473666,0.006056688170585023,0.015116900266941125,0.5088841644118026,0.48477011494252875,0.449438202247191
P28,4064,995,111,44,3.5051510334014893,1.8722048997879028,1.553812026977539,1.6360293626785278,1.2839351892471313,1.8672036176652989,1.5308891900447117,1.6048972940102402,1.2270119528977799,0.005001282122603978,0.03113206866828766,0.5336133571794419,0.5416666666666666,0.5045045045045045
P29,3996,1065,109,73,3.627450704574585,1.904586672782898,1.5812489986419678,1.9066739082336426,1.640197515487671,1.908126005716632,1.5592423409324818,1.9391678970569797,1.6700691517205277,-0.003539332933734096,-0.032493988823337094,0.512352975619753,0.565625,0.5596330275229358
P30,3999,1051,120,41,3.875511407852173,1.9686318635940552,1.6826441287994385,1.9341787099838257,1.685442328453064,1.9737115187701577,1.6860197447078231,1.8868595689502252,1.619211052763191,-0.005079655176102538,0.047319141033600465,0.5209562775596166,0.4772158933036955,0.475
P31,4129,922,119,60,3.7718749046325684,1.942131519317627,1.657634973526001,2.135348081588745,1.966089129447937,1.9387019852682053,1.6541456677256108,2.1315175642667015,1.9588440849820188,0.003429534049421701,0.0038305173220436473,0.5106020936143327,0.4506783493499152,0.453781512605042
P32,3999,1051,120,46,3.8964145183563232,1.9739338159561157,1.6849677562713623,1.5166963338851929,1.2158153057098389,1.973812830056355,1.6865122560373678,1.5283182647314861,1.2131387013420019,0.00012098589976061724,-0.01162193084629326,0.520619894843838,0.4905450500556173,0.48333333333333334
P33,4002,1051,117,36,3.901742935180664,1.9752830266952515,1.6894880533218384,1.675076961517334,1.4514282941818237,1.9737807216612617,1.6863578201384561,1.6614095771224782,1.4478807604744635,0.001502305033989737,0.01366738439485582,0.5209251987217457,0.4671052631578947,0.47863247863247865
P34,3984,1071,115,2,4.177680492401123,2.0439374446868896,1.7385104894638062,1.788368821144104,1.5386408567428589,1.997064917211191,1.704521165896077,1.774904209620407,1.5377684651650072,0.0468725274756987,0.013464611523696934,0.5330523136265014,0.5544154228855721,0.5565217391304348
P35,4003,1053,114,103,3.8083388805389404,1.9514966011047363,1.6525577306747437,2.0703043937683105,1.8983136415481567,1.9681867600355298,1.6665587229331085,2.106089669828864,1.9197224888351276,-0.01669015893079351,-0.03578527606055326,0.5358693280977312,0.49410669975186106,0.5087719298245614
P36,4129,939,102,60,3.3269636631011963,1.823996663093567,1.5601062774658203,2.1080162525177,1.8832238912582397,1.8192635172510712,1.548894788440215,2.1045632477239584,1.8828183247142403,0.004733145842495734,0.0034530047937417763,0.4949646314221891,0.5512422360248447,0.5392156862745098
P37,4107,956,107,91,3.1921207904815674,1.7866507768630981,1.5079816579818726,1.7711186408996582,1.4270368814468384,1.8091760065945142,1.5220360584490404,1.716294409122245,1.3499996586634628,-0.02252522973141602,0.054824231777413246,0.5555489024612014,0.5,0.42990654205607476
P38,4069,981,120,88,3.272831439971924,1.8090969324111938,1.5341216325759888,1.673581600189209,1.4244707822799683,1.8075231699176517,1.528198714879842,1.6289377992032603,1.3707217170475956,0.0015737624935421302,0.04464380098594867,0.5295900178253119,0.4689565967231963,0.525
P39,4005,1047,118,63,3.6398816108703613,1.9078474044799805,1.5890995264053345,1.393320083618164,1.0883268117904663,1.8648515513395258,1.556221628408615,1.3452082030835326,1.0128039103662794,0.04299585314045462,0.048111880534631446,0.4930223492723493,0.5393939393939394,0.3898305084745763
P40,3987,1063,120,83,3.7935447692871094,1.947702407836914,1.6443647146224976,2.1068475246429443,1.8421775102615356,1.9370897188273304,1.6347895476856698,2.1006117610690502,1.8232296630716496,0.010612689009583676,0.006235763573894104,0.4749447270697834,0.4747474747474747,0.48333333333333334
P41,3987,1066,117,79,3.864985704421997,1.965956687927246,1.671035885810852,1.94938325881958,1.6171252727508545,1.9560360320449925,1.6604438157595676,1.938416963183263,1.5943225740065472,0.009920655882253548,0.010966295636317014,0.4901413009072706,0.41730769230769227,0.39316239316239315
P42,3984,1066,120,73,3.868340492248535,1.9668097496032715,1.6715561151504517,1.3996378183364868,1.1919530630111694,1.9559733950168554,1.6599691448721718,1.4044959672901594,1.1836094377510038,0.010836354586416075,-0.004858148953672536,0.5052814459425337,0.4847285067873303,0.5083333333333333
P43,4065,985,120,60,3.642390727996826,1.908504843711853,1.6012791395187378,1.3375552892684937,1.067445158958435,1.9285273175298097,1.585359482021216,1.3068020664850304,0.9807154571545716,-0.020022473817956632,0.030753222783463263,0.5276565915166714,0.5140440954394443,0.6333333333333333
P44,4010,1041,119,86,3.4572091102600098,1.859357237815857,1.5800315141677856,2.50872540473938,2.2519068717956543,1.8299068379983974,1.5623120393061536,2.404444914232494,2.165940191537962,0.02945039981745956,0.10428049050688593,0.49282058888971303,0.5095238095238095,0.31932773109243695
P45,4041,1009,120,63,3.1756973266601562,1.7820487022399902,1.4350125789642334,1.4322391748428345,1.168567419052124,1.7772571126425944,1.4083741255696993,1.4575357102718733,1.1791285160438834,0.0047915895973957845,-0.02529653542903887,0.5272811240951569,0.5613553113553114,0.6583333333333333
P46,4071,981,118,66,4.260340213775635,2.064059257507324,1.8024704456329346,1.5610857009887695,1.2864309549331665,2.0734923958369196,1.797556171032471,1.5293758046540409,1.2546494635474563,-0.009433138329595359,0.03170989633472865,0.49917673587474476,0.4864705882352941,0.4661016949152542
